/m/01swdw;/business/business_operation/industry;/m/020mfr;/m/01qckn;/organization/organization/child./organization/organization_relationship/child;/m/01swdw;7.9234605;1;9.0402355;1;9.052833;1;0.4968507706335597;7.576488256454468
/m/01swdw;/business/business_operation/industry;/m/020mfr;/m/01swdw;/organization/organization/headquarters./location/mailing_address/citytown;/m/024bqj;7.9234605;1;9.0402355;1;8.955069;1;0.5212788723174102;1.0561964511871338
/m/01swdw;/business/business_operation/industry;/m/020mfr;/m/01swdw;/business/business_operation/industry;/m/01mw1;7.9234605;1;9.0402355;1;6.6007347;2;1.9197902671420528;1.036012887954712
/m/01swdw;/business/business_operation/industry;/m/020mfr;/m/01swdw;/organization/organization/headquarters./location/mailing_address/citytown;/m/0gp5l6;7.9234605;1;9.0402355;1;9.402875;1;0.4103207855430605;1.0192749500274658
/m/01swdw;/business/business_operation/industry;/m/020mfr;/m/01swdw;/organization/organization/place_founded;/m/0gp5l6;7.9234605;1;9.0402355;1;9.431045;1;0.40352255136677834;1.0034117698669434
/m/019v67;/business/business_operation/industry;/m/02vxn;/m/035s95;/film/film/production_companies;/m/019v67;6.434649;1;8.326188;1;8.29644;1;0.507436442344757;6.431155204772949
/m/019v67;/business/business_operation/industry;/m/02vxn;/m/019v67;/film/film_distributor/films_distributed./film/film_film_distributor_relationship/film;/m/0125xq;6.434649;1;8.326188;1;8.086298;1;0.5596865656101355;1.0268661975860596
/m/019v67;/business/business_operation/industry;/m/02vxn;/m/019v67;/film/film_distributor/films_distributed./film/film_film_distributor_relationship/film;/m/0422v0;6.434649;1;8.326188;1;8.404859;1;0.48034251195494676;1.0233533382415771
/m/019v67;/business/business_operation/industry;/m/02vxn;/m/02gd6x;/film/film/production_companies;/m/019v67;6.434649;1;8.326188;1;8.33277;1;0.4983544409083482;1.0294206142425537
/m/019v67;/business/business_operation/industry;/m/02vxn;/m/019v67;/common/topic/webpage./common/webpage/category;/m/08mbj5d;6.434649;1;8.326188;1;6.566516;1;0.8531685964157236;1.0104498863220215
/m/019v67;/business/business_operation/industry;/m/02vxn;/m/019v67;/film/film_distributor/films_distributed./film/film_film_distributor_relationship/film;/m/035s95;6.434649;1;8.326188;1;8.384268;1;0.485484150355188;1.028900384902954
/m/019v67;/business/business_operation/industry;/m/02vxn;/m/019v67;/film/film_distributor/films_distributed./film/film_film_distributor_relationship/film;/m/03clwtw;6.434649;1;8.326188;1;7.977032;1;0.586412872605681;1.0296413898468018
/m/019v67;/business/business_operation/industry;/m/02vxn;/m/048xyn;/film/film/production_companies;/m/019v67;6.434649;1;8.326188;1;8.391855;1;0.4835891086944879;1.0296130180358887
/m/019v67;/business/business_operation/industry;/m/02vxn;/m/019v67;/film/film_distributor/films_distributed./film/film_film_distributor_relationship/film;/m/01dvbd;6.434649;1;8.326188;1;8.265242;1;0.515231901554437;1.0267415046691895
/m/019v67;/business/business_operation/industry;/m/02vxn;/m/019v67;/organization/organization/headquarters./location/mailing_address/citytown;/m/01j2_7;6.434649;1;8.326188;1;8.372705;1;0.48837275354173904;1.0285203456878662
/m/02byfd;/people/person/spouse_s./people/marriage/type_of_union;/m/04ztj;/m/02byfd;/people/person/places_lived./people/place_lived/location;/m/030qb3t;8.599927;1;9.66506;1;9.680396;1;0.49616606597236995;6.9579384326934814
/m/02byfd;/people/person/spouse_s./people/marriage/type_of_union;/m/04ztj;/m/02byfd;/people/person/spouse_s./people/marriage/location_of_ceremony;/m/0b90_r;8.599927;1;9.66506;1;9.5979;1;0.5167836052274081;1.0603718757629395
/m/02byfd;/people/person/spouse_s./people/marriage/type_of_union;/m/04ztj;/m/02byfd;/people/person/nationality;/m/09c7w0;8.599927;1;9.66506;1;9.414309;1;0.5623614608562159;1.0584442615509033
/m/02byfd;/people/person/spouse_s./people/marriage/type_of_union;/m/04ztj;/m/02byfd;/people/person/place_of_birth;/m/030qb3t;8.599927;1;9.66506;1;9.665177;1;0.4999706745148041;1.0570945739746094
/m/02byfd;/people/person/spouse_s./people/marriage/type_of_union;/m/04ztj;/m/02byfd;/base/popstra/celebrity/friendship./base/popstra/friendship/participant;/m/029q_y;8.599927;1;9.66506;1;9.7432375;1;0.4804655850280128;1.0586116313934326
/m/02byfd;/people/person/spouse_s./people/marriage/type_of_union;/m/04ztj;/m/06w6_;/people/person/spouse_s./people/marriage/spouse;/m/02byfd;8.599927;1;9.66506;1;9.733037;1;0.48301230308567095;1.0596897602081299
/m/02byfd;/people/person/spouse_s./people/marriage/type_of_union;/m/04ztj;/m/029q_y;/base/popstra/celebrity/friendship./base/popstra/friendship/participant;/m/02byfd;8.599927;1;9.66506;1;9.747895;1;0.4793030339304356;1.0601365566253662
/m/02byfd;/people/person/spouse_s./people/marriage/type_of_union;/m/04ztj;/m/02byfd;/award/award_nominee/award_nominations./award/award_nomination/award;/m/04ljl_l;8.599927;1;9.66506;1;9.640917;1;0.5060355115789114;1.0589749813079834
/m/02byfd;/people/person/spouse_s./people/marriage/type_of_union;/m/04ztj;/m/02byfd;/people/person/gender;/m/05zppz;8.599927;1;9.66506;1;9.306652;1;0.5886549949599253;1.062058925628662
/m/02byfd;/people/person/spouse_s./people/marriage/type_of_union;/m/04ztj;/m/02byfd;/film/actor/film./film/performance/film;/m/043h78;8.599927;1;9.66506;1;9.70764;1;0.4893566952812933;1.0588688850402832
/m/02byfd;/people/person/spouse_s./people/marriage/type_of_union;/m/04ztj;/m/02byfd;/people/person/profession;/m/0dxtg;8.599927;1;9.66506;1;9.480573;1;0.545991464133392;1.0603001117706299
/m/02byfd;/people/person/spouse_s./people/marriage/type_of_union;/m/04ztj;/m/027s4dn;/award/award_category/winners./award/award_honor/award_winner;/m/02byfd;8.599927;1;9.66506;1;9.743784;1;0.4803291811654007;1.0599901676177979
/m/02byfd;/people/person/spouse_s./people/marriage/type_of_union;/m/04ztj;/m/01qhm_;/people/ethnicity/people;/m/02byfd;8.599927;1;9.66506;1;9.650394;1;0.503666335196733;1.0638883113861084
/m/02byfd;/people/person/spouse_s./people/marriage/type_of_union;/m/04ztj;/m/02byfd;/award/award_nominee/award_nominations./award/award_nomination/award_nominee;/m/01x9_8;8.599927;1;9.66506;1;9.738503;1;0.4816473954594419;1.059648036956787
/m/02byfd;/people/person/spouse_s./people/marriage/type_of_union;/m/04ztj;/m/02byfd;/people/person/employment_history./business/employment_tenure/company;/m/0gy1_;8.599927;1;9.66506;1;9.656396;1;0.5021660192414104;1.0598304271697998
/m/02byfd;/people/person/spouse_s./people/marriage/type_of_union;/m/04ztj;/m/02byfd;/award/award_nominee/award_nominations./award/award_nomination/award;/m/027s4dn;8.599927;1;9.66506;1;9.780924;1;0.4710664108029149;1.0593338012695312
/m/02byfd;/people/person/spouse_s./people/marriage/type_of_union;/m/04ztj;/m/02byfd;/people/person/profession;/m/03gjzk;8.599927;1;9.66506;1;9.573519;1;0.5228693547343078;1.0601394176483154
/m/02byfd;/people/person/spouse_s./people/marriage/type_of_union;/m/04ztj;/m/02byfd;/base/popstra/celebrity/dated./base/popstra/dated/participant;/m/01pgk0;8.599927;1;9.66506;1;9.731191;1;0.4834733629722501;1.060678243637085
/m/02byfd;/people/person/spouse_s./people/marriage/type_of_union;/m/04ztj;/m/01pgk0;/base/popstra/celebrity/dated./base/popstra/dated/participant;/m/02byfd;8.599927;1;9.66506;1;9.731487;1;0.4833992961660321;1.0593700408935547
/m/02byfd;/people/person/spouse_s./people/marriage/type_of_union;/m/04ztj;/m/01x9_8;/award/award_nominee/award_nominations./award/award_nomination/award_nominee;/m/02byfd;8.599927;1;9.66506;1;9.739153;1;0.4814852530926253;1.0678081512451172
/m/023s8;/people/person/gender;/m/02zsn;/m/023s8;/award/award_winner/awards_won./award/award_honor/award_winner;/m/01pcz9;7.8265452;1;8.594027;1;8.627956;1;0.49151835747268596;7.029386520385742
/m/023s8;/people/person/gender;/m/02zsn;/m/023s8;/award/award_winner/awards_won./award/award_honor/award_winner;/m/01qr1_;7.8265452;1;8.594027;1;8.632274;1;0.49043938832818945;1.1391468048095703
/m/023s8;/people/person/gender;/m/02zsn;/m/01pcz9;/award/award_nominee/award_nominations./award/award_nomination/award_nominee;/m/023s8;7.8265452;1;8.594027;1;8.636265;1;0.4894420107662863;1.1392486095428467
/m/023s8;/people/person/gender;/m/02zsn;/m/023s8;/award/award_nominee/award_nominations./award/award_nomination/award_nominee;/m/011zd3;7.8265452;1;8.594027;1;8.634022;1;0.49000253426920715;1.1397807598114014
/m/023s8;/people/person/gender;/m/02zsn;/m/01qr1_;/award/award_nominee/award_nominations./award/award_nomination/award_nominee;/m/023s8;7.8265452;1;8.594027;1;8.64017;1;0.48846616348914335;1.1398346424102783
/m/023s8;/people/person/gender;/m/02zsn;/m/011zd3;/award/award_nominee/award_nominations./award/award_nomination/award_nominee;/m/023s8;7.8265452;1;8.594027;1;8.634577;1;0.48986383090510927;1.139639139175415
/m/023s8;/people/person/gender;/m/02zsn;/m/023s8;/award/award_nominee/award_nominations./award/award_nomination/award_nominee;/m/01qr1_;7.8265452;1;8.594027;1;8.639222;1;0.48870302802329024;1.1385419368743896
/m/023s8;/people/person/gender;/m/02zsn;/m/01pcz9;/award/award_winner/awards_won./award/award_honor/award_winner;/m/023s8;7.8265452;1;8.594027;1;8.625442;1;0.4921468994281383;1.1358416080474854
/m/023s8;/people/person/gender;/m/02zsn;/m/011zd3;/award/award_winner/awards_won./award/award_honor/award_winner;/m/023s8;7.8265452;1;8.594027;1;8.626186;1;0.49196074154924274;1.1395833492279053
/m/023s8;/people/person/gender;/m/02zsn;/m/023s8;/award/award_winner/awards_won./award/award_honor/award_winner;/m/011zd3;7.8265452;1;8.594027;1;8.6278305;1;0.4915498197027298;1.1388025283813477
/m/023s8;/people/person/gender;/m/02zsn;/m/01qr1_;/award/award_winner/awards_won./award/award_honor/award_winner;/m/023s8;7.8265452;1;8.594027;1;8.630693;1;0.4908343093559112;1.1404435634613037
/m/023s8;/people/person/gender;/m/02zsn;/m/016z2j;/award/award_nominee/award_nominations./award/award_nomination/award_nominee;/m/023s8;7.8265452;1;8.594027;1;8.61988;1;0.49353707071260106;1.1380577087402344
/m/023s8;/people/person/gender;/m/02zsn;/m/0vjr;/award/award_winning_work/awards_won./award/award_honor/award_winner;/m/023s8;7.8265452;1;8.594027;1;8.615054;1;0.4947433024390836;1.138868808746338
/m/023s8;/people/person/gender;/m/02zsn;/m/016z2j;/base/popstra/celebrity/canoodled./base/popstra/canoodled/participant;/m/023s8;7.8265452;1;8.594027;1;8.597051;1;0.49924397526183467;1.1400132179260254
/m/023s8;/people/person/gender;/m/02zsn;/m/0mdqp;/base/popstra/celebrity/dated./base/popstra/dated/participant;/m/023s8;7.8265452;1;8.594027;1;8.589342;1;0.5011711099189726;1.140381097793579
/m/023s8;/people/person/gender;/m/02zsn;/m/05sdxx;/award/award_nominee/award_nominations./award/award_nomination/award_nominee;/m/023s8;7.8265452;1;8.594027;1;8.614247;1;0.4949449831069879;1.139580249786377
/m/023s8;/people/person/gender;/m/02zsn;/m/0c0k1;/base/popstra/celebrity/dated./base/popstra/dated/participant;/m/023s8;7.8265452;1;8.594027;1;8.60015;1;0.49846911908730507;1.1437819004058838
/m/023s8;/people/person/gender;/m/02zsn;/m/023s8;/award/award_nominee/award_nominations./award/award_nomination/award;/m/09qj50;7.8265452;1;8.594027;1;8.455913;1;0.534473711108127;1.1404736042022705
/m/023s8;/people/person/gender;/m/02zsn;/m/0vjr;/tv/tv_program/regular_cast./tv/regular_tv_appearance/actor;/m/023s8;7.8265452;1;8.594027;1;8.581321;1;0.5031764079968903;1.1393797397613525
/m/023s8;/people/person/gender;/m/02zsn;/m/023s8;/people/person/spouse_s./people/marriage/location_of_ceremony;/m/0f25y;7.8265452;1;8.594027;1;8.595561;1;0.49961638458149654;1.139568567276001
/m/01wwvc5;/people/person/nationality;/m/09c7w0;/m/01wwvc5;/award/award_nominee/award_nominations./award/award_nomination/award_nominee;/m/01wgxtl;7.420977;1;8.282194;1;8.305391;1;0.4942009665222213;7.214357852935791
/m/01wwvc5;/people/person/nationality;/m/09c7w0;/m/01wwvc5;/people/person/places_lived./people/place_lived/location;/m/0ftxw;7.420977;1;8.282194;1;8.23932;1;0.5107169424462179;1.3424856662750244
/m/01wwvc5;/people/person/nationality;/m/09c7w0;/m/01q32bd;/award/award_nominee/award_nominations./award/award_nomination/award_nominee;/m/01wwvc5;7.420977;1;8.282194;1;8.305559;1;0.4941590105377163;1.3494327068328857
/m/01wwvc5;/people/person/nationality;/m/09c7w0;/m/01wwvc5;/award/award_nominee/award_nominations./award/award_nomination/award_nominee;/m/01wwvd2;7.420977;1;8.282194;1;8.3198185;1;0.4905950196593345;1.3491382598876953
/m/01wwvc5;/people/person/nationality;/m/09c7w0;/m/01wwvc5;/people/person/place_of_birth;/m/0ftxw;7.420977;1;8.282194;1;8.225182;1;0.5142492800122261;1.3474483489990234
/m/01wwvc5;/people/person/nationality;/m/09c7w0;/m/02x8fs;/award/award_winning_work/awards_won./award/award_honor/award_winner;/m/01wwvc5;7.420977;1;8.282194;1;8.264993;1;0.5043002498787336;1.3500134944915771
/m/01wwvc5;/people/person/nationality;/m/09c7w0;/m/01wwvc5;/award/award_nominee/award_nominations./award/award_nomination/award_nominee;/m/02l840;7.420977;1;8.282194;1;8.2871275;1;0.49876666319172064;1.3511228561401367
/m/01wwvc5;/people/person/nationality;/m/09c7w0;/m/01wwvc5;/award/award_winner/awards_won./award/award_honor/award_winner;/m/086qd;7.420977;1;8.282194;1;8.304699;1;0.4943740358151367;1.3522398471832275
/m/01wwvc5;/people/person/nationality;/m/09c7w0;/m/01wwvc5;/award/award_nominee/award_nominations./award/award_nomination/nominated_for;/m/0258dh;7.420977;1;8.282194;1;8.267191;1;0.5037507307304387;1.3487987518310547
/m/01wwvc5;/people/person/nationality;/m/09c7w0;/m/01vw20h;/award/award_nominee/award_nominations./award/award_nomination/award_nominee;/m/01wwvc5;7.420977;1;8.282194;1;8.295038;1;0.4967890227195927;1.348088264465332
/m/01wwvc5;/people/person/nationality;/m/09c7w0;/m/01wwvc5;/award/award_nominee/award_nominations./award/award_nomination/award_nominee;/m/0677ng;7.420977;1;8.282194;1;8.311827;1;0.4925923999466337;1.3488531112670898
/m/01wwvc5;/people/person/nationality;/m/09c7w0;/m/01wwvc5;/award/award_nominee/award_nominations./award/award_nomination/award_nominee;/m/026yqrr;7.420977;1;8.282194;1;8.301384;1;0.49520268856781013;1.3508551120758057
/m/01wwvc5;/people/person/nationality;/m/09c7w0;/m/026yqrr;/award/award_nominee/award_nominations./award/award_nomination/award_nominee;/m/01wwvc5;7.420977;1;8.282194;1;8.302442;1;0.49493830807001843;1.3528578281402588
/m/01wwvc5;/people/person/nationality;/m/09c7w0;/m/01wwvc5;/people/person/spouse_s./people/marriage/type_of_union;/m/04ztj;7.420977;1;8.282194;1;8.064444;1;0.5542235542698438;1.3534483909606934
/m/01wwvc5;/people/person/nationality;/m/09c7w0;/m/01ws9n6;/award/award_nominee/award_nominations./award/award_nomination/award_nominee;/m/01wwvc5;7.420977;1;8.282194;1;8.310152;1;0.49301097617380296;1.348473310470581
/m/01wwvc5;/people/person/nationality;/m/09c7w0;/m/01wwvd2;/award/award_nominee/award_nominations./award/award_nomination/award_nominee;/m/01wwvc5;7.420977;1;8.282194;1;8.32053;1;0.49041722352603423;1.3491706848144531
/m/01wwvc5;/people/person/nationality;/m/09c7w0;/m/01wwvc5;/award/award_nominee/award_nominations./award/award_nomination/award_nominee;/m/01vw20h;7.420977;1;8.282194;1;8.294697;1;0.49687437314352884;1.3511230945587158
/m/01wwvc5;/people/person/nationality;/m/09c7w0;/m/01mxqyk;/award/award_winner/awards_won./award/award_honor/award_winner;/m/01wwvc5;7.420977;1;8.282194;1;8.316168;1;0.4915073933779894;1.3475596904754639
/m/01wwvc5;/people/person/nationality;/m/09c7w0;/m/02l840;/award/award_nominee/award_nominations./award/award_nomination/award_nominee;/m/01wwvc5;7.420977;1;8.282194;1;8.2872305;1;0.49874091414514177;1.3463621139526367
/m/01wwvc5;/people/person/nationality;/m/09c7w0;/m/01wwvc5;/award/award_nominee/award_nominations./award/award_nomination/award_nominee;/m/0837ql;7.420977;1;8.282194;1;8.313426;1;0.4921926645686739;1.349137544631958
/m/06dv3;/award/award_nominee/award_nominations./award/award_nomination/award;/m/09sb52;/m/06dv3;/film/actor/film./film/performance/film;/m/09m6kg;7.7384;1;9.349397;1;9.341192;1;0.5020511035305009;7.543466329574585
/m/06dv3;/award/award_nominee/award_nominations./award/award_nomination/award;/m/09sb52;/m/0kszw;/award/award_winner/awards_won./award/award_honor/award_winner;/m/06dv3;7.7384;1;9.349397;1;9.353775;1;0.4989054220519028;1.5292282104492188
/m/06dv3;/award/award_nominee/award_nominations./award/award_nomination/award;/m/09sb52;/m/06dv3;/award/award_nominee/award_nominations./award/award_nomination/award_nominee;/m/01chc7;7.7384;1;9.349397;1;9.356204;1;0.4982981747542079;1.5303871631622314
/m/06dv3;/award/award_nominee/award_nominations./award/award_nomination/award;/m/09sb52;/m/027bs_2;/award/award_nominee/award_nominations./award/award_nomination/award_nominee;/m/06dv3;7.7384;1;9.349397;1;9.353772;1;0.49890613730421457;1.5310347080230713
/m/06dv3;/award/award_nominee/award_nominations./award/award_nomination/award;/m/09sb52;/m/05mc99;/award/award_nominee/award_nominations./award/award_nomination/award_nominee;/m/06dv3;7.7384;1;9.349397;1;9.361222;1;0.49704364407142354;1.530585765838623
/m/06dv3;/award/award_nominee/award_nominations./award/award_nomination/award;/m/09sb52;/m/06dv3;/film/actor/film./film/performance/film;/m/0btbyn;7.7384;1;9.349397;1;9.347748;1;0.5004122256298672;1.531263828277588
/m/06dv3;/award/award_nominee/award_nominations./award/award_nomination/award;/m/09sb52;/m/0fgg4;/award/award_nominee/award_nominations./award/award_nomination/award_nominee;/m/06dv3;7.7384;1;9.349397;1;9.356961;1;0.49810887284845057;1.5314841270446777
/m/06dv3;/award/award_nominee/award_nominations./award/award_nomination/award;/m/09sb52;/m/06dv3;/award/award_winner/awards_won./award/award_honor/award_winner;/m/0kszw;7.7384;1;9.349397;1;9.353689;1;0.49892687962319093;1.529461145401001
/m/06dv3;/award/award_nominee/award_nominations./award/award_nomination/award;/m/09sb52;/m/06dv3;/award/award_nominee/award_nominations./award/award_nomination/award_nominee;/m/0fgg4;7.7384;1;9.349397;1;9.357119;1;0.4980695343574493;1.5304770469665527
/m/06dv3;/award/award_nominee/award_nominations./award/award_nomination/award;/m/09sb52;/m/06dv3;/award/award_nominee/award_nominations./award/award_nomination/award_nominee;/m/04mg6l;7.7384;1;9.349397;1;9.351303;1;0.4995234014047195;1.5321831703186035
/m/06dv3;/award/award_nominee/award_nominations./award/award_nomination/award;/m/09sb52;/m/03cglm;/award/award_nominee/award_nominations./award/award_nomination/award_nominee;/m/06dv3;7.7384;1;9.349397;1;9.354975;1;0.4986054933466194;1.530773639678955
/m/06dv3;/award/award_nominee/award_nominations./award/award_nomination/award;/m/09sb52;/m/0h10vt;/award/award_winner/awards_won./award/award_honor/award_winner;/m/06dv3;7.7384;1;9.349397;1;9.359677;1;0.4974298703538601;1.5299949645996094
/m/06dv3;/award/award_nominee/award_nominations./award/award_nomination/award;/m/09sb52;/m/06dv3;/award/award_nominee/award_nominations./award/award_nomination/award_nominee;/m/0170vn;7.7384;1;9.349397;1;9.365752;1;0.4959112125148625;1.5300474166870117
/m/06dv3;/award/award_nominee/award_nominations./award/award_nomination/award;/m/09sb52;/m/0h10vt;/award/award_nominee/award_nominations./award/award_nomination/award_nominee;/m/06dv3;7.7384;1;9.349397;1;9.360686;1;0.4971776308376183;1.531022548675537
/m/06dv3;/award/award_nominee/award_nominations./award/award_nomination/award;/m/09sb52;/m/07r1h;/celebrities/celebrity/celebrity_friends./celebrities/friendship/friend;/m/06dv3;7.7384;1;9.349397;1;9.350119;1;0.49981951714345885;1.535003900527954
/m/06dv3;/award/award_nominee/award_nominations./award/award_nomination/award;/m/09sb52;/m/06dv3;/award/award_nominee/award_nominations./award/award_nomination/award_nominee;/m/0pmhf;7.7384;1;9.349397;1;9.357024;1;0.49809313744921335;1.5298922061920166
/m/06dv3;/award/award_nominee/award_nominations./award/award_nomination/award;/m/09sb52;/m/03h_9lg;/award/award_nominee/award_nominations./award/award_nomination/award_nominee;/m/06dv3;7.7384;1;9.349397;1;9.355326;1;0.49851775603582843;1.5303270816802979
/m/06dv3;/award/award_nominee/award_nominations./award/award_nomination/award;/m/09sb52;/m/06dv3;/award/award_nominee/award_nominations./award/award_nomination/nominated_for;/m/0btbyn;7.7384;1;9.349397;1;9.355727;1;0.4984173827572163;1.5305688381195068
/m/06dv3;/award/award_nominee/award_nominations./award/award_nomination/award;/m/09sb52;/m/06dv3;/award/award_nominee/award_nominations./award/award_nomination/award_nominee;/m/016gr2;7.7384;1;9.349397;1;9.330871;1;0.5046313868547234;1.5303101539611816
/m/06dv3;/award/award_nominee/award_nominations./award/award_nomination/award;/m/09sb52;/m/06dv3;/award/award_nominee/award_nominations./award/award_nomination/award_nominee;/m/017149;7.7384;1;9.349397;1;9.323157;1;0.5065594724367861;1.531177282333374
/m/04gzd;/location/location/time_zones;/m/03plfd;/m/04gzd;/location/location/contains;/m/07_kq;7.7302837;1;8.669234;1;8.639395;1;0.5074593254498274;8.097578763961792
/m/04gzd;/location/location/time_zones;/m/03plfd;/m/07_kq;/base/biblioness/bibs_location/country;/m/04gzd;7.7302837;1;8.669234;1;8.642474;1;0.5066896261292301;1.7484357357025146
/m/04gzd;/location/location/time_zones;/m/03plfd;/m/04gzd;/location/location/adjoin_s./location/adjoining_relationship/adjoins;/m/04g5k;7.7302837;1;8.669234;1;8.648662;1;0.5051429841989902;1.7536182403564453
/m/04gzd;/location/location/time_zones;/m/03plfd;/m/04gzd;/location/location/contains;/m/0171b8;7.7302837;1;8.669234;1;8.636229;1;0.5082506796092149;1.7519257068634033
/m/04gzd;/location/location/time_zones;/m/03plfd;/m/04g5k;/location/location/adjoin_s./location/adjoining_relationship/adjoins;/m/04gzd;7.7302837;1;8.669234;1;8.648509;1;0.5051811271056461;1.751816987991333
/m/04gzd;/location/location/time_zones;/m/03plfd;/m/04gzd;/location/country/capital;/m/07_kq;7.7302837;1;8.669234;1;8.643871;1;0.5063404022269323;1.7509057521820068
/m/04gzd;/location/location/time_zones;/m/03plfd;/m/0171b8;/base/biblioness/bibs_location/country;/m/04gzd;7.7302837;1;8.669234;1;8.640028;1;0.5073010500054045;1.7520246505737305
/m/04gzd;/location/location/time_zones;/m/03plfd;/m/0gx1bnj;/film/film/release_date_s./film/film_regional_release_date/film_release_region;/m/04gzd;7.7302837;1;8.669234;1;8.671682;1;0.4993879798131047;1.753779649734497
/m/04gzd;/location/location/time_zones;/m/03plfd;/m/0879bpq;/film/film/release_date_s./film/film_regional_release_date/film_release_region;/m/04gzd;7.7302837;1;8.669234;1;8.67445;1;0.49869609174673823;1.7512035369873047
/m/04gzd;/location/location/time_zones;/m/03plfd;/m/0661ql3;/film/film/release_date_s./film/film_regional_release_date/film_release_region;/m/04gzd;7.7302837;1;8.669234;1;8.671777;1;0.49936437641051945;1.7510836124420166
/m/04gzd;/location/location/time_zones;/m/03plfd;/m/03rbzn;/olympics/olympic_sport/athletes./olympics/olympic_athlete_affiliation/country;/m/04gzd;7.7302837;1;8.669234;1;8.675394;1;0.4984600592667338;1.7512531280517578
/m/04gzd;/location/location/time_zones;/m/03plfd;/m/0g5838s;/film/film/release_date_s./film/film_regional_release_date/film_release_region;/m/04gzd;7.7302837;1;8.669234;1;8.666001;1;0.5008082382791786;1.752253532409668
/m/04gzd;/location/location/time_zones;/m/03plfd;/m/09v9mks;/film/film/release_date_s./film/film_regional_release_date/film_release_region;/m/04gzd;7.7302837;1;8.669234;1;8.673203;1;0.49900770317653975;1.751767873764038
/m/04gzd;/location/location/time_zones;/m/03plfd;/m/017gm7;/film/film/release_date_s./film/film_regional_release_date/film_release_region;/m/04gzd;7.7302837;1;8.669234;1;8.665861;1;0.5008432857146989;1.751793622970581
/m/04gzd;/location/location/time_zones;/m/03plfd;/m/047p7fr;/film/film/release_date_s./film/film_regional_release_date/film_release_region;/m/04gzd;7.7302837;1;8.669234;1;8.678763;1;0.49761773958415634;1.7510459423065186
/m/04gzd;/location/location/time_zones;/m/03plfd;/m/0gh65c5;/film/film/release_date_s./film/film_regional_release_date/film_release_region;/m/04gzd;7.7302837;1;8.669234;1;8.6750345;1;0.4985499422672437;1.759467601776123
/m/04gzd;/location/location/time_zones;/m/03plfd;/m/017gl1;/film/film/release_date_s./film/film_regional_release_date/film_release_region;/m/04gzd;7.7302837;1;8.669234;1;8.668897;1;0.5000844001762004;1.7518565654754639
/m/04gzd;/location/location/time_zones;/m/03plfd;/m/0g4vmj8;/film/film/release_date_s./film/film_regional_release_date/film_release_region;/m/04gzd;7.7302837;1;8.669234;1;8.676165;1;0.4982674191202849;1.752126693725586
/m/04gzd;/location/location/time_zones;/m/03plfd;/m/0dwxr;/olympics/olympic_sport/athletes./olympics/olympic_athlete_affiliation/country;/m/04gzd;7.7302837;1;8.669234;1;8.678879;1;0.49758889159893066;1.7512128353118896
/m/04gzd;/location/location/time_zones;/m/03plfd;/m/0fpv_3_;/film/film/release_date_s./film/film_regional_release_date/film_release_region;/m/04gzd;7.7302837;1;8.669234;1;8.670183;1;0.4997627735315943;1.7519268989562988
/m/06t2t;/travel/travel_destination/climate./travel/travel_destination_monthly_climate/month;/m/040fb;/m/06t2t;/travel/travel_destination/climate./travel/travel_destination_monthly_climate/month;/m/040fv;5.3567924;1;5.527916;1;5.4291253;2;1.5246775943933453;8.362054347991943
/m/06t2t;/travel/travel_destination/climate./travel/travel_destination_monthly_climate/month;/m/040fb;/m/06t2t;/travel/travel_destination/climate./travel/travel_destination_monthly_climate/month;/m/028kb;5.3567924;1;5.527916;1;5.430225;2;1.5244033599880895;1.9124071598052979
/m/06t2t;/travel/travel_destination/climate./travel/travel_destination_monthly_climate/month;/m/040fb;/m/06t2t;/travel/travel_destination/climate./travel/travel_destination_monthly_climate/month;/m/05cw8;5.3567924;1;5.527916;1;5.431769;2;1.524018265363401;1.9129078388214111
/m/06t2t;/travel/travel_destination/climate./travel/travel_destination_monthly_climate/month;/m/040fb;/m/06t2t;/travel/travel_destination/climate./travel/travel_destination_monthly_climate/month;/m/04wzr;5.3567924;1;5.527916;1;5.4304833;2;1.5243389020576146;1.9122776985168457
/m/06t2t;/travel/travel_destination/climate./travel/travel_destination_monthly_climate/month;/m/040fb;/m/06t2t;/travel/travel_destination/climate./travel/travel_destination_monthly_climate/month;/m/03_ly;5.3567924;1;5.527916;1;5.4323487;2;1.52387363935014;1.9120914936065674
/m/06t2t;/travel/travel_destination/climate./travel/travel_destination_monthly_climate/month;/m/040fb;/m/06t2t;/travel/travel_destination/climate./travel/travel_destination_monthly_climate/month;/m/05lf_;5.3567924;1;5.527916;1;5.4323087;2;1.5238836300919207;1.9128484725952148
/m/06t2t;/travel/travel_destination/climate./travel/travel_destination_monthly_climate/month;/m/040fb;/m/06t2t;/travel/travel_destination/climate./travel/travel_destination_monthly_climate/month;/m/06vkl;5.3567924;1;5.527916;1;5.429809;2;1.5245070618147625;1.9120867252349854
/m/06t2t;/travel/travel_destination/climate./travel/travel_destination_monthly_climate/month;/m/040fb;/m/06t2t;/travel/travel_destination/climate./travel/travel_destination_monthly_climate/month;/m/0lkm;5.3567924;1;5.527916;1;5.4323044;2;1.5238847005274065;1.9168479442596436
/m/06t2t;/travel/travel_destination/climate./travel/travel_destination_monthly_climate/month;/m/040fb;/m/05qbckf;/film/film/release_date_s./film/film_regional_release_date/film_release_region;/m/06t2t;5.3567924;1;5.527916;1;5.5334864;1;0.498607400680436;1.916090488433838
/m/06t2t;/travel/travel_destination/climate./travel/travel_destination_monthly_climate/month;/m/040fb;/m/0gkz15s;/film/film/release_date_s./film/film_regional_release_date/film_release_region;/m/06t2t;5.3567924;1;5.527916;1;5.531622;1;0.49907350646200427;1.9169375896453857
/m/06t2t;/travel/travel_destination/climate./travel/travel_destination_monthly_climate/month;/m/040fb;/m/0j8f09z;/film/film/release_date_s./film/film_regional_release_date/film_release_region;/m/06t2t;5.3567924;1;5.527916;1;5.5275483;1;0.5000919103612084;1.9173989295959473
/m/06t2t;/travel/travel_destination/climate./travel/travel_destination_monthly_climate/month;/m/040fb;/m/01shy7;/film/film/release_date_s./film/film_regional_release_date/film_release_region;/m/06t2t;5.3567924;1;5.527916;1;5.5287914;1;0.4997811317583641;1.9178166389465332
/m/06t2t;/travel/travel_destination/climate./travel/travel_destination_monthly_climate/month;/m/040fb;/m/02bg55;/film/film/release_date_s./film/film_regional_release_date/film_release_region;/m/06t2t;5.3567924;1;5.527916;1;5.5338435;1;0.49851811366055493;1.9178733825683594
/m/06t2t;/travel/travel_destination/climate./travel/travel_destination_monthly_climate/month;/m/040fb;/m/07k2mq;/film/film/release_date_s./film/film_regional_release_date/film_release_region;/m/06t2t;5.3567924;1;5.527916;1;5.5249515;1;0.5007411236103729;1.9181668758392334
/m/06t2t;/travel/travel_destination/climate./travel/travel_destination_monthly_climate/month;/m/040fb;/m/06t2t;/location/statistical_region/gdp_nominal_per_capita./measurement_unit/dated_money_value/currency;/m/09nqf;5.3567924;1;5.527916;1;5.531433;1;0.49912071318669715;1.9175961017608643
/m/06t2t;/travel/travel_destination/climate./travel/travel_destination_monthly_climate/month;/m/040fb;/m/06t2t;/olympics/olympic_participating_country/athletes./olympics/olympic_athlete_affiliation/olympics;/m/0kbws;5.3567924;1;5.527916;1;5.528142;1;0.49994349479699346;1.918217420578003
/m/06t2t;/travel/travel_destination/climate./travel/travel_destination_monthly_climate/month;/m/040fb;/m/0b44shh;/film/film/release_date_s./film/film_regional_release_date/film_release_region;/m/06t2t;5.3567924;1;5.527916;1;5.534038;1;0.49846947671182196;1.9180922508239746
/m/06t2t;/travel/travel_destination/climate./travel/travel_destination_monthly_climate/month;/m/040fb;/m/0125xq;/film/film/release_date_s./film/film_regional_release_date/film_release_region;/m/06t2t;5.3567924;1;5.527916;1;5.533627;1;0.49857223421976543;1.9174449443817139
/m/06t2t;/travel/travel_destination/climate./travel/travel_destination_monthly_climate/month;/m/040fb;/m/06t2t;/travel/travel_destination/how_to_get_here./travel/transportation/mode_of_transportation;/m/07jdr;5.3567924;1;5.527916;1;5.411669;1;0.5290291114600265;1.916381597518921
/m/06t2t;/travel/travel_destination/climate./travel/travel_destination_monthly_climate/month;/m/040fb;/m/02qk3fk;/film/film/release_date_s./film/film_regional_release_date/film_release_region;/m/06t2t;5.3567924;1;5.527916;1;5.533325;1;0.4986476931166964;1.9198479652404785
/m/01z4y;/media_common/netflix_genre/titles;/m/026mfbr;/m/01z4y;/dataworld/gardening_hint/split_to;/m/05p553;6.063329;1;6.953744;1;6.950344;1;0.5008499614157739;8.748062372207642
/m/01z4y;/media_common/netflix_genre/titles;/m/026mfbr;/m/01z4y;/media_common/netflix_genre/titles;/m/05fgt1;6.063329;1;6.953744;1;6.9415064;2;1.5030593490270623;2.146878719329834
/m/01z4y;/media_common/netflix_genre/titles;/m/026mfbr;/m/01z4y;/media_common/netflix_genre/titles;/m/076tq0z;6.063329;1;6.953744;1;6.951954;2;1.500447511553478;2.149597406387329
/m/01z4y;/media_common/netflix_genre/titles;/m/026mfbr;/m/01z4y;/media_common/netflix_genre/titles;/m/02ht1k;6.063329;1;6.953744;1;6.9575124;1;0.49905789009960194;2.1470468044281006
/m/01z4y;/media_common/netflix_genre/titles;/m/026mfbr;/m/01z4y;/media_common/netflix_genre/titles;/m/01qxc7;6.063329;1;6.953744;1;6.95738;1;0.4990910301685301;2.147500991821289
/m/01z4y;/media_common/netflix_genre/titles;/m/026mfbr;/m/01z4y;/media_common/netflix_genre/titles;/m/01pj_5;6.063329;1;6.953744;1;6.953405;2;1.5000847578040588;2.147385597229004
/m/01z4y;/media_common/netflix_genre/titles;/m/026mfbr;/m/099pks;/tv/tv_program/genre;/m/01z4y;6.063329;1;6.953744;1;6.9548597;1;0.49972105029139235;2.1492738723754883
/m/01z4y;/media_common/netflix_genre/titles;/m/026mfbr;/m/01z4y;/media_common/netflix_genre/titles;/m/0k4p0;6.063329;1;6.953744;1;6.9549356;1;0.49970209602066323;2.1481728553771973
/m/01z4y;/media_common/netflix_genre/titles;/m/026mfbr;/m/01z4y;/media_common/netflix_genre/titles;/m/02f6g5;6.063329;1;6.953744;1;6.953887;2;1.4999642372131958;2.1485838890075684
/m/01z4y;/media_common/netflix_genre/titles;/m/026mfbr;/m/01z4y;/media_common/netflix_genre/titles;/m/016ky6;6.063329;1;6.953744;1;6.9600973;2;1.498411660768853;2.1572506427764893
/m/01z4y;/media_common/netflix_genre/titles;/m/026mfbr;/m/01z4y;/media_common/netflix_genre/titles;/m/09lxv9;6.063329;1;6.953744;1;6.9580116;1;0.4989330784778579;2.146493911743164
/m/01z4y;/media_common/netflix_genre/titles;/m/026mfbr;/m/01z4y;/media_common/netflix_genre/titles;/m/0bz6sq;6.063329;1;6.953744;1;6.9600163;1;0.498431926146169;2.1479034423828125
/m/01z4y;/media_common/netflix_genre/titles;/m/026mfbr;/m/01z4y;/media_common/netflix_genre/titles;/m/02q8ms8;6.063329;1;6.953744;1;6.9540625;1;0.4999203681952533;2.1477291584014893
/m/01z4y;/media_common/netflix_genre/titles;/m/026mfbr;/m/07zhjj;/tv/tv_program/genre;/m/01z4y;6.063329;1;6.953744;1;6.962924;1;0.49770499887489233;2.147465705871582
/m/01z4y;/media_common/netflix_genre/titles;/m/026mfbr;/m/01z4y;/media_common/netflix_genre/titles;/m/02qdrjx;6.063329;1;6.953744;1;6.9542975;1;0.4998615980183664;2.1475489139556885
/m/01z4y;/media_common/netflix_genre/titles;/m/026mfbr;/m/01z4y;/media_common/netflix_genre/titles;/m/03s6l2;6.063329;1;6.953744;1;6.9563503;1;0.49934840239218903;2.1485085487365723
/m/01z4y;/media_common/netflix_genre/titles;/m/026mfbr;/m/01z4y;/media_common/netflix_genre/titles;/m/03z20c;6.063329;1;6.953744;1;6.95377;2;1.4999934434890752;2.1471166610717773
/m/01z4y;/media_common/netflix_genre/titles;/m/026mfbr;/m/01z4y;/media_common/netflix_genre/titles;/m/06q8qh;6.063329;1;6.953744;1;6.948901;1;0.5012106871785614;2.1523826122283936
/m/01z4y;/media_common/netflix_genre/titles;/m/026mfbr;/m/01z4y;/media_common/netflix_genre/titles;/m/0fz3b1;6.063329;1;6.953744;1;6.935073;2;1.504667623345033;2.1473166942596436
/m/01z4y;/media_common/netflix_genre/titles;/m/026mfbr;/m/01z4y;/media_common/netflix_genre/titles;/m/047p798;6.063329;1;6.953744;1;6.956025;1;0.4994297030060994;2.147299289703369
/m/0ck27z;/award/award_category/winners./award/award_honor/ceremony;/m/0g55tzk;/m/02tr7d;/award/award_nominee/award_nominations./award/award_nomination/award;/m/0ck27z;6.8752317;1;7.900919;1;7.888585;1;0.5030834283949085;9.588335514068604
/m/0ck27z;/award/award_category/winners./award/award_honor/ceremony;/m/0g55tzk;/m/03w1v2;/award/award_nominee/award_nominations./award/award_nomination/award;/m/0ck27z;6.8752317;1;7.900919;1;7.896149;1;0.5011924482625936;2.3992435932159424
/m/0ck27z;/award/award_category/winners./award/award_honor/ceremony;/m/0g55tzk;/m/0ck27z;/award/award_category/winners./award/award_honor/award_winner;/m/02sb1w;6.8752317;1;7.900919;1;7.8948765;1;0.5015106155209449;2.4028611183166504
/m/0ck27z;/award/award_category/winners./award/award_honor/ceremony;/m/0g55tzk;/m/026v437;/award/award_nominee/award_nominations./award/award_nomination/award;/m/0ck27z;6.8752317;1;7.900919;1;7.8978143;1;0.5007761710608006;2.403392791748047
/m/0ck27z;/award/award_category/winners./award/award_honor/ceremony;/m/0g55tzk;/m/0dyztm;/award/award_nominee/award_nominations./award/award_nomination/award;/m/0ck27z;6.8752317;1;7.900919;1;7.8979373;1;0.5007454151353133;2.4038877487182617
/m/0ck27z;/award/award_category/winners./award/award_honor/ceremony;/m/0g55tzk;/m/0ck27z;/award/award_category/winners./award/award_honor/award_winner;/m/03yj_0n;6.8752317;1;7.900919;1;7.896414;1;0.5011262874627073;2.4036896228790283
/m/0ck27z;/award/award_category/winners./award/award_honor/ceremony;/m/0g55tzk;/m/0ck27z;/award/award_category/winners./award/award_honor/award_winner;/m/0dyztm;6.8752317;1;7.900919;1;7.8965454;1;0.5010933858609085;2.4030535221099854
/m/0ck27z;/award/award_category/winners./award/award_honor/ceremony;/m/0g55tzk;/m/03yj_0n;/award/award_nominee/award_nominations./award/award_nomination/award;/m/0ck27z;6.8752317;1;7.900919;1;7.89676;1;0.5010397419247556;2.4036426544189453
/m/0ck27z;/award/award_category/winners./award/award_honor/ceremony;/m/0g55tzk;/m/0ck27z;/award/award_category/winners./award/award_honor/award_winner;/m/01z_g6;6.8752317;1;7.900919;1;7.894141;1;0.5016944343550919;2.4052510261535645
/m/0ck27z;/award/award_category/winners./award/award_honor/ceremony;/m/0g55tzk;/m/0ck27z;/award/award_category/winners./award/award_honor/award_winner;/m/08w7vj;6.8752317;1;7.900919;1;7.892083;1;0.5022089337642134;2.4050793647766113
/m/0ck27z;/award/award_category/winners./award/award_honor/ceremony;/m/0g55tzk;/m/0ck27z;/award/award_category/nominees./award/award_nomination/nominated_for;/m/02pqs8l;6.8752317;1;7.900919;1;7.8921313;1;0.5021968938596842;2.4042294025421143
/m/0ck27z;/award/award_category/winners./award/award_honor/ceremony;/m/0g55tzk;/m/01gq0b;/award/award_nominee/award_nominations./award/award_nomination/award;/m/0ck27z;6.8752317;1;7.900919;1;7.8863716;1;0.5036367728697352;2.403841495513916
/m/0ck27z;/award/award_category/winners./award/award_honor/ceremony;/m/0g55tzk;/m/01z_g6;/award/award_nominee/award_nominations./award/award_nomination/award;/m/0ck27z;6.8752317;1;7.900919;1;7.8949175;1;0.5015003636149885;2.4045052528381348
/m/0ck27z;/award/award_category/winners./award/award_honor/ceremony;/m/0g55tzk;/m/0ck27z;/award/award_category/winners./award/award_honor/award_winner;/m/01wbg84;6.8752317;1;7.900919;1;7.8936324;1;0.5018216290938665;2.4046146869659424
/m/0ck27z;/award/award_category/winners./award/award_honor/ceremony;/m/0g55tzk;/m/0ck27z;/award/award_category/winners./award/award_honor/award_winner;/m/026v437;6.8752317;1;7.900919;1;7.8962054;1;0.5011783816454941;2.4054136276245117
/m/0ck27z;/award/award_category/winners./award/award_honor/ceremony;/m/0g55tzk;/m/0ck27z;/award/award_category/winners./award/award_honor/award_winner;/m/02tr7d;6.8752317;1;7.900919;1;7.8881955;1;0.5031808185623465;2.4054765701293945
/m/0ck27z;/award/award_category/winners./award/award_honor/ceremony;/m/0g55tzk;/m/0ck27z;/award/award_category/winners./award/award_honor/award_winner;/m/03w1v2;6.8752317;1;7.900919;1;7.895205;1;0.5014284810301367;2.403881311416626
/m/0ck27z;/award/award_category/winners./award/award_honor/ceremony;/m/0g55tzk;/m/031296;/award/award_nominee/award_nominations./award/award_nomination/award;/m/0ck27z;6.8752317;1;7.900919;1;7.881466;1;0.504863108818897;2.4044272899627686
/m/0ck27z;/award/award_category/winners./award/award_honor/ceremony;/m/0g55tzk;/m/0ck27z;/award/award_category/nominees./award/award_nomination/nominated_for;/m/063ykwt;6.8752317;1;7.900919;1;7.894493;1;0.5016064588582128;2.405791759490967
/m/0ck27z;/award/award_category/winners./award/award_honor/ceremony;/m/0g55tzk;/m/02sb1w;/award/award_nominee/award_nominations./award/award_nomination/award;/m/0ck27z;6.8752317;1;7.900919;1;7.8954725;1;0.5013616051394032;2.407609462738037
