/m/0cm19f;/people/person/place_of_birth;/m/04vmp;/m/0cm19f;/people/person/nationality;/m/03rk0;7.268935;1;10.185472;1;7.123644;1;0.9552904224334288;6.2978081703186035
/m/0cm19f;/people/person/place_of_birth;/m/04vmp;/m/01k6nm;/people/person/sibling_s./people/sibling_relationship/sibling;/m/0cm19f;7.268935;1;10.185472;1;10.805959;1;0.34967065051674406;0.9393212795257568
/m/0cm19f;/people/person/place_of_birth;/m/04vmp;/m/0cm19f;/people/person/sibling_s./people/sibling_relationship/sibling;/m/01k6nm;7.268935;1;10.185472;1;10.799373;1;0.35116980995915564;0.9672143459320068
/m/0cm19f;/people/person/place_of_birth;/m/04vmp;/m/0cm19f;/people/person/profession;/m/02hrh1q;7.268935;1;10.185472;1;10.028718;1;0.5391083380132866;0.9720277786254883
/m/0cm19f;/people/person/place_of_birth;/m/04vmp;/m/0cm19f;/people/person/gender;/m/05zppz;7.268935;1;10.185472;1;10.351018;1;0.45870765615572995;0.9795472621917725
/m/01c57n;/organization/organization/headquarters./location/mailing_address/state_province_region;/m/0g39h;/m/01c57n;/organization/organization/headquarters./location/mailing_address/citytown;/m/01b8jj;8.0069275;1;8.722786;1;6.9830346;3;2.8506554781419466;6.44720458984375
/m/01c57n;/organization/organization/headquarters./location/mailing_address/state_province_region;/m/0g39h;/m/01c57n;/education/educational_institution/students_graduates./education/education/major_field_of_study;/m/05qt0;8.0069275;1;8.722786;1;8.747367;1;0.4938550705297093;0.8900840282440186
/m/01c57n;/organization/organization/headquarters./location/mailing_address/state_province_region;/m/0g39h;/m/07xl34;/organization/role/leaders./organization/leadership/organization;/m/01c57n;8.0069275;1;8.722786;1;8.727159;1;0.49890685255653083;0.8901143074035645
/m/01c57n;/organization/organization/headquarters./location/mailing_address/state_province_region;/m/0g39h;/m/01c57n;/education/university/international_tuition./measurement_unit/dated_money_value/currency;/m/0kz1h;8.0069275;1;8.722786;1;8.48902;1;0.5581767127212536;0.8902406692504883
/m/01c57n;/organization/organization/headquarters./location/mailing_address/state_province_region;/m/0g39h;/m/01c57n;/education/educational_institution/school_type;/m/05jxkf;8.0069275;1;8.722786;1;8.692024;1;0.50768982330109;0.8921616077423096
/m/01c57n;/organization/organization/headquarters./location/mailing_address/state_province_region;/m/0g39h;/m/01c57n;/common/topic/webpage./common/webpage/category;/m/08mbj5d;8.0069275;1;8.722786;1;9.055051;1;0.4176896403132666;0.8910541534423828
/m/01c57n;/organization/organization/headquarters./location/mailing_address/state_province_region;/m/0g39h;/m/01c57n;/education/university/domestic_tuition./measurement_unit/dated_money_value/currency;/m/0kz1h;8.0069275;1;8.722786;1;8.474514;1;0.5617511213503075;0.948981523513794
/m/01c57n;/organization/organization/headquarters./location/mailing_address/state_province_region;/m/0g39h;/m/01c57n;/education/educational_institution/students_graduates./education/education/major_field_of_study;/m/09s1f;8.0069275;1;8.722786;1;9.113765;1;0.4034816935821388;1.033494472503662
/m/01c57n;/organization/organization/headquarters./location/mailing_address/state_province_region;/m/0g39h;/m/01___w;/business/job_title/people_with_this_title./business/employment_tenure/company;/m/01c57n;8.0069275;1;8.722786;1;8.911908;1;0.4528598722004271;1.0312845706939697
/m/01c57n;/organization/organization/headquarters./location/mailing_address/state_province_region;/m/0g39h;/m/0bkj86;/education/educational_degree/people_with_this_degree./education/education/institution;/m/01c57n;8.0069275;1;8.722786;1;8.876289;1;0.4616993235141247;1.0263381004333496
/m/012ycy;/people/person/places_lived./people/place_lived/location;/m/0rh6k;/m/014dd0;/music/record_label/artist;/m/012ycy;5.295954;1;7.0886173;4;6.6828375;4;0.6000755329310484;6.75437068939209
/m/012ycy;/people/person/places_lived./people/place_lived/location;/m/0rh6k;/m/012ycy;/organization/organization_founder/organizations_founded;/m/014dd0;5.295954;1;7.0886173;4;6.917118;4;0.5427700350981796;1.0547263622283936
/m/012ycy;/people/person/places_lived./people/place_lived/location;/m/0rh6k;/m/012ycy;/base/schemastaging/person_extra/net_worth./measurement_unit/dated_money_value/currency;/m/09nqf;5.295954;1;7.0886173;4;6.9117565;4;0.5441003083459018;1.0554168224334717
/m/012ycy;/people/person/places_lived./people/place_lived/location;/m/0rh6k;/m/012ycy;/people/person/nationality;/m/09c7w0;5.295954;1;7.0886173;4;6.730916;4;0.5884838703198817;1.0636866092681885
/m/012ycy;/people/person/places_lived./people/place_lived/location;/m/0rh6k;/m/016clz;/music/genre/artists;/m/012ycy;5.295954;1;7.0886173;4;7.1189156;4;0.49242602113168515;1.0622913837432861
/m/012ycy;/people/person/places_lived./people/place_lived/location;/m/0rh6k;/m/012ycy;/music/artist/track_contributions./music/track_contribution/role;/m/018vs;5.295954;1;7.0886173;4;7.124128;4;0.4911232977705742;1.055283546447754
/m/012ycy;/people/person/places_lived./people/place_lived/location;/m/0rh6k;/m/018vs;/music/instrument/instrumentalists;/m/012ycy;5.295954;1;7.0886173;4;7.1397724;4;0.4872140155385055;1.0574970245361328
/m/012ycy;/people/person/places_lived./people/place_lived/location;/m/0rh6k;/m/012ycy;/music/artist/track_contributions./music/track_contribution/role;/m/05148p4;5.295954;1;7.0886173;4;7.140567;4;0.48701554475985676;1.055246353149414
/m/012ycy;/people/person/places_lived./people/place_lived/location;/m/0rh6k;/m/012ycy;/people/person/profession;/m/039v1;5.295954;1;7.0886173;4;7.167552;4;0.4802765724302148;1.0568838119506836
/m/012ycy;/people/person/places_lived./people/place_lived/location;/m/0rh6k;/m/012ycy;/music/artist/track_contributions./music/track_contribution/role;/m/05r5c;5.295954;1;7.0886173;4;7.062737;4;0.5064697230804275;1.056983232498169
/m/012ycy;/people/person/places_lived./people/place_lived/location;/m/0rh6k;/m/012ycy;/people/person/profession;/m/0dz3r;5.295954;1;7.0886173;4;7.2040434;4;0.4711754798581206;1.0632057189941406
/m/012ycy;/people/person/places_lived./people/place_lived/location;/m/0rh6k;/m/012ycy;/people/person/profession;/m/09jwl;5.295954;1;7.0886173;4;6.953986;4;0.5336070423857843;1.0543017387390137
/m/012ycy;/people/person/places_lived./people/place_lived/location;/m/0rh6k;/m/012ycy;/music/group_member/membership./music/group_membership/role;/m/03bx0bm;5.295954;1;7.0886173;4;7.08974;4;0.4997193813618613;1.0591285228729248
/m/012ycy;/people/person/places_lived./people/place_lived/location;/m/0rh6k;/m/012ycy;/base/eating/practicer_of_diet/diet;/m/07_hy;5.295954;1;7.0886173;4;7.0136113;4;0.5187427158051537;1.0530340671539307
/m/012ycy;/people/person/places_lived./people/place_lived/location;/m/0rh6k;/m/05148p4;/music/instrument/instrumentalists;/m/012ycy;5.295954;1;7.0886173;4;7.1376133;4;0.487753456908356;1.0555291175842285
/m/012ycy;/people/person/places_lived./people/place_lived/location;/m/0rh6k;/m/05r5c;/music/instrument/instrumentalists;/m/012ycy;5.295954;1;7.0886173;4;7.044712;4;0.5109745516569313;1.0584514141082764
/m/012ycy;/people/person/places_lived./people/place_lived/location;/m/0rh6k;/m/012ycy;/people/person/spouse_s./people/marriage/type_of_union;/m/04ztj;5.295954;1;7.0886173;4;6.9320188;4;0.5390698317848027;1.0553138256072998
/m/012ycy;/people/person/places_lived./people/place_lived/location;/m/0rh6k;/m/012ycy;/people/person/gender;/m/05zppz;5.295954;1;7.0886173;4;7.0111094;4;0.519367298419056;1.0559711456298828
/m/012ycy;/people/person/places_lived./people/place_lived/location;/m/0rh6k;/m/01243b;/music/genre/artists;/m/012ycy;5.295954;1;7.0886173;4;7.256452;4;0.45813952646046974;1.0557048320770264
/m/012ycy;/people/person/places_lived./people/place_lived/location;/m/0rh6k;/m/0pm85;/music/genre/artists;/m/012ycy;5.295954;1;7.0886173;4;7.2288985;4;0.46498709877574596;1.055091142654419
/m/03q1vd;/people/person/profession;/m/02hrh1q;/m/03q1vd;/award/award_nominee/award_nominations./award/award_nomination/award_nominee;/m/057_yx;7.353182;1;8.568835;1;8.620724;1;0.487030793270711;6.546764135360718
/m/03q1vd;/people/person/profession;/m/02hrh1q;/m/03q1vd;/award/award_nominee/award_nominations./award/award_nomination/award_nominee;/m/034zc0;7.353182;1;8.568835;1;8.603313;1;0.49138130687882214;1.0008306503295898
/m/03q1vd;/people/person/profession;/m/02hrh1q;/m/016ks_;/award/award_nominee/award_nominations./award/award_nomination/award_nominee;/m/03q1vd;7.353182;1;8.568835;1;8.599935;1;0.4922257967052392;1.1376752853393555
/m/03q1vd;/people/person/profession;/m/02hrh1q;/m/0z4s;/award/award_nominee/award_nominations./award/award_nomination/award_nominee;/m/03q1vd;7.353182;1;8.568835;1;8.609275;1;0.4898914761253055;1.1371850967407227
/m/03q1vd;/people/person/profession;/m/02hrh1q;/m/03q1vd;/award/award_nominee/award_nominations./award/award_nomination/award_nominee;/m/02p7_k;7.353182;1;8.568835;1;8.600034;1;0.4922010071865402;1.1390681266784668
/m/03q1vd;/people/person/profession;/m/02hrh1q;/m/014g22;/award/award_nominee/award_nominations./award/award_nomination/award_nominee;/m/03q1vd;7.353182;1;8.568835;1;8.571491;1;0.4993360046475343;1.1384332180023193
/m/03q1vd;/people/person/profession;/m/02hrh1q;/m/057_yx;/award/award_nominee/award_nominations./award/award_nomination/award_nominee;/m/03q1vd;7.353182;1;8.568835;1;8.62163;1;0.4868044506834794;1.138566255569458
/m/03q1vd;/people/person/profession;/m/02hrh1q;/m/03q1vd;/award/award_nominee/award_nominations./award/award_nomination/award_nominee;/m/0z4s;7.353182;1;8.568835;1;8.608364;1;0.4901190748845814;1.1385533809661865
/m/03q1vd;/people/person/profession;/m/02hrh1q;/m/03q1vd;/award/award_nominee/award_nominations./award/award_nomination/award_nominee;/m/014g22;7.353182;1;8.568835;1;8.571115;1;0.49943017984263777;1.1380560398101807
/m/03q1vd;/people/person/profession;/m/02hrh1q;/m/03q1vd;/award/award_nominee/award_nominations./award/award_nomination/award_nominee;/m/02ct_k;7.353182;1;8.568835;1;8.594484;1;0.4935880838310641;1.1367793083190918
/m/03q1vd;/people/person/profession;/m/02hrh1q;/m/03q1vd;/award/award_nominee/award_nominations./award/award_nomination/award_nominee;/m/042z_g;7.353182;1;8.568835;1;8.619967;1;0.48721973384428496;1.1377270221710205
/m/03q1vd;/people/person/profession;/m/02hrh1q;/m/03q1vd;/award/award_nominee/award_nominations./award/award_nomination/award_nominee;/m/01vyv9;7.353182;1;8.568835;1;8.606142;1;0.49067438519201406;1.1394660472869873
/m/03q1vd;/people/person/profession;/m/02hrh1q;/m/021vwt;/award/award_nominee/award_nominations./award/award_nomination/award_nominee;/m/03q1vd;7.353182;1;8.568835;1;8.615234;1;0.4884023014988263;1.1379687786102295
/m/03q1vd;/people/person/profession;/m/02hrh1q;/m/02jsgf;/award/award_nominee/award_nominations./award/award_nomination/award_nominee;/m/03q1vd;7.353182;1;8.568835;1;8.608134;1;0.49017651145287255;1.137707233428955
/m/03q1vd;/people/person/profession;/m/02hrh1q;/m/01vyv9;/award/award_nominee/award_nominations./award/award_nomination/award_nominee;/m/03q1vd;7.353182;1;8.568835;1;8.606263;1;0.49064411659985485;1.138021469116211
/m/03q1vd;/people/person/profession;/m/02hrh1q;/m/02ct_k;/award/award_nominee/award_nominations./award/award_nomination/award_nominee;/m/03q1vd;7.353182;1;8.568835;1;8.595182;1;0.49341359091962095;1.1388607025146484
/m/03q1vd;/people/person/profession;/m/02hrh1q;/m/015vq_;/award/award_nominee/award_nominations./award/award_nomination/award_nominee;/m/03q1vd;7.353182;1;8.568835;1;8.605044;1;0.4909487122952116;1.1373002529144287
/m/03q1vd;/people/person/profession;/m/02hrh1q;/m/042z_g;/award/award_nominee/award_nominations./award/award_nomination/award_nominee;/m/03q1vd;7.353182;1;8.568835;1;8.619866;1;0.4872449897348072;1.140550136566162
/m/03q1vd;/people/person/profession;/m/02hrh1q;/m/02p7_k;/award/award_nominee/award_nominations./award/award_nomination/award_nominee;/m/03q1vd;7.353182;1;8.568835;1;8.600629;1;0.49205227088396863;1.1383826732635498
/m/03q1vd;/people/person/profession;/m/02hrh1q;/m/0410cp;/award/award_nominee/award_nominations./award/award_nomination/award_nominee;/m/03q1vd;7.353182;1;8.568835;1;8.618986;1;0.48746490933153774;1.1386215686798096
/m/09qs08;/award/award_category/category_of;/m/0gcf2r;/m/09qs08;/award/award_category/winners./award/award_honor/ceremony;/m/03nnm4t;9.390096;1;11.530121;1;11.428746;1;0.5253219744831135;7.10679817199707
/m/09qs08;/award/award_category/category_of;/m/0gcf2r;/m/09qs08;/award/award_category/winners./award/award_honor/ceremony;/m/02q690_;9.390096;1;11.530121;1;11.418298;1;0.5279266760243214;1.3434319496154785
/m/09qs08;/award/award_category/category_of;/m/0gcf2r;/m/09qs08;/award/award_category/winners./award/award_honor/ceremony;/m/0hn821n;9.390096;1;11.530121;1;11.448546;1;0.520382308602658;1.3452045917510986
/m/09qs08;/award/award_category/category_of;/m/0gcf2r;/m/09qs08;/award/award_category/winners./award/award_honor/ceremony;/m/0gx_st;9.390096;1;11.530121;1;11.451959;1;0.519530606096239;1.3442332744598389
/m/09qs08;/award/award_category/category_of;/m/0gcf2r;/m/09qs08;/award/award_category/winners./award/award_honor/award_winner;/m/0pyww;9.390096;1;11.530121;1;11.536601;1;0.4983799514242545;1.344961404800415
/m/09qs08;/award/award_category/category_of;/m/0gcf2r;/m/01csrl;/award/award_nominee/award_nominations./award/award_nomination/award;/m/09qs08;9.390096;1;11.530121;1;11.538626;1;0.497873795927743;1.3450486660003662
/m/09qs08;/award/award_category/category_of;/m/0gcf2r;/m/09qs08;/award/award_category/nominees./award/award_nomination/nominated_for;/m/02r1ysd;9.390096;1;11.530121;1;11.514072;1;0.5040120217407552;1.345655918121338
/m/09qs08;/award/award_category/category_of;/m/0gcf2r;/m/01lv85;/award/award_winning_work/awards_won./award/award_honor/award;/m/09qs08;9.390096;1;11.530121;1;11.539701;1;0.4976048652747291;1.3440032005310059
/m/09qs08;/award/award_category/category_of;/m/0gcf2r;/m/09qs08;/award/award_category/nominees./award/award_nomination/nominated_for;/m/0124k9;9.390096;1;11.530121;1;11.511453;1;0.5046669081516184;1.345801591873169
/m/09qs08;/award/award_category/category_of;/m/0gcf2r;/m/033jkj;/award/award_nominee/award_nominations./award/award_nomination/award;/m/09qs08;9.390096;1;11.530121;1;11.551233;1;0.4947220855404181;1.344892978668213
/m/09qs08;/award/award_category/category_of;/m/0gcf2r;/m/02r1ysd;/award/award_winning_work/awards_won./award/award_honor/award;/m/09qs08;9.390096;1;11.530121;1;11.512702;1;0.5043546052428391;1.34788179397583
/m/09qs08;/award/award_category/category_of;/m/0gcf2r;/m/015c2f;/award/award_nominee/award_nominations./award/award_nomination/award;/m/09qs08;9.390096;1;11.530121;1;11.533947;1;0.4990434658275647;1.351696252822876
/m/09qs08;/award/award_category/category_of;/m/0gcf2r;/m/09qs08;/award/award_category/winners./award/award_honor/award_winner;/m/05ggt_;9.390096;1;11.530121;1;11.553429;1;0.4941733137050396;1.3485958576202393
/m/09qs08;/award/award_category/category_of;/m/0gcf2r;/m/09qs08;/award/award_category/nominees./award/award_nomination/nominated_for;/m/01vnbh;9.390096;1;11.530121;1;11.505892;1;0.5060569661133144;1.3457450866699219
/m/09qs08;/award/award_category/category_of;/m/0gcf2r;/m/053y4h;/award/award_nominee/award_nominations./award/award_nomination/award;/m/09qs08;9.390096;1;11.530121;1;11.514887;1;0.5038084247296458;1.34602952003479
/m/09qs08;/award/award_category/category_of;/m/0gcf2r;/m/09qs08;/award/award_category/nominees./award/award_nomination/nominated_for;/m/01bv8b;9.390096;1;11.530121;1;11.525755;1;0.5010914785213806;1.3470911979675293
/m/09qs08;/award/award_category/category_of;/m/0gcf2r;/m/01q_y0;/award/award_winning_work/awards_won./award/award_honor/award;/m/09qs08;9.390096;1;11.530121;1;11.536624;1;0.4983742294386399;1.3453941345214844
/m/09qs08;/award/award_category/category_of;/m/0gcf2r;/m/09qs08;/award/award_category/winners./award/award_honor/ceremony;/m/05c1t6z;9.390096;1;11.530121;1;11.414422;1;0.528892480704926;1.3423173427581787
/m/09qs08;/award/award_category/category_of;/m/0gcf2r;/m/01kgg9;/award/award_nominee/award_nominations./award/award_nomination/award;/m/09qs08;9.390096;1;11.530121;1;11.548277;1;0.49546111177447527;1.3424649238586426
/m/09qs08;/award/award_category/category_of;/m/0gcf2r;/m/09qs08;/award/award_category/winners./award/award_honor/award_winner;/m/015c2f;9.390096;1;11.530121;1;11.533985;1;0.4990339291196526;1.3452565670013428
/m/05kkh;/location/location/partially_contains;/m/0lm0n;/m/05tbn;/location/location/adjoin_s./location/adjoining_relationship/adjoins;/m/05kkh;8.904186;1;10.890156;1;10.871345;1;0.5047026677988907;7.886709213256836
/m/05kkh;/location/location/partially_contains;/m/0lm0n;/m/081mh;/location/location/adjoin_s./location/adjoining_relationship/adjoins;/m/05kkh;8.904186;1;10.890156;1;10.864673;1;0.506370438114344;1.5371818542480469
/m/05kkh;/location/location/partially_contains;/m/0lm0n;/m/05kkh;/location/location/adjoin_s./location/adjoining_relationship/adjoins;/m/0498y;8.904186;1;10.890156;1;10.855511;1;0.5086604039153023;1.5385141372680664
/m/05kkh;/location/location/partially_contains;/m/0lm0n;/m/05kkh;/location/location/adjoin_s./location/adjoining_relationship/adjoins;/m/05tbn;8.904186;1;10.890156;1;10.87129;1;0.5047162564522589;1.5374503135681152
/m/05kkh;/location/location/partially_contains;/m/0lm0n;/m/03rl1g;/government/legislative_session/members./government/government_position_held/district_represented;/m/05kkh;8.904186;1;10.890156;1;10.876211;1;0.5034860999737086;1.537233829498291
/m/05kkh;/location/location/partially_contains;/m/0lm0n;/m/05kkh;/location/statistical_region/religions./location/religion_percentage/religion;/m/058x5;8.904186;1;10.890156;1;10.87826;1;0.5029739982829405;1.5369372367858887
/m/05kkh;/location/location/partially_contains;/m/0lm0n;/m/01h7xx;/government/legislative_session/members./government/government_position_held/district_represented;/m/05kkh;8.904186;1;10.890156;1;10.876509;1;0.5034117169164714;1.5371570587158203
/m/05kkh;/location/location/partially_contains;/m/0lm0n;/m/01grrf;/government/legislative_session/members./government/government_position_held/district_represented;/m/05kkh;8.904186;1;10.890156;1;10.864218;1;0.5064841449840216;1.536989688873291
/m/05kkh;/location/location/partially_contains;/m/0lm0n;/m/01grr2;/government/legislative_session/members./government/government_position_held/district_represented;/m/05kkh;8.904186;1;10.890156;1;10.862694;1;0.5068650699614655;1.5382647514343262
/m/05kkh;/location/location/partially_contains;/m/0lm0n;/m/04_1l0v;/location/location/contains;/m/05kkh;8.904186;1;10.890156;1;10.850422;1;0.5099321649873321;1.538146734237671
/m/05kkh;/location/location/partially_contains;/m/0lm0n;/m/05kkh;/location/administrative_division/first_level_division_of;/m/09c7w0;8.904186;1;10.890156;1;10.855518;1;0.5086584971387679;1.538182020187378
/m/05kkh;/location/location/partially_contains;/m/0lm0n;/m/05kkh;/location/administrative_division/country;/m/09c7w0;8.904186;1;10.890156;1;10.827918;1;0.5155544143325774;1.538100004196167
/m/05kkh;/location/location/partially_contains;/m/0lm0n;/m/05kkh;/location/statistical_region/religions./location/religion_percentage/religion;/m/01lp8;8.904186;1;10.890156;1;10.883271;1;0.5017211369244257;1.537916898727417
/m/05kkh;/location/location/partially_contains;/m/0lm0n;/m/07p__7;/government/legislative_session/members./government/government_position_held/district_represented;/m/05kkh;8.904186;1;10.890156;1;10.875382;1;0.5036932750369201;1.5382254123687744
/m/05kkh;/location/location/partially_contains;/m/0lm0n;/m/05kkh;/location/location/partially_contains;/m/05lx3;8.904186;1;10.890156;1;10.905414;2;1.4961856151522226;1.5385773181915283
/m/05kkh;/location/location/partially_contains;/m/0lm0n;/m/01t7n9;/government/government_office_category/officeholders./government/government_position_held/jurisdiction_of_office;/m/05kkh;8.904186;1;10.890156;1;10.894395;1;0.49894023100288115;1.5382075309753418
/m/05kkh;/location/location/partially_contains;/m/0lm0n;/m/05kkh;/location/statistical_region/religions./location/religion_percentage/religion;/m/01y0s9;8.904186;1;10.890156;1;10.86903;1;0.5052812519475313;1.537928581237793
/m/05kkh;/location/location/partially_contains;/m/0lm0n;/m/05kkh;/location/statistical_region/religions./location/religion_percentage/religion;/m/021_0p;8.904186;1;10.890156;1;10.881691;1;0.5021161906721586;1.5378501415252686
/m/05kkh;/location/location/partially_contains;/m/0lm0n;/m/09c7w0;/location/location/contains;/m/05kkh;8.904186;1;10.890156;1;10.881482;1;0.5021684033824091;1.5386414527893066
/m/05kkh;/location/location/partially_contains;/m/0lm0n;/m/0fkvn;/government/government_office_category/officeholders./government/government_position_held/jurisdiction_of_office;/m/05kkh;8.904186;1;10.890156;1;10.839514;1;0.5126577983063341;1.5388751029968262
/m/07c52;/media_common/netflix_genre/titles;/m/0431v3;/m/07c52;/media_common/netflix_genre/titles;/m/03d34x8;6.050477;1;6.6520305;1;6.6574025;2;1.498656991373731;8.008749008178711
/m/07c52;/media_common/netflix_genre/titles;/m/0431v3;/m/07c52;/media_common/netflix_genre/titles;/m/02sqkh;6.050477;1;6.6520305;1;6.664012;2;1.4970046640145855;1.7423408031463623
/m/07c52;/media_common/netflix_genre/titles;/m/0431v3;/m/07c52;/media_common/netflix_genre/titles;/m/01b9w3;6.050477;1;6.6520305;1;6.6391115;2;1.5032296923624893;1.7532548904418945
/m/07c52;/media_common/netflix_genre/titles;/m/0431v3;/m/0hv27;/film/film/release_date_s./film/film_regional_release_date/film_release_distribution_medium;/m/07c52;6.050477;1;6.6520305;1;6.6550164;1;0.49925351198346873;1.7534434795379639
/m/07c52;/media_common/netflix_genre/titles;/m/0431v3;/m/07c52;/media_common/netflix_genre/titles;/m/01vnbh;6.050477;1;6.6520305;1;6.6551123;2;1.4992295509714104;1.7535393238067627
/m/07c52;/media_common/netflix_genre/titles;/m/0431v3;/m/07c52;/media_common/netflix_genre/titles;/m/0hz55;6.050477;1;6.6520305;1;6.653734;2;1.499574065311466;1.7537858486175537
/m/07c52;/media_common/netflix_genre/titles;/m/0431v3;/m/07c52;/media_common/netflix_genre/titles;/m/0jq2r;6.050477;1;6.6520305;1;6.6504054;2;1.5004062651693828;1.7534401416778564
/m/07c52;/media_common/netflix_genre/titles;/m/0431v3;/m/07c52;/media_common/netflix_genre/titles;/m/0m123;6.050477;1;6.6520305;1;6.6569767;2;1.4987634445605376;1.753685474395752
/m/07c52;/media_common/netflix_genre/titles;/m/0431v3;/m/07c52;/media_common/netflix_genre/titles;/m/0b005;6.050477;1;6.6520305;1;6.6580915;1;0.4984847353593301;1.7536725997924805
/m/07c52;/media_common/netflix_genre/titles;/m/0431v3;/m/07c52;/media_common/netflix_genre/titles;/m/063ykwt;6.050477;1;6.6520305;1;6.663937;2;1.4970233792055554;1.753021240234375
/m/07c52;/media_common/netflix_genre/titles;/m/0431v3;/m/07c52;/media_common/netflix_genre/titles;/m/03y317;6.050477;1;6.6520305;1;6.6538577;1;0.4995431901295414;1.753263235092163
/m/07c52;/media_common/netflix_genre/titles;/m/0431v3;/m/0k5g9;/film/film/release_date_s./film/film_regional_release_date/film_release_distribution_medium;/m/07c52;6.050477;1;6.6520305;1;6.657766;1;0.49856615459578385;1.7539937496185303
/m/07c52;/media_common/netflix_genre/titles;/m/0431v3;/m/07c52;/media_common/netflix_genre/titles;/m/08cx5g;6.050477;1;6.6520305;1;6.6601667;1;0.4979659431134149;1.7537152767181396
/m/07c52;/media_common/netflix_genre/titles;/m/0431v3;/m/0cbn7c;/film/film/release_date_s./film/film_regional_release_date/film_release_distribution_medium;/m/07c52;6.050477;1;6.6520305;1;6.654662;1;0.49934208431067734;1.7534101009368896
/m/07c52;/media_common/netflix_genre/titles;/m/0431v3;/m/07c52;/media_common/netflix_genre/titles;/m/0330r;6.050477;1;6.6520305;1;6.654958;2;1.4992681746940384;1.7539944648742676
/m/07c52;/media_common/netflix_genre/titles;/m/0431v3;/m/07c52;/media_common/netflix_genre/titles;/m/05r1_t;6.050477;1;6.6520305;1;6.6605177;2;1.4978782065918623;1.7532601356506348
/m/07c52;/media_common/netflix_genre/titles;/m/0431v3;/m/0ckr7s;/film/film/release_date_s./film/film_regional_release_date/film_release_distribution_medium;/m/07c52;6.050477;1;6.6520305;1;6.65041;1;0.5004050730772721;1.7537333965301514
/m/07c52;/media_common/netflix_genre/titles;/m/0431v3;/m/07c52;/media_common/netflix_genre/titles;/m/02py9yf;6.050477;1;6.6520305;1;6.6355877;2;1.5041106013184797;1.754241704940796
/m/07c52;/media_common/netflix_genre/titles;/m/0431v3;/m/02h4rq6;/education/educational_degree/people_with_this_degree./education/education/major_field_of_study;/m/07c52;6.050477;1;6.6520305;1;6.661632;1;0.4975996201866128;1.7532336711883545
/m/07c52;/media_common/netflix_genre/titles;/m/0431v3;/m/016t_3;/education/educational_degree/people_with_this_degree./education/education/major_field_of_study;/m/07c52;6.050477;1;6.6520305;1;6.664818;1;0.49680320804258205;1.7529981136322021
/m/03g3w;/user/tsegaran/random/taxonomy_subject/entry./user/tsegaran/random/taxonomy_entry/taxonomy;/m/04n6k;/m/03g3w;/education/field_of_study/students_majoring./education/education/major_field_of_study;/m/062z7;4.0755424;1;3.8064783;1;3.7966626;1;0.5024539035230784;8.079320430755615
/m/03g3w;/user/tsegaran/random/taxonomy_subject/entry./user/tsegaran/random/taxonomy_entry/taxonomy;/m/04n6k;/m/03g3w;/education/field_of_study/students_majoring./education/education/major_field_of_study;/m/02j62;4.0755424;1;3.8064783;1;3.7963598;1;0.5025295995418183;1.8850889205932617
/m/03g3w;/user/tsegaran/random/taxonomy_subject/entry./user/tsegaran/random/taxonomy_entry/taxonomy;/m/04n6k;/m/03g3w;/education/field_of_study/students_majoring./education/education/major_field_of_study;/m/0h5k;4.0755424;1;3.8064783;1;3.8018494;1;0.5011572221120288;1.8889236450195312
/m/03g3w;/user/tsegaran/random/taxonomy_subject/entry./user/tsegaran/random/taxonomy_entry/taxonomy;/m/04n6k;/m/02h40lc;/education/field_of_study/students_majoring./education/education/major_field_of_study;/m/03g3w;4.0755424;1;3.8064783;1;3.8172867;1;0.49729790933922435;1.886765480041504
/m/03g3w;/user/tsegaran/random/taxonomy_subject/entry./user/tsegaran/random/taxonomy_entry/taxonomy;/m/04n6k;/m/03g3w;/education/field_of_study/students_majoring./education/education/major_field_of_study;/m/02h40lc;4.0755424;1;3.8064783;1;3.8171418;1;0.49733414791899394;1.888472080230713
/m/03g3w;/user/tsegaran/random/taxonomy_subject/entry./user/tsegaran/random/taxonomy_entry/taxonomy;/m/04n6k;/m/01lj9;/education/field_of_study/students_majoring./education/education/major_field_of_study;/m/03g3w;4.0755424;1;3.8064783;1;3.7954943;1;0.5027459583772155;1.8879437446594238
/m/03g3w;/user/tsegaran/random/taxonomy_subject/entry./user/tsegaran/random/taxonomy_entry/taxonomy;/m/04n6k;/m/04sh3;/education/field_of_study/students_majoring./education/education/major_field_of_study;/m/03g3w;4.0755424;1;3.8064783;1;3.793185;1;0.5033232676360982;1.8877809047698975
/m/03g3w;/user/tsegaran/random/taxonomy_subject/entry./user/tsegaran/random/taxonomy_entry/taxonomy;/m/04n6k;/m/062z7;/education/field_of_study/students_majoring./education/education/major_field_of_study;/m/03g3w;4.0755424;1;3.8064783;1;3.7949371;1;0.5028852500140059;1.8869376182556152
/m/03g3w;/user/tsegaran/random/taxonomy_subject/entry./user/tsegaran/random/taxonomy_entry/taxonomy;/m/04n6k;/m/03g3w;/education/field_of_study/students_majoring./education/education/major_field_of_study;/m/037mh8;4.0755424;1;3.8064783;1;3.8011186;1;0.5013399092070504;1.8870720863342285
/m/03g3w;/user/tsegaran/random/taxonomy_subject/entry./user/tsegaran/random/taxonomy_entry/taxonomy;/m/04n6k;/m/03g3w;/education/field_of_study/students_majoring./education/education/major_field_of_study;/m/04g51;4.0755424;1;3.8064783;1;3.797539;1;0.5022348016692221;1.8970253467559814
/m/03g3w;/user/tsegaran/random/taxonomy_subject/entry./user/tsegaran/random/taxonomy_entry/taxonomy;/m/04n6k;/m/0fdys;/education/field_of_study/students_majoring./education/education/major_field_of_study;/m/03g3w;4.0755424;1;3.8064783;1;3.8006055;1;0.501468177390456;1.8883123397827148
/m/03g3w;/user/tsegaran/random/taxonomy_subject/entry./user/tsegaran/random/taxonomy_entry/taxonomy;/m/04n6k;/m/037mh8;/education/field_of_study/students_majoring./education/education/major_field_of_study;/m/03g3w;4.0755424;1;3.8064783;1;3.8012843;1;0.5012984842673212;1.887174367904663
/m/03g3w;/user/tsegaran/random/taxonomy_subject/entry./user/tsegaran/random/taxonomy_entry/taxonomy;/m/04n6k;/m/03g3w;/education/field_of_study/students_majoring./education/education/major_field_of_study;/m/0fdys;4.0755424;1;3.8064783;1;3.8012862;1;0.5012980074333777;1.8872525691986084
/m/03g3w;/user/tsegaran/random/taxonomy_subject/entry./user/tsegaran/random/taxonomy_entry/taxonomy;/m/04n6k;/m/0h5k;/education/field_of_study/students_majoring./education/education/major_field_of_study;/m/03g3w;4.0755424;1;3.8064783;1;3.8017273;1;0.5011877395223329;1.8889436721801758
/m/03g3w;/user/tsegaran/random/taxonomy_subject/entry./user/tsegaran/random/taxonomy_entry/taxonomy;/m/04n6k;/m/03g3w;/education/field_of_study/students_majoring./education/education/student;/m/083q7;4.0755424;1;3.8064783;1;3.8118124;1;0.49866646844435736;1.887223482131958
/m/03g3w;/user/tsegaran/random/taxonomy_subject/entry./user/tsegaran/random/taxonomy_entry/taxonomy;/m/04n6k;/m/03g3w;/education/field_of_study/students_majoring./education/education/major_field_of_study;/m/01lj9;4.0755424;1;3.8064783;1;3.7954297;1;0.5027621107458894;1.8871245384216309
/m/03g3w;/user/tsegaran/random/taxonomy_subject/entry./user/tsegaran/random/taxonomy_entry/taxonomy;/m/04n6k;/m/09r94m;/film/film/genre;/m/03g3w;4.0755424;1;3.8064783;1;3.8126204;1;0.4984644699687281;1.8887205123901367
/m/03g3w;/user/tsegaran/random/taxonomy_subject/entry./user/tsegaran/random/taxonomy_entry/taxonomy;/m/04n6k;/m/02_cx_;/education/educational_institution/students_graduates./education/education/major_field_of_study;/m/03g3w;4.0755424;1;3.8064783;1;3.806745;1;0.49993330240289197;1.888899564743042
/m/03g3w;/user/tsegaran/random/taxonomy_subject/entry./user/tsegaran/random/taxonomy_entry/taxonomy;/m/04n6k;/m/03_gz8;/film/film/genre;/m/03g3w;4.0755424;1;3.8064783;1;3.808979;1;0.4993748072067734;1.8870906829833984
/m/03g3w;/user/tsegaran/random/taxonomy_subject/entry./user/tsegaran/random/taxonomy_entry/taxonomy;/m/04n6k;/m/07tl0;/education/educational_institution/students_graduates./education/education/major_field_of_study;/m/03g3w;4.0755424;1;3.8064783;1;3.8161218;1;0.4975891300119662;1.8880009651184082
/m/06qd3;/location/country/form_of_government;/m/01fpfn;/m/06qd3;/military/military_combatant/military_conflicts./military/military_combatant_group/combatants;/m/05v8c;8.042364;1;10.333479;1;10.337565;1;0.49897837781025894;8.894442081451416
/m/06qd3;/location/country/form_of_government;/m/01fpfn;/m/07f1x;/military/military_combatant/military_conflicts./military/military_combatant_group/combatants;/m/06qd3;8.042364;1;10.333479;1;10.33349;1;0.4999971389770509;2.143319845199585
/m/06qd3;/location/country/form_of_government;/m/01fpfn;/m/0jqn5;/film/film/release_date_s./film/film_regional_release_date/film_release_region;/m/06qd3;8.042364;1;10.333479;1;10.335431;1;0.4995119573235722;2.1436774730682373
/m/06qd3;/location/country/form_of_government;/m/01fpfn;/m/019w9j;/olympics/olympic_sport/athletes./olympics/olympic_athlete_affiliation/country;/m/06qd3;8.042364;1;10.333479;1;10.338028;1;0.4988627453388466;2.141864061355591
/m/06qd3;/location/country/form_of_government;/m/01fpfn;/m/0fq27fp;/film/film/release_date_s./film/film_regional_release_date/film_release_region;/m/06qd3;8.042364;1;10.333479;1;10.336617;1;0.4992153651002603;2.1444895267486572
/m/06qd3;/location/country/form_of_government;/m/01fpfn;/m/07l50vn;/film/film/release_date_s./film/film_regional_release_date/film_release_region;/m/06qd3;8.042364;1;10.333479;1;10.330705;1;0.5006935592017808;2.1418089866638184
/m/06qd3;/location/country/form_of_government;/m/01fpfn;/m/0dr89x;/film/film/release_date_s./film/film_regional_release_date/film_release_region;/m/06qd3;8.042364;1;10.333479;1;10.340996;1;0.49812079360794426;2.1427175998687744
/m/06qd3;/location/country/form_of_government;/m/01fpfn;/m/047tsx3;/film/film/release_date_s./film/film_regional_release_date/film_release_region;/m/06qd3;8.042364;1;10.333479;1;10.334202;1;0.4998192787249109;2.1441330909729004
/m/06qd3;/location/country/form_of_government;/m/01fpfn;/m/0fpkhkz;/film/film/release_date_s./film/film_regional_release_date/film_release_region;/m/06qd3;8.042364;1;10.333479;1;10.335921;1;0.49938941032244105;2.1434171199798584
/m/06qd3;/location/country/form_of_government;/m/01fpfn;/m/0_b3d;/film/film/release_date_s./film/film_regional_release_date/film_release_region;/m/06qd3;8.042364;1;10.333479;1;10.340215;1;0.4983160559426564;2.143221616744995
/m/06qd3;/location/country/form_of_government;/m/01fpfn;/m/03fyrh;/olympics/olympic_sport/athletes./olympics/olympic_athlete_affiliation/country;/m/06qd3;8.042364;1;10.333479;1;10.3224325;1;0.5027615743204539;2.144312858581543
/m/06qd3;/location/country/form_of_government;/m/01fpfn;/m/02_5h;/olympics/olympic_sport/athletes./olympics/olympic_athlete_affiliation/country;/m/06qd3;8.042364;1;10.333479;1;10.340528;1;0.49823785557755196;2.1434683799743652
/m/06qd3;/location/country/form_of_government;/m/01fpfn;/m/06tw8;/location/statistical_region/places_exported_to./location/imports_and_exports/exported_to;/m/06qd3;8.042364;1;10.333479;1;10.33343;1;0.5000121593475317;2.143613338470459
/m/06qd3;/location/country/form_of_government;/m/01fpfn;/m/06qd3;/military/military_combatant/military_conflicts./military/military_combatant_group/combatants;/m/07ssc;8.042364;1;10.333479;1;10.337209;1;0.49906754601812425;2.1432642936706543
/m/06qd3;/location/country/form_of_government;/m/01fpfn;/m/09_bl;/olympics/olympic_sport/athletes./olympics/olympic_athlete_affiliation/country;/m/06qd3;8.042364;1;10.333479;1;10.344527;1;0.49723794885693645;2.142674207687378
/m/06qd3;/location/country/form_of_government;/m/01fpfn;/m/047vnkj;/film/film/release_date_s./film/film_regional_release_date/film_release_region;/m/06qd3;8.042364;1;10.333479;1;10.329258;1;0.5010552390643795;2.1430628299713135
/m/06qd3;/location/country/form_of_government;/m/01fpfn;/m/07k2mq;/film/film/release_date_s./film/film_regional_release_date/film_release_region;/m/06qd3;8.042364;1;10.333479;1;10.339646;1;0.49845815193621595;2.144430637359619
/m/06qd3;/location/country/form_of_government;/m/01fpfn;/m/06qd3;/olympics/olympic_participating_country/medals_won./olympics/olympic_medal_honor/olympics;/m/0swbd;8.042364;1;10.333479;1;10.342215;1;0.49781609970350715;2.143328905105591
/m/06qd3;/location/country/form_of_government;/m/01fpfn;/m/071t0;/olympics/olympic_sport/athletes./olympics/olympic_athlete_affiliation/country;/m/06qd3;8.042364;1;10.333479;1;10.315453;1;0.504506465951735;2.142465114593506
/m/06qd3;/location/country/form_of_government;/m/01fpfn;/m/018ctl;/olympics/olympic_games/participating_countries;/m/06qd3;8.042364;1;10.333479;1;10.329459;1;0.5010049329577472;2.143782138824463
/m/0gr51;/award/award_category/winners./award/award_honor/ceremony;/m/0bvhz9;/m/0gr51;/award/award_category/category_of;/m/0g_w;6.376609;1;8.532838;1;8.522639;1;0.5025496261857888;9.432189464569092
/m/0gr51;/award/award_category/winners./award/award_honor/ceremony;/m/0bvhz9;/m/0gr51;/award/award_category/nominees./award/award_nomination/nominated_for;/m/0g9lm2;6.376609;1;8.532838;1;8.523978;1;0.502214894112043;2.387420415878296
/m/0gr51;/award/award_category/winners./award/award_honor/ceremony;/m/0bvhz9;/m/0gr51;/award/award_category/nominees./award/award_nomination/nominated_for;/m/08nvyr;6.376609;1;8.532838;1;8.524536;1;0.5020754218114606;2.390631914138794
/m/0gr51;/award/award_category/winners./award/award_honor/ceremony;/m/0bvhz9;/m/0gr51;/award/award_category/nominees./award/award_nomination/nominated_for;/m/091z_p;6.376609;1;8.532838;1;8.515617;1;0.5043050178972146;2.390307664871216
/m/0gr51;/award/award_category/winners./award/award_honor/ceremony;/m/0bvhz9;/m/0gr51;/award/award_category/nominees./award/award_nomination/nominated_for;/m/0gy0l_;6.376609;1;8.532838;1;8.520546;1;0.5030729383750242;2.447308301925659
/m/0gr51;/award/award_category/winners./award/award_honor/ceremony;/m/0bvhz9;/m/013t9y;/award/award_nominee/award_nominations./award/award_nomination/award;/m/0gr51;6.376609;1;8.532838;1;8.518774;1;0.5035159008349388;2.4524905681610107
/m/0gr51;/award/award_category/winners./award/award_honor/ceremony;/m/0bvhz9;/m/0gr51;/award/award_category/nominees./award/award_nomination/nominated_for;/m/04qw17;6.376609;1;8.532838;1;8.533772;1;0.49976634980948786;2.451207399368286
/m/0gr51;/award/award_category/winners./award/award_honor/ceremony;/m/0bvhz9;/m/0gr51;/award/award_category/nominees./award/award_nomination/nominated_for;/m/04jwly;6.376609;1;8.532838;1;8.537743;1;0.49877381570582596;2.4525656700134277
/m/0gr51;/award/award_category/winners./award/award_honor/ceremony;/m/0bvhz9;/m/0gr51;/award/award_category/nominees./award/award_nomination/nominated_for;/m/0hmm7;6.376609;1;8.532838;1;8.539391;1;0.49836183180460436;2.458681344985962
/m/0gr51;/award/award_category/winners./award/award_honor/ceremony;/m/0bvhz9;/m/0gr51;/award/award_category/nominees./award/award_nomination/nominated_for;/m/0hmr4;6.376609;1;8.532838;1;8.53651;1;0.4990818510838782;2.4520044326782227
/m/0gr51;/award/award_category/winners./award/award_honor/ceremony;/m/0bvhz9;/m/0gr51;/award/award_category/nominees./award/award_nomination/nominated_for;/m/0sxmx;6.376609;1;8.532838;1;8.531751;1;0.5002717971534042;2.4515650272369385
/m/0gr51;/award/award_category/winners./award/award_honor/ceremony;/m/0bvhz9;/m/0gr51;/award/award_category/nominees./award/award_nomination/nominated_for;/m/011ykb;6.376609;1;8.532838;1;8.531226;1;0.5004029273114611;2.4520435333251953
/m/0gr51;/award/award_category/winners./award/award_honor/ceremony;/m/0bvhz9;/m/0gr51;/award/award_category/nominees./award/award_nomination/nominated_for;/m/0gmcwlb;6.376609;1;8.532838;1;8.529263;1;0.5008938303009031;2.450568914413452
/m/0gr51;/award/award_category/winners./award/award_honor/ceremony;/m/0bvhz9;/m/0gr51;/award/award_category/nominees./award/award_nomination/nominated_for;/m/011yhm;6.376609;1;8.532838;1;8.538924;1;0.4984784173252523;2.453187942504883
/m/0gr51;/award/award_category/winners./award/award_honor/ceremony;/m/0bvhz9;/m/011ywj;/award/award_winning_work/awards_won./award/award_honor/award;/m/0gr51;6.376609;1;8.532838;1;8.536445;1;0.4990983019113519;2.452019214630127
/m/0gr51;/award/award_category/winners./award/award_honor/ceremony;/m/0bvhz9;/m/0gr51;/award/award_category/nominees./award/award_nomination/nominated_for;/m/0pv2t;6.376609;1;8.532838;1;8.53609;1;0.4991869933617728;2.4520163536071777
/m/0gr51;/award/award_category/winners./award/award_honor/ceremony;/m/0bvhz9;/m/0bsb4j;/award/award_nominee/award_nominations./award/award_nomination/award;/m/0gr51;6.376609;1;8.532838;1;8.534552;1;0.49957156191821295;2.4508159160614014
/m/0gr51;/award/award_category/winners./award/award_honor/ceremony;/m/0bvhz9;/m/03flwk;/award/award_nominee/award_nominations./award/award_nomination/award;/m/0gr51;6.376609;1;8.532838;1;8.540665;1;0.4980433087100294;2.4516656398773193
/m/0gr51;/award/award_category/winners./award/award_honor/ceremony;/m/0bvhz9;/m/0pd4f;/award/award_winning_work/awards_won./award/award_honor/award;/m/0gr51;6.376609;1;8.532838;1;8.531368;1;0.5003674029642703;2.451698064804077
/m/0gr51;/award/award_category/winners./award/award_honor/ceremony;/m/0bvhz9;/m/0gr51;/award/award_category/winners./award/award_honor/ceremony;/m/0fzrtf;6.376609;1;8.532838;1;8.526826;2;1.5015029861957023;2.4529314041137695
