12321395;_hypernym;12320010;12319687;_member_meronym;12321395;9.521834;1;11.215124;1;9.647587;1;0.8274322485633653;4.743308782577515
12321395;_hypernym;12320010;12321395;_has_part;07774295;9.521834;1;11.215124;1;11.121735;1;0.52333042368793;1.282191276550293
09051235;_has_part;09103943;09050730;_has_part;09051235;8.09009;1;9.700437;1;9.3148;1;0.5952317946308672;4.673877954483032
09051235;_has_part;09103943;09051235;_has_part;09053185;8.09009;1;9.700437;1;9.072656;2;1.6519861211314844;1.2728087902069092
09051235;_has_part;09103943;09051235;_has_part;09137869;8.09009;1;9.700437;1;9.666278;2;1.508538846409638;1.2067363262176514
09051235;_has_part;09103943;09051235;_has_part;09075842;8.09009;1;9.700437;1;9.728086;1;0.4930879704934976;1.2118442058563232
01424456;_derivationally_related_form;05553486;05553486;_derivationally_related_form;01424456;9.927233;1;10.596238;1;9.960266;1;0.6538423642097786;4.816997289657593
01424456;_derivationally_related_form;05553486;01424456;_derivationally_related_form;00854000;9.927233;1;10.596238;1;10.642222;1;0.4885059582781289;1.2427761554718018
01424456;_derivationally_related_form;05553486;01425511;_hypernym;01424456;9.927233;1;10.596238;1;10.575417;1;0.5052052047844494;1.2372100353240967
01424456;_derivationally_related_form;05553486;01606018;_hypernym;01424456;9.927233;1;10.596238;1;10.592206;1;0.5010080323867164;1.2388553619384766
01424456;_derivationally_related_form;05553486;01424456;_hypernym;01216522;9.927233;1;10.596238;1;10.611635;1;0.49615080808404144;1.2368669509887695
01424456;_derivationally_related_form;05553486;00417859;_derivationally_related_form;01424456;9.927233;1;10.596238;1;10.6391115;1;0.4892832958628315;1.2485830783843994
01424456;_derivationally_related_form;05553486;00417397;_derivationally_related_form;01424456;9.927233;1;10.596238;1;10.671196;1;0.48126930742564983;1.2732410430908203
01424456;_derivationally_related_form;05553486;01424456;_derivationally_related_form;00417859;9.927233;1;10.596238;1;10.639677;2;1.4891419794553704;1.2755670547485352
01424456;_derivationally_related_form;05553486;00854000;_derivationally_related_form;01424456;9.927233;1;10.596238;1;10.642426;1;0.4884552020759212;1.2513749599456787
01424456;_derivationally_related_form;05553486;01424456;_derivationally_related_form;00417397;9.927233;1;10.596238;1;10.670727;2;1.4813864457775896;1.268512487411499
01424456;_derivationally_related_form;05553486;01424456;_derivationally_related_form;10191001;9.927233;1;10.596238;1;10.596403;1;0.49995875358590897;1.271373987197876
09425607;_derivationally_related_form;01513838;01513838;_derivationally_related_form;09425607;10.153874;1;10.882412;1;9.593575;1;0.7839503476252633;5.145976305007935
09425607;_derivationally_related_form;01513838;01260159;_derivationally_related_form;09425607;10.153874;1;10.882412;1;11.073769;1;0.452306281407084;1.2777907848358154
09425607;_derivationally_related_form;01513838;09425607;_hypernym;09222051;10.153874;1;10.882412;1;11.147778;1;0.43404518516968366;1.2993412017822266
09425607;_derivationally_related_form;01513838;09425607;_derivationally_related_form;01260159;10.153874;1;10.882412;1;11.076909;2;1.451528429723417;1.2966670989990234
02647497;_derivationally_related_form;05393023;05393023;_derivationally_related_form;02647497;9.965953;1;10.506517;1;9.9675665;1;0.6315683412861781;5.091358661651611
02647497;_derivationally_related_form;05393023;02647497;_synset_domain_topic_of;06057539;9.965953;1;10.506517;1;10.447593;1;0.5147269078641885;1.264230728149414
02647497;_derivationally_related_form;05393023;00349951;_hypernym;02647497;9.965953;1;10.506517;1;10.493033;1;0.503370949215054;1.2583668231964111
02647497;_derivationally_related_form;05393023;01758339;_derivationally_related_form;02647497;9.965953;1;10.506517;1;10.55349;1;0.4882590899822546;1.2463629245758057
02647497;_derivationally_related_form;05393023;02647497;_derivationally_related_form;10721124;9.965953;1;10.506517;1;10.56959;1;0.48423717401821126;1.2462143898010254
02647497;_derivationally_related_form;05393023;04765355;_derivationally_related_form;02647497;9.965953;1;10.506517;1;10.548874;1;0.48941246008149525;1.24308180809021
02647497;_derivationally_related_form;05393023;02647497;_verb_group;02612234;9.965953;1;10.506517;1;10.535217;1;0.4928255237314932;1.2411274909973145
02647497;_derivationally_related_form;05393023;02612234;_verb_group;02647497;9.965953;1;10.506517;1;10.536627;1;0.4924732172455859;1.2190535068511963
02647497;_derivationally_related_form;05393023;02647497;_derivationally_related_form;01758339;9.965953;1;10.506517;1;10.554323;2;1.4880508290929357;1.1607739925384521
02647497;_derivationally_related_form;05393023;02647497;_derivationally_related_form;04765355;9.965953;1;10.506517;1;10.549687;2;1.4892091819838498;1.1003696918487549
02647497;_derivationally_related_form;05393023;10721124;_derivationally_related_form;02647497;9.965953;1;10.506517;1;10.568098;1;0.4846096987656446;1.0962421894073486
02647497;_derivationally_related_form;05393023;02647918;_hypernym;02647497;9.965953;1;10.506517;1;10.5040045;1;0.5006282326253343;1.1958122253417969
02647497;_derivationally_related_form;05393023;02647497;_hypernym;00118523;9.965953;1;10.506517;1;10.510783;1;0.49893355531284594;1.3044443130493164
00065070;_derivationally_related_form;14322699;14322699;_derivationally_related_form;00065070;8.891443;1;9.825921;1;8.970824;1;0.7016352219987347;5.048298358917236
00065070;_derivationally_related_form;14322699;14324274;_derivationally_related_form;00065070;8.891443;1;9.825921;1;9.806318;1;0.5049005369674785;1.245272159576416
00065070;_derivationally_related_form;14322699;07495327;_derivationally_related_form;00065070;8.891443;1;9.825921;1;9.737988;1;0.5219689928810151;1.2619805335998535
00065070;_derivationally_related_form;14322699;10595647;_derivationally_related_form;00065070;8.891443;1;9.825921;1;9.926985;1;0.47475555123494373;1.2470204830169678
00065070;_derivationally_related_form;14322699;00065070;_derivationally_related_form;07495327;8.891443;1;9.825921;1;9.738379;2;1.5218716671031791;1.246725082397461
00065070;_derivationally_related_form;14322699;00065070;_derivationally_related_form;10595647;8.891443;1;9.825921;1;9.926531;2;1.4748687504802822;1.2464208602905273
00065070;_derivationally_related_form;14322699;00065070;_derivationally_related_form;14285662;8.891443;1;9.825921;1;9.781937;1;0.5109943308483179;1.2434132099151611
00065070;_derivationally_related_form;14322699;00065370;_hypernym;00065070;8.891443;1;9.825921;1;9.925108;1;0.47522358496545175;1.2432236671447754
00065070;_derivationally_related_form;14322699;00065070;_hypernym;02604760;8.891443;1;9.825921;1;10.065119;1;0.44048406677307;1.2460432052612305
00065070;_derivationally_related_form;14322699;01188144;_hypernym;00065070;8.891443;1;9.825921;1;9.957923;1;0.46704736548831843;1.2487983703613281
00065070;_derivationally_related_form;14322699;00077698;_hypernym;00065070;8.891443;1;9.825921;1;9.937788;1;0.4720623909478499;1.2490692138671875
11723655;_hypernym;11571907;11719468;_member_meronym;11723655;8.299691;1;9.820655;1;5.0571136;4;3.9915369049910088;4.880825519561768
11723655;_hypernym;11571907;11723655;_member_meronym;11723770;8.299691;1;9.820655;1;11.803409;1;0.12102559214156781;1.2703001499176025
08182379;_derivationally_related_form;02028722;02028722;_derivationally_related_form;08182379;9.437204;1;10.396253;1;9.152306;1;0.7762503044749564;4.869774341583252
08182379;_derivationally_related_form;02028722;08182379;_derivationally_related_form;02027612;9.437204;1;10.396253;1;10.489984;2;1.476584408975333;1.2374513149261475
08182379;_derivationally_related_form;02028722;02027612;_derivationally_related_form;08182379;9.437204;1;10.396253;1;10.487117;1;0.477299570933336;1.235672950744629
08182379;_derivationally_related_form;02028722;08182379;_hypernym;07975026;9.437204;1;10.396253;1;10.69103;1;0.42683480310464617;1.2355608940124512
08182379;_derivationally_related_form;02028722;08184600;_hypernym;08182379;9.437204;1;10.396253;1;10.447741;1;0.4871308622209289;1.2356722354888916
08182379;_derivationally_related_form;02028722;08184217;_hypernym;08182379;9.437204;1;10.396253;1;10.512289;1;0.47102340176014373;1.2383041381835938
08182379;_derivationally_related_form;02028722;08274565;_hypernym;08182379;9.437204;1;10.396253;1;10.446012;1;0.4875628382593359;1.2398498058319092
08182379;_derivationally_related_form;02028722;08183398;_hypernym;08182379;9.437204;1;10.396253;1;10.483926;1;0.4780957321453253;1.2415590286254883
01371756;_derivationally_related_form;00136329;00136329;_derivationally_related_form;01371756;9.886036;1;10.553365;1;9.026055;1;0.8216123087960256;4.896095275878906
01371756;_derivationally_related_form;00136329;01372408;_hypernym;01371756;9.886036;1;10.553365;1;10.526094;1;0.5068171567982859;1.2314138412475586
01371756;_derivationally_related_form;00136329;01371756;_synset_domain_topic_of;00523513;9.886036;1;10.553365;1;10.851778;1;0.4259454166353179;1.2376420497894287
01371756;_derivationally_related_form;00136329;01371756;_derivationally_related_form;10230580;9.886036;1;10.553365;1;10.774865;2;1.444850198574624;1.237504243850708
01371756;_derivationally_related_form;00136329;10230580;_derivationally_related_form;01371756;9.886036;1;10.553365;1;10.77321;1;0.4452590950254282;1.2363967895507812
01371756;_derivationally_related_form;00136329;01371756;_hypernym;01511706;9.886036;1;10.553365;1;10.690819;1;0.4656904939783518;1.2454602718353271
08926877;_instance_hypernym;09203827;09382990;_has_part;08926877;6.954203;1;8.148576;1;2.966339;10;9.99441592451856;4.7649078369140625
08926877;_instance_hypernym;09203827;08921850;_has_part;08926877;6.954203;1;8.148576;1;9.216614;1;0.2557763838672322;1.2632722854614258
01551871;_derivationally_related_form;10566072;10566072;_derivationally_related_form;01551871;9.426269;1;10.135429;1;9.009043;1;0.7551714504713452;4.876546382904053
01551871;_derivationally_related_form;10566072;01551871;_verb_group;01684337;9.426269;1;10.135429;1;10.361613;1;0.4436938705702129;1.2448694705963135
01551871;_derivationally_related_form;10566072;01684337;_verb_group;01551871;9.426269;1;10.135429;1;10.364663;1;0.44294120697458106;1.2392561435699463
01551871;_derivationally_related_form;10566072;01551871;_hypernym;01256157;9.426269;1;10.135429;1;10.169507;1;0.4914814132731903;1.2402455806732178
01551871;_derivationally_related_form;10566072;00937656;_derivationally_related_form;01551871;9.426269;1;10.135429;1;10.1415825;1;0.4984617281809739;1.2459700107574463
01551871;_derivationally_related_form;10566072;01551871;_derivationally_related_form;04157320;9.426269;1;10.135429;1;10.227764;2;1.476932699594045;1.2392125129699707
01551871;_derivationally_related_form;10566072;04157320;_derivationally_related_form;01551871;9.426269;1;10.135429;1;10.227434;1;0.47701501747038305;1.2406823635101318
00583239;_also_see;00346991;00346991;_also_see;00583239;9.626781;1;10.425682;1;9.613466;1;0.6925814778258338;4.930581092834473
00583239;_also_see;00346991;02290998;_also_see;00583239;9.626781;1;10.425682;1;10.376778;1;0.5122236686132986;1.2195117473602295
00583239;_also_see;00346991;00583239;_also_see;02290998;9.626781;1;10.425682;1;10.33807;2;1.5218890383297379;1.2245492935180664
00583239;_also_see;00346991;00583239;_also_see;02505716;9.626781;1;10.425682;1;10.5741625;2;1.4629479433073325;1.2277889251708984
00583239;_also_see;00346991;02505716;_also_see;00583239;9.626781;1;10.425682;1;10.60765;1;0.45463318029510735;1.236757755279541
00583239;_also_see;00346991;00958880;_also_see;00583239;9.626781;1;10.425682;1;10.564257;1;0.46541168196340627;1.2435986995697021
00583239;_also_see;00346991;00583239;_also_see;00958880;9.626781;1;10.425682;1;10.528387;2;1.4743462958632514;1.2396831512451172
14302261;_derivationally_related_form;02616627;02616627;_derivationally_related_form;14302261;10.798584;1;11.781616;1;8.525655;2;1.9628867379650767;4.9690937995910645
14302261;_derivationally_related_form;02616627;14302261;_hypernym;14299637;10.798584;1;11.781616;1;12.101368;1;0.42073625202825266;1.2683696746826172
02463141;_derivationally_related_form;00183505;00183505;_derivationally_related_form;02463141;9.846657;1;11.571101;1;7.358965;1;0.9854015845857106;4.975444316864014
02463141;_derivationally_related_form;00183505;02463141;_hypernym;02461314;9.846657;1;11.571101;1;12.090977;1;0.3728813402315877;1.278174877166748
01725712;_also_see;01463965;01463965;_also_see;01725712;9.543055;1;10.350136;1;8.945103;1;0.8029813527855902;4.943464994430542
01725712;_also_see;01463965;01725712;_also_see;00853776;9.543055;1;10.350136;1;10.458468;2;1.4729432976963035;1.2384884357452393
01725712;_also_see;01463965;00853776;_also_see;01725712;9.543055;1;10.350136;1;10.4945965;1;0.46394750663081136;1.2406673431396484
01725712;_also_see;01463965;01725712;_derivationally_related_form;07480896;9.543055;1;10.350136;1;10.435052;1;0.4787837185353833;1.2391037940979004
01725712;_also_see;01463965;07480896;_derivationally_related_form;01725712;9.543055;1;10.350136;1;10.433918;1;0.4790666945917907;1.2363386154174805
01725712;_also_see;01463965;01725712;_also_see;01256332;9.543055;1;10.350136;1;10.561483;2;1.4473589061099128;1.2403130531311035
01725712;_also_see;01463965;01256332;_also_see;01725712;9.543055;1;10.350136;1;10.595895;1;0.438867624980708;1.2418205738067627
12812665;_hypernym;11579418;12811856;_member_meronym;12812665;6.0953193;1;6.1811814;2;-0.0011762712;32148;32146.997938705736;3.757411003112793
05685879;_derivationally_related_form;01462928;01462928;_derivationally_related_form;05685879;9.704823;1;10.736858;1;9.408423;1;0.7905816383616872;4.685953855514526
05685879;_derivationally_related_form;01462928;01521124;_derivationally_related_form;05685879;9.704823;1;10.736858;1;10.870933;1;0.46653156762210085;1.2393670082092285
05685879;_derivationally_related_form;01462928;05685879;_derivationally_related_form;01521124;9.704823;1;10.736858;1;10.871282;2;1.4664446984154702;1.2391045093536377
05685879;_derivationally_related_form;01462928;05685879;_derivationally_related_form;00402831;9.704823;1;10.736858;1;10.927096;2;1.4525834165519342;1.2374489307403564
05685879;_derivationally_related_form;01462928;05685879;_hypernym;05685363;9.704823;1;10.736858;1;10.750345;1;0.4966283355617262;1.2381865978240967
05685879;_derivationally_related_form;01462928;00402831;_derivationally_related_form;05685879;9.704823;1;10.736858;1;10.927483;1;0.45248772717267643;1.2373547554016113
08923755;_instance_hypernym;08524735;08920924;_has_part;08923755;6.2480373;1;7.350054;1;7.2227345;1;0.5317869062033557;4.834969997406006
08923755;_instance_hypernym;08524735;08921850;_has_part;08923755;6.2480373;1;7.350054;1;6.4570246;2;1.709514899993013;1.2657873630523682
04975340;_derivationally_related_form;00574735;00574735;_derivationally_related_form;04975340;10.470832;1;11.341274;1;8.851005;3;2.9234568656157416;5.08967137336731
04975340;_derivationally_related_form;00574735;04975340;_hypernym;04974968;10.470832;1;11.341274;1;11.515397;1;0.45657894802602506;1.2730939388275146
04975340;_derivationally_related_form;00574735;04975340;_derivationally_related_form;00366691;10.470832;1;11.341274;1;11.837307;1;0.37847344748666656;1.2836496829986572
00154689;_derivationally_related_form;02481231;02481231;_derivationally_related_form;00154689;10.906488;1;11.591208;1;7.5275025;2;1.9831051280762775;5.137584447860718
00154689;_derivationally_related_form;02481231;00154689;_hypernym;00153961;10.906488;1;11.591208;1;12.037044;1;0.3903514602067755;1.2649621963500977
00974367;_derivationally_related_form;09795124;09795124;_derivationally_related_form;00974367;10.058838;1;10.861394;1;10.357732;1;0.6233195537631449;4.8424036502838135
00974367;_derivationally_related_form;09795124;00974367;_derivationally_related_form;09795334;10.058838;1;10.861394;1;10.785488;2;1.5189673438438434;1.2436168193817139
00974367;_derivationally_related_form;09795124;09795334;_derivationally_related_form;00974367;10.058838;1;10.861394;1;10.7839365;1;0.5193546811809548;1.2402780055999756
00974367;_derivationally_related_form;09795124;00975902;_hypernym;00974367;10.058838;1;10.861394;1;10.911786;1;0.487404627525539;1.242494821548462
00974367;_derivationally_related_form;09795124;00974367;_hypernym;00831651;10.058838;1;10.861394;1;10.827173;1;0.508554339089351;1.2408149242401123
00974367;_derivationally_related_form;09795124;00965687;_hypernym;00974367;10.058838;1;10.861394;1;10.872465;1;0.4972322269860122;1.241837501525879
00974367;_derivationally_related_form;09795124;00991683;_hypernym;00974367;10.058838;1;10.861394;1;10.918509;1;0.48572522995593936;1.240229606628418
00974367;_derivationally_related_form;09795124;00975584;_hypernym;00974367;10.058838;1;10.861394;1;10.897523;1;0.49096873290739673;1.2405447959899902
00974367;_derivationally_related_form;09795124;00974786;_hypernym;00974367;10.058838;1;10.861394;1;10.910374;1;0.487757507593495;1.2432475090026855
00974367;_derivationally_related_form;09795124;02180529;_hypernym;00974367;10.058838;1;10.861394;1;10.962828;1;0.47466328149995346;1.2401487827301025
01448100;_derivationally_related_form;10492202;10492202;_derivationally_related_form;01448100;8.730622;1;9.231892;1;8.781338;1;0.6107709191474258;5.210559129714966
01448100;_derivationally_related_form;10492202;01454810;_hypernym;01448100;8.730622;1;9.231892;1;9.216524;1;0.503841801377193;1.470412015914917
01448100;_derivationally_related_form;10492202;01453433;_hypernym;01448100;8.730622;1;9.231892;1;9.20461;1;0.5068200172891635;1.4690368175506592
01448100;_derivationally_related_form;10492202;00115036;_derivationally_related_form;01448100;8.730622;1;9.231892;1;9.134482;1;0.5243330746401342;1.4690802097320557
01448100;_derivationally_related_form;10492202;01448100;_hypernym;01850315;8.730622;1;9.231892;1;9.191807;1;0.5100198680971403;1.4700369834899902
01448100;_derivationally_related_form;10492202;01505254;_hypernym;01448100;8.730622;1;9.231892;1;9.252331;1;0.49489039089345754;1.471630334854126
01448100;_derivationally_related_form;10492202;01448100;_also_see;01505254;8.730622;1;9.231892;1;9.26466;1;0.49180867056786626;1.4693984985351562
01448100;_derivationally_related_form;10492202;01448100;_derivationally_related_form;00115036;8.730622;1;9.231892;1;9.134545;2;1.5243173762580393;1.4677839279174805
01448100;_derivationally_related_form;10492202;01592072;_hypernym;01448100;8.730622;1;9.231892;1;9.227391;1;0.5011250953758541;1.4771828651428223
01448100;_derivationally_related_form;10492202;01448100;_derivationally_related_form;00114431;8.730622;1;9.231892;1;9.299099;2;1.4832044872851662;1.4696686267852783
01448100;_derivationally_related_form;10492202;01448100;_verb_group;02103162;8.730622;1;9.231892;1;9.241431;1;0.49761511703938666;1.469871997833252
01448100;_derivationally_related_form;10492202;00114431;_derivationally_related_form;01448100;8.730622;1;9.231892;1;9.299257;1;0.48316495456376224;1.4741134643554688
01448100;_derivationally_related_form;10492202;02103162;_verb_group;01448100;8.730622;1;9.231892;1;9.241835;1;0.49751426837324675;1.4715323448181152
01448100;_derivationally_related_form;10492202;01609287;_verb_group;01448100;8.730622;1;9.231892;1;9.285536;1;0.48659217007853783;1.4696664810180664
01448100;_derivationally_related_form;10492202;01448100;_derivationally_related_form;11458624;8.730622;1;9.231892;1;9.313173;2;1.479690764705408;1.4684514999389648
01448100;_derivationally_related_form;10492202;01448100;_derivationally_related_form;00115667;8.730622;1;9.231892;1;9.218898;2;1.503248407435521;1.4689905643463135
01448100;_derivationally_related_form;10492202;01448100;_verb_group;01609287;8.730622;1;9.231892;1;9.28497;1;0.48673345169837956;1.4692094326019287
01448100;_derivationally_related_form;10492202;11458624;_derivationally_related_form;01448100;8.730622;1;9.231892;1;9.313116;1;0.4797050462353081;1.4706952571868896
01448100;_derivationally_related_form;10492202;00115667;_derivationally_related_form;01448100;8.730622;1;9.231892;1;9.21905;1;0.5032102620541616;1.4676361083984375
01448100;_derivationally_related_form;10492202;01452546;_hypernym;01448100;8.730622;1;9.231892;1;9.239905;1;0.49799657940140274;1.4701480865478516
00873603;_also_see;00884778;00884778;_also_see;00873603;9.246493;1;10.115368;1;9.185497;1;0.7170490334104588;4.783686637878418
00873603;_also_see;00884778;14050143;_derivationally_related_form;00873603;9.246493;1;10.115368;1;10.196009;1;0.47985071973087956;1.234893560409546
00873603;_also_see;00884778;00873603;_also_see;00808191;9.246493;1;10.115368;1;10.174828;2;1.4851394564032674;1.2450506687164307
00873603;_also_see;00884778;00808191;_also_see;00873603;9.246493;1;10.115368;1;10.2015085;1;0.47847814824956897;1.2489745616912842
00873603;_also_see;00884778;00873603;_also_see;02278939;9.246493;1;10.115368;1;10.15679;2;1.4896460078179825;1.2418861389160156
00873603;_also_see;00884778;02278939;_also_see;00873603;9.246493;1;10.115368;1;10.163144;1;0.48805821585028336;1.2413344383239746
00873603;_also_see;00884778;00873603;_also_see;00804695;9.246493;1;10.115368;1;10.177287;2;1.484525140801912;1.2417097091674805
00873603;_also_see;00884778;05035961;_derivationally_related_form;00873603;9.246493;1;10.115368;1;10.145745;1;0.4924062369422282;1.2423095703125
00873603;_also_see;00884778;00873603;_derivationally_related_form;14050143;9.246493;1;10.115368;1;10.195442;1;0.4799921119887385;1.244403600692749
00873603;_also_see;00884778;00873603;_derivationally_related_form;05035961;9.246493;1;10.115368;1;10.145378;1;0.49249800717738695;1.2425463199615479
00873603;_also_see;00884778;00804695;_also_see;00873603;9.246493;1;10.115368;1;10.195489;1;0.4799804481960337;1.244774341583252
07193184;_derivationally_related_form;00788184;00788184;_derivationally_related_form;07193184;9.345024;1;10.391238;1;9.840943;1;0.6342040018131135;4.66996693611145
07193184;_derivationally_related_form;00788184;07193596;_hypernym;07193184;9.345024;1;10.391238;1;10.469994;1;0.4803213255346756;1.2346704006195068
07193184;_derivationally_related_form;00788184;07193958;_hypernym;07193184;9.345024;1;10.391238;1;10.469283;1;0.48049867471184954;1.2323193550109863
07193184;_derivationally_related_form;00788184;07193184;_derivationally_related_form;00785008;9.345024;1;10.391238;1;10.256054;2;1.5337446978745755;1.239349365234375
07193184;_derivationally_related_form;00788184;00785008;_derivationally_related_form;07193184;9.345024;1;10.391238;1;10.257214;1;0.5334560901400384;1.239961862564087
07193184;_derivationally_related_form;00788184;00784342;_derivationally_related_form;07193184;9.345024;1;10.391238;1;10.460858;1;0.48260199361168343;1.2389841079711914
07193184;_derivationally_related_form;00788184;07193184;_derivationally_related_form;00784342;9.345024;1;10.391238;1;10.460267;2;1.4827496356708965;1.2409558296203613
07193184;_derivationally_related_form;00788184;07193184;_derivationally_related_form;00785962;9.345024;1;10.391238;1;10.515672;1;0.4689316979843857;1.2404663562774658
07193184;_derivationally_related_form;00788184;00785962;_derivationally_related_form;07193184;9.345024;1;10.391238;1;10.515719;1;0.46891982309922564;1.239696979522705
07193184;_derivationally_related_form;00788184;07193184;_hypernym;07185325;9.345024;1;10.391238;1;10.429808;1;0.49035883256116464;1.2383391857147217
01906823;_derivationally_related_form;05003090;05003090;_derivationally_related_form;01906823;9.3762;1;11.038392;1;10.261149;1;0.6850855401157173;5.042508125305176
01906823;_derivationally_related_form;05003090;01904930;_verb_group;01906823;9.3762;1;11.038392;1;11.213339;1;0.4563745152110517;1.2799036502838135
01906823;_derivationally_related_form;05003090;01906823;_verb_group;01904930;9.3762;1;11.038392;1;11.209075;1;0.4574325649474541;1.282177448272705
01906823;_derivationally_related_form;05003090;00283568;_derivationally_related_form;01906823;9.3762;1;11.038392;1;11.105068;1;0.48333713776922954;1.2769560813903809
01906823;_derivationally_related_form;05003090;01906823;_derivationally_related_form;00283568;9.3762;1;11.038392;1;11.107754;2;1.482666527107329;1.2769598960876465
01683724;_hypernym;01656813;01673668;_member_meronym;01683724;7.972832;1;8.940558;1;6.2375693;3;2.937202793740963;5.244352102279663
01683724;_hypernym;01656813;01683724;_member_meronym;01684435;7.972832;1;8.940558;1;8.779913;1;0.5400752232647417;1.2777087688446045
01683724;_hypernym;01656813;01683724;_member_meronym;01684133;7.972832;1;8.940558;1;10.155737;1;0.2287860596643943;1.2840895652770996
00567044;_synset_domain_topic_of;00479887;00567685;_hypernym;00567044;8.787619;1;9.561141;1;9.364846;1;0.5489167267614642;4.873416185379028
00567044;_synset_domain_topic_of;00479887;00567044;_synset_domain_topic_of;00482298;8.787619;1;9.561141;1;8.266051;2;1.7850074314117506;1.2423644065856934
00567044;_synset_domain_topic_of;00479887;00567044;_hypernym;00566298;8.787619;1;9.561141;1;9.289966;1;0.5673814373650174;1.2379095554351807
00567044;_synset_domain_topic_of;00479887;01512259;_derivationally_related_form;00567044;8.787619;1;9.561141;1;9.831886;1;0.43272413967496176;1.2400588989257812
00567044;_synset_domain_topic_of;00479887;01509584;_derivationally_related_form;00567044;8.787619;1;9.561141;1;9.791855;1;0.4425760310251484;1.248877763748169
00567044;_synset_domain_topic_of;00479887;00567044;_derivationally_related_form;01509584;8.787619;1;9.561141;1;9.792191;1;0.44249321623544263;1.238063097000122
00567044;_synset_domain_topic_of;00479887;00567044;_derivationally_related_form;01512259;8.787619;1;9.561141;1;9.831636;1;0.43278547548461704;1.236426830291748
01432474;_derivationally_related_form;05301908;05301908;_derivationally_related_form;01432474;9.727443;1;10.964928;1;9.325962;1;0.8373941382031759;5.06321120262146
01432474;_derivationally_related_form;05301908;01432474;_derivationally_related_form;05302499;9.727443;1;10.964928;1;11.162107;2;1.4508641479899707;1.2751708030700684
01432474;_derivationally_related_form;05301908;05302499;_derivationally_related_form;01432474;9.727443;1;10.964928;1;11.160861;1;0.4511727705849517;1.2801032066345215
01432474;_derivationally_related_form;05301908;01432474;_hypernym;01206218;9.727443;1;10.964928;1;11.336366;1;0.408193589438454;1.2782747745513916
13412321;_derivationally_related_form;01001857;01001857;_derivationally_related_form;13412321;9.59881;1;10.964722;1;10.059794;1;0.7119610013795007;4.952705383300781
13412321;_derivationally_related_form;01001857;13412321;_derivationally_related_form;02471690;9.59881;1;10.964722;1;11.075389;2;1.4723613951110857;1.2985427379608154
13412321;_derivationally_related_form;01001857;02471690;_derivationally_related_form;13412321;9.59881;1;10.964722;1;11.076043;1;0.4721983426740922;1.2994792461395264
13412321;_derivationally_related_form;01001857;13412321;_hypernym;13403643;9.59881;1;10.964722;1;10.8628845;1;0.5254373095644386;1.2965419292449951
13412321;_derivationally_related_form;01001857;13412321;_derivationally_related_form;02472033;9.59881;1;10.964722;1;11.059273;2;1.476379822623157;1.296684741973877
13412321;_derivationally_related_form;01001857;02472033;_derivationally_related_form;13412321;9.59881;1;10.964722;1;11.060819;1;0.47599422274399256;1.298950433731079
13412321;_derivationally_related_form;01001857;13412721;_hypernym;13412321;9.59881;1;10.964722;1;11.075855;1;0.4722451661648748;1.3023929595947266
13999663;_hypernym;13998576;13999663;_derivationally_related_form;01301410;6.3237395;1;7.2105227;2;6.9709663;2;0.5596043065774332;5.071836948394775
13999663;_hypernym;13998576;01301410;_derivationally_related_form;13999663;6.3237395;1;7.2105227;2;6.970786;2;0.5596487268618994;1.2784698009490967
13999663;_hypernym;13998576;13999663;_derivationally_related_form;02495038;6.3237395;1;7.2105227;2;7.320836;1;-0.5275504210098672;1.2815091609954834
13999663;_hypernym;13998576;02495038;_derivationally_related_form;13999663;6.3237395;1;7.2105227;2;7.3139634;1;-0.52583715638689;1.2894773483276367
01292727;_derivationally_related_form;09334396;09334396;_derivationally_related_form;01292727;9.199999;1;10.310109;1;6.298411;1;0.9822192518364499;5.065148115158081
01292727;_derivationally_related_form;09334396;01292727;_derivationally_related_form;14842992;9.199999;1;10.310109;1;10.910096;2;1.3543466611047064;1.28544020652771
01292727;_derivationally_related_form;09334396;01292727;_hypernym;01292534;9.199999;1;10.310109;1;10.624461;1;0.42205281336791894;1.28373384475708
01292727;_derivationally_related_form;09334396;14842992;_derivationally_related_form;01292727;9.199999;1;10.310109;1;10.908136;1;0.35479516219977003;1.2908072471618652
02016523;_derivationally_related_form;07370125;07370125;_derivationally_related_form;02016523;9.868098;1;10.3289795;1;9.953123;1;0.5928733294321088;5.226796388626099
02016523;_derivationally_related_form;07370125;02019716;_hypernym;02016523;9.868098;1;10.3289795;1;10.132748;1;0.5489011416989941;1.4637665748596191
02016523;_derivationally_related_form;07370125;02018524;_hypernym;02016523;9.868098;1;10.3289795;1;10.329768;1;0.49980282784530355;1.4595377445220947
02016523;_derivationally_related_form;07370125;02016523;_derivationally_related_form;10060175;9.868098;1;10.3289795;1;10.314918;2;1.503515424021355;1.4471328258514404
02016523;_derivationally_related_form;07370125;10060175;_derivationally_related_form;02016523;9.868098;1;10.3289795;1;10.314878;1;0.5035251986985397;1.4547243118286133
02016523;_derivationally_related_form;07370125;02016523;_also_see;02212646;9.868098;1;10.3289795;1;10.308753;1;0.5050564472582287;1.4574460983276367
02016523;_derivationally_related_form;07370125;01920220;_hypernym;02016523;9.868098;1;10.3289795;1;10.341382;1;0.49689940612386746;1.4552245140075684
02016523;_derivationally_related_form;07370125;02018049;_hypernym;02016523;9.868098;1;10.3289795;1;10.3470745;1;0.4954763693103437;1.4512455463409424
02016523;_derivationally_related_form;07370125;02017775;_hypernym;02016523;9.868098;1;10.3289795;1;10.353621;1;0.4938400524334613;1.4507901668548584
02016523;_derivationally_related_form;07370125;02085742;_hypernym;02016523;9.868098;1;10.3289795;1;10.355557;1;0.49335590372323906;1.4526283740997314
02016523;_derivationally_related_form;07370125;01852892;_hypernym;02016523;9.868098;1;10.3289795;1;10.34833;1;0.49516263796466226;1.4616644382476807
02016523;_derivationally_related_form;07370125;03290771;_derivationally_related_form;02016523;9.868098;1;10.3289795;1;10.390406;1;0.48464828607317806;1.4551301002502441
02016523;_derivationally_related_form;07370125;02016523;_derivationally_related_form;00049003;9.868098;1;10.3289795;1;10.402741;2;1.481567871405308;1.4535000324249268
02016523;_derivationally_related_form;07370125;00049003;_derivationally_related_form;02016523;9.868098;1;10.3289795;1;10.402652;1;0.48159025233228475;1.4540650844573975
02016523;_derivationally_related_form;07370125;02017299;_hypernym;02016523;9.868098;1;10.3289795;1;10.35585;1;0.4932827222867307;1.4520618915557861
02016523;_derivationally_related_form;07370125;02017149;_hypernym;02016523;9.868098;1;10.3289795;1;10.360349;1;0.4921583407009632;1.4603843688964844
02016523;_derivationally_related_form;07370125;01227675;_hypernym;02016523;9.868098;1;10.3289795;1;10.326778;1;0.5005502698584062;1.4572112560272217
02016523;_derivationally_related_form;07370125;01920330;_hypernym;02016523;9.868098;1;10.3289795;1;10.356149;1;0.49320811089049577;1.456197738647461
02016523;_derivationally_related_form;07370125;01154554;_hypernym;02016523;9.868098;1;10.3289795;1;10.361768;1;0.49180366512230633;1.4553327560424805
09991867;_derivationally_related_form;01226600;01226600;_derivationally_related_form;09991867;9.69178;1;10.542127;1;9.945462;1;0.6448928098474092;4.838808536529541
09991867;_derivationally_related_form;01226600;01425892;_derivationally_related_form;09991867;9.69178;1;10.542127;1;10.534486;1;0.5019102003622615;1.238797903060913
09991867;_derivationally_related_form;01226600;09991867;_derivationally_related_form;01425892;9.69178;1;10.542127;1;10.534756;2;1.5018427288547926;1.2386054992675781
09991867;_derivationally_related_form;01226600;09991867;_hypernym;09622302;9.69178;1;10.542127;1;10.618526;1;0.4809093342128993;1.2397816181182861
09991867;_derivationally_related_form;01226600;10327583;_hypernym;09991867;9.69178;1;10.542127;1;10.64292;1;0.47482308996903433;1.237663745880127
09991867;_derivationally_related_form;01226600;10694849;_hypernym;09991867;9.69178;1;10.542127;1;10.559626;1;0.49562536912258;1.2378449440002441
09991867;_derivationally_related_form;01226600;10279540;_hypernym;09991867;9.69178;1;10.542127;1;10.634611;1;0.47689534767592023;1.2379050254821777
09991867;_derivationally_related_form;01226600;09921034;_hypernym;09991867;9.69178;1;10.542127;1;10.608966;1;0.4832964135818071;1.244887351989746
02396716;_derivationally_related_form;00163779;00163779;_derivationally_related_form;02396716;9.637462;1;11.17274;1;9.631015;1;0.8237153725954336;5.123582601547241
02396716;_derivationally_related_form;00163779;02396716;_derivationally_related_form;00164152;9.637462;1;11.17274;1;11.444015;1;0.43259421757793903;1.2797300815582275
02396716;_derivationally_related_form;00163779;00164152;_derivationally_related_form;02396716;9.637462;1;11.17274;1;11.443287;1;0.4327728335842419;1.280444860458374
02396716;_derivationally_related_form;00163779;02396716;_hypernym;02475922;9.637462;1;11.17274;1;11.282132;1;0.4726791978972578;1.2807185649871826
03804744;_has_part;03501288;03804744;_hypernym;03323703;8.035;1;9.174308;1;8.4013;1;0.6841710938619819;5.002570390701294
03804744;_has_part;03501288;03804744;_has_part;04184095;8.035;1;9.174308;1;9.040876;2;1.5333084548166036;1.2759993076324463
03804744;_has_part;03501288;03804744;_has_part;03042829;8.035;1;9.174308;1;8.776201;2;1.5982326595284586;1.2755250930786133
03804744;_has_part;03501288;01357831;_derivationally_related_form;03804744;8.035;1;9.174308;1;9.399229;1;0.4440055557595511;1.2792916297912598
03804744;_has_part;03501288;04383130;_hypernym;03804744;8.035;1;9.174308;1;9.4521055;1;0.43099378198779875;1.2766783237457275
09112857;_instance_hypernym;08524735;09112282;_has_part;09112857;5.9071426;1;6.406786;2;-0.00056022;29833;29831.99835332024;3.7026405334472656
02595662;_derivationally_related_form;10521470;10521470;_derivationally_related_form;02595662;9.049001;1;10.280486;1;9.006597;1;0.7814078461983658;4.921719074249268
02595662;_derivationally_related_form;10521470;07342049;_derivationally_related_form;02595662;9.049001;1;10.280486;1;10.350227;1;0.4825717511767721;1.2956748008728027
02595662;_derivationally_related_form;10521470;02595662;_derivationally_related_form;07342049;9.049001;1;10.280486;1;10.352513;2;1.482000979176406;1.2986187934875488
02595662;_derivationally_related_form;10521470;01964367;_derivationally_related_form;02595662;9.049001;1;10.280486;1;10.482453;1;0.4496791262266582;1.2960681915283203
02595662;_derivationally_related_form;10521470;02595662;_derivationally_related_form;01964367;9.049001;1;10.280486;1;10.485986;1;0.4488051248093006;1.2955057621002197
02595662;_derivationally_related_form;10521470;02595662;_hypernym;02367363;9.049001;1;10.280486;1;10.423988;1;0.46418587975454456;1.2960715293884277
01565472;_derivationally_related_form;00966384;00966384;_derivationally_related_form;01565472;10.152063;1;10.872114;1;10.602258;1;0.5670576640326217;5.229648590087891
01565472;_derivationally_related_form;00966384;00965895;_derivationally_related_form;01565472;10.152063;1;10.872114;1;11.049732;1;0.45571186624799703;1.2918970584869385
01565472;_derivationally_related_form;00966384;00966869;_derivationally_related_form;01565472;10.152063;1;10.872114;1;10.739972;1;0.5329875296524409;1.305882453918457
01565472;_derivationally_related_form;00966384;01565472;_derivationally_related_form;00966869;10.152063;1;10.872114;1;10.740123;2;1.5329500232977027;1.3008301258087158
01565472;_derivationally_related_form;00966384;01565472;_hypernym;01564144;10.152063;1;10.872114;1;10.792199;1;0.519968135737669;1.2956488132476807
01565472;_derivationally_related_form;00966384;13262462;_derivationally_related_form;01565472;10.152063;1;10.872114;1;10.956504;1;0.4789150900938314;1.2961552143096924
01565472;_derivationally_related_form;00966384;01565472;_derivationally_related_form;13262462;10.152063;1;10.872114;1;10.957041;1;0.4787811006536537;1.2501487731933594
01748560;_hypernym;01657723;01744657;_member_meronym;01748560;6.9651947;1;7.909497;1;4.37873;18;17.971550618872914;5.092199325561523
01748560;_hypernym;01657723;01748560;_member_meronym;01748906;6.9651947;1;7.909497;1;9.760426;1;0.13576388407422418;1.334078311920166
10488016;_derivationally_related_form;06055946;06055946;_derivationally_related_form;10488016;10.706321;1;11.031602;1;8.0999975;2;1.949386823771627;5.0674965381622314
10488016;_derivationally_related_form;06055946;09790278;_hypernym;10488016;10.706321;1;11.031602;1;11.194658;1;0.4593259846546698;1.269258975982666
10488016;_derivationally_related_form;06055946;10488016;_hypernym;10632576;10.706321;1;11.031602;1;11.393274;1;0.41055478508624677;1.271958351135254
01628449;_derivationally_related_form;00240184;00240184;_derivationally_related_form;01628449;8.554383;1;9.400448;1;8.827616;1;0.6394164120308209;5.153196573257446
01628449;_derivationally_related_form;00240184;00235435;_derivationally_related_form;01628449;8.554383;1;9.400448;1;9.423919;1;0.4941325497033908;1.4646344184875488
01628449;_derivationally_related_form;00240184;01628449;_derivationally_related_form;00235435;8.554383;1;9.400448;1;9.424474;2;1.4939938096540386;1.4636914730072021
01628449;_derivationally_related_form;00240184;01628449;_derivationally_related_form;07323922;8.554383;1;9.400448;1;9.335182;2;1.5163106245544866;1.4614531993865967
01628449;_derivationally_related_form;00240184;07323922;_derivationally_related_form;01628449;8.554383;1;9.400448;1;9.334778;1;0.5164116057906928;1.4623308181762695
01628449;_derivationally_related_form;00240184;15265518;_derivationally_related_form;01628449;8.554383;1;9.400448;1;9.445439;1;0.4887540236707987;1.4619476795196533
01628449;_derivationally_related_form;00240184;01628449;_derivationally_related_form;00156390;8.554383;1;9.400448;1;9.409467;2;1.4977452907806843;1.4691004753112793
01628449;_derivationally_related_form;00240184;00156390;_derivationally_related_form;01628449;8.554383;1;9.400448;1;9.409565;1;0.49772073417186075;1.4708459377288818
01628449;_derivationally_related_form;00240184;01628449;_derivationally_related_form;15265518;8.554383;1;9.400448;1;9.44588;2;1.4886439305577848;1.4625849723815918
01628449;_derivationally_related_form;00240184;07325190;_derivationally_related_form;01628449;8.554383;1;9.400448;1;9.434629;1;0.4914554332144025;1.4608020782470703
01628449;_derivationally_related_form;00240184;10355449;_derivationally_related_form;01628449;8.554383;1;9.400448;1;9.459565;1;0.4852249735000882;1.4591786861419678
01628449;_derivationally_related_form;00240184;01628449;_derivationally_related_form;10383816;8.554383;1;9.400448;1;9.384117;2;1.504082589015989;1.4628632068634033
01628449;_derivationally_related_form;00240184;01628449;_derivationally_related_form;07325190;8.554383;1;9.400448;1;9.434983;2;1.4913670060215756;1.4684979915618896
01628449;_derivationally_related_form;00240184;01628449;_hypernym;01617192;8.554383;1;9.400448;1;9.507384;1;0.47329133349285385;1.467717170715332
01628449;_derivationally_related_form;00240184;10383816;_derivationally_related_form;01628449;8.554383;1;9.400448;1;9.384213;1;0.5040585103354849;1.467698574066162
01628449;_derivationally_related_form;00240184;01628449;_derivationally_related_form;10355449;8.554383;1;9.400448;1;9.460027;2;1.4851096804593371;1.4645631313323975
01628449;_derivationally_related_form;00240184;00643250;_derivationally_related_form;01628449;8.554383;1;9.400448;1;9.430712;1;0.49243460223328706;1.4634904861450195
01628449;_derivationally_related_form;00240184;00539546;_hypernym;01628449;8.554383;1;9.400448;1;9.4265785;1;0.49346770262277223;1.4608924388885498
01628449;_derivationally_related_form;00240184;01628449;_derivationally_related_form;00643250;8.554383;1;9.400448;1;9.43098;2;1.492367622086798;1.464045763015747
01628449;_derivationally_related_form;00240184;02723951;_hypernym;01628449;8.554383;1;9.400448;1;9.436209;1;0.4910607327586305;1.4594602584838867
08972521;_member_of_domain_region;10525878;08049989;_member_meronym;08972521;5.656952;1;6.775441;1;6.4173207;1;0.5885853699079149;4.876834154129028
08972521;_member_of_domain_region;10525878;08972521;_instance_hypernym;08544813;5.656952;1;6.775441;1;7.060484;1;0.42921791163057044;1.284438133239746
08972521;_member_of_domain_region;10525878;08857682;_member_meronym;08972521;5.656952;1;6.775441;1;6.301458;1;0.6163261128359441;1.2894647121429443
08972521;_member_of_domain_region;10525878;08972521;_member_meronym;09724533;5.656952;1;6.775441;1;6.8025703;1;0.49321812262584425;1.296302080154419
08972521;_member_of_domain_region;10525878;08971914;_has_part;08972521;5.656952;1;6.775441;1;7.0188265;1;0.43945226248944746;1.2988996505737305
00588780;_derivationally_related_form;09787534;09787534;_derivationally_related_form;00588780;10.576973;1;11.172432;1;5.656691;44;43.995993173497105;4.9845709800720215
00588780;_derivationally_related_form;09787534;00588780;_hypernym;00586262;10.576973;1;11.172432;1;11.9229965;1;0.32069829516244786;1.2662603855133057
01020005;_derivationally_related_form;06763273;06763273;_derivationally_related_form;01020005;8.841645;1;9.710383;1;8.55176;1;0.7610825431781622;4.773744821548462
01020005;_derivationally_related_form;06763273;01020005;_derivationally_related_form;10309347;8.841645;1;9.710383;1;9.811941;2;1.474632366769192;1.2450647354125977
01020005;_derivationally_related_form;06763273;05703429;_derivationally_related_form;01020005;8.841645;1;9.710383;1;9.829002;1;0.47037998117567675;1.2456154823303223
01020005;_derivationally_related_form;06763273;01020005;_derivationally_related_form;06766190;8.841645;1;9.710383;1;9.828686;2;1.4704588590979937;1.2438712120056152
01020005;_derivationally_related_form;06763273;06766190;_derivationally_related_form;01020005;8.841645;1;9.710383;1;9.828963;1;0.47038972204392293;1.2455854415893555
01020005;_derivationally_related_form;06763273;01020005;_derivationally_related_form;05703429;8.841645;1;9.710383;1;9.828952;1;0.4703925730340183;1.245063066482544
01020005;_derivationally_related_form;06763273;10309347;_derivationally_related_form;01020005;8.841645;1;9.710383;1;9.812422;1;0.47451251457654164;1.2466084957122803
01020005;_derivationally_related_form;06763273;01020005;_derivationally_related_form;10369528;8.841645;1;9.710383;1;9.741365;2;1.4922551151276489;1.254690408706665
01020005;_derivationally_related_form;06763273;06765044;_derivationally_related_form;01020005;8.841645;1;9.710383;1;9.725744;1;0.49615986745437357;1.25008225440979
01020005;_derivationally_related_form;06763273;01020005;_hypernym;01009240;8.841645;1;9.710383;1;9.760566;1;0.48745704646656063;1.253493070602417
01020005;_derivationally_related_form;06763273;10369528;_derivationally_related_form;01020005;8.841645;1;9.710383;1;9.741834;1;0.4921380801192828;1.2454798221588135
08950035;_instance_hypernym;08524735;08949093;_has_part;08950035;5.3607035;1;6.2788486;1;0.0009518665;5860;5859.9981261730945;3.7563631534576416
07363346;_derivationally_related_form;01970826;01970826;_derivationally_related_form;07363346;10.6544075;1;11.734694;1;10.604693;1;0.7558389202144625;4.815251350402832
07363346;_derivationally_related_form;01970826;07363883;_hypernym;07363346;10.6544075;1;11.734694;1;11.597985;1;0.5341239358344299;1.2845535278320312
07363346;_derivationally_related_form;01970826;07362386;_hypernym;07363346;10.6544075;1;11.734694;1;11.81573;1;0.4797519374915998;1.2781107425689697
07363346;_derivationally_related_form;01970826;07363346;_hypernym;07311115;10.6544075;1;11.734694;1;11.54163;1;0.548116570247176;1.2834548950195312
07363346;_derivationally_related_form;01970826;07404944;_hypernym;07363346;10.6544075;1;11.734694;1;11.958238;1;0.4443455406037061;1.2820250988006592
14627820;_derivationally_related_form;01338113;01338113;_derivationally_related_form;14627820;10.716574;1;11.39708;1;10.355713;1;0.7391137858782723;4.917507171630859
14627820;_derivationally_related_form;01338113;14627820;_hypernym;14625458;10.716574;1;11.39708;1;11.613196;1;0.446180324847795;1.2763891220092773
14627820;_derivationally_related_form;01338113;14628307;_hypernym;14627820;10.716574;1;11.39708;1;11.516195;1;0.4702564404167315;1.2716197967529297
14627820;_derivationally_related_form;01338113;14628119;_hypernym;14627820;10.716574;1;11.39708;1;11.499422;1;0.4744368950602584;1.2760882377624512
11015080;_instance_hypernym;10022111;11015080;_synset_domain_topic_of;08083599;8.636121;1;10.55304;1;10.601723;1;0.48783161158721994;5.205079555511475
11015080;_instance_hypernym;10022111;11015080;_instance_hypernym;10705615;8.636121;1;10.55304;1;10.721903;1;0.45788420534421065;1.3005964756011963
11015080;_instance_hypernym;10022111;11015080;_instance_hypernym;09921792;8.636121;1;10.55304;1;9.7124605;2;1.6985871530071806;1.3060555458068848
11015080;_instance_hypernym;10022111;11015080;_instance_hypernym;10547145;8.636121;1;10.55304;1;10.523792;1;0.5073112998152909;1.3144786357879639
00574996;_derivationally_related_form;07416107;07416107;_derivationally_related_form;00574996;10.698181;1;11.385368;1;10.435024;1;0.7211843711702632;4.8737876415252686
00574996;_derivationally_related_form;07416107;00574996;_verb_group;00575169;10.698181;1;11.385368;1;11.478961;1;0.47661890396189177;1.2807505130767822
00574996;_derivationally_related_form;07416107;00575169;_verb_group;00574996;10.698181;1;11.385368;1;11.485809;1;0.47491084413637424;1.2937047481536865
00574996;_derivationally_related_form;07416107;00574996;_synset_domain_topic_of;06084469;10.698181;1;11.385368;1;11.447493;1;0.48447393007125783;1.2908387184143066
00574996;_derivationally_related_form;07416107;00574996;_hypernym;00109660;10.698181;1;11.385368;1;11.48084;1;0.4761502671452393;1.288259506225586
09513902;_synset_domain_topic_of;15253139;09513902;_hypernym;09505418;6.731498;1;7.9225664;1;-0.0005103587;31949;31948.999637845212;3.6486213207244873
11692952;_member_meronym;11739530;11667112;_member_meronym;11692952;7.891478;1;8.095116;1;8.108011;1;0.49677614864942093;4.759336948394775
11692952;_member_meronym;11739530;11692952;_member_meronym;11701903;7.891478;1;8.095116;1;8.076568;2;1.5046368700109958;1.2552604675292969
11692952;_member_meronym;11739530;11692952;_member_meronym;11703386;7.891478;1;8.095116;1;8.0366535;2;1.5146113743831975;1.2505908012390137
11692952;_member_meronym;11739530;11692952;_member_meronym;11700401;7.891478;1;8.095116;1;8.027603;2;1.5168717201821407;1.2556235790252686
11692952;_member_meronym;11739530;11692952;_member_meronym;11702999;7.891478;1;8.095116;1;8.080491;2;1.5036560837475217;1.2519927024841309
11692952;_member_meronym;11739530;11692952;_member_meronym;11714618;7.891478;1;8.095116;1;8.112175;2;1.4957352718835109;1.2503743171691895
11692952;_member_meronym;11739530;11692952;_member_meronym;11718911;7.891478;1;8.095116;1;8.077938;2;1.5042942898545326;1.2490370273590088
11692952;_member_meronym;11739530;11692952;_member_meronym;11702428;7.891478;1;8.095116;1;8.1058655;2;1.4973125716559306;1.2433440685272217
11692952;_member_meronym;11739530;11692952;_member_meronym;11713960;7.891478;1;8.095116;1;8.071449;2;1.5059163193185268;1.2473156452178955
11692952;_member_meronym;11739530;11692952;_member_meronym;11693566;7.891478;1;8.095116;1;8.062539;2;1.5081434200845487;1.2465009689331055
11692952;_member_meronym;11739530;11692952;_member_meronym;11719468;7.891478;1;8.095116;1;8.037922;2;1.514294542634441;1.2551498413085938
11692952;_member_meronym;11739530;11692952;_member_meronym;11708181;7.891478;1;8.095116;1;8.120168;2;1.4937373098841058;1.3177204132080078
11692952;_member_meronym;11739530;11692952;_member_meronym;11697158;7.891478;1;8.095116;1;8.010989;2;1.521019223032163;1.304887294769287
11692952;_member_meronym;11739530;11692952;_member_meronym;11712827;7.891478;1;8.095116;1;8.09054;2;1.501143930346629;1.304959774017334
11692952;_member_meronym;11739530;11692952;_hypernym;11534677;7.891478;1;8.095116;1;8.235571;2;1.4649438010120404;1.3090386390686035
00796976;_derivationally_related_form;10616379;10616379;_derivationally_related_form;00796976;8.686396;1;9.315209;1;8.381675;1;0.7177918331686214;5.101640224456787
00796976;_derivationally_related_form;10616379;00796976;_derivationally_related_form;10641551;8.686396;1;9.315209;1;9.328531;2;1.4966695801231835;1.2476072311401367
00796976;_derivationally_related_form;10616379;10641551;_derivationally_related_form;00796976;8.686396;1;9.315209;1;9.3288555;1;0.49658852149100796;1.2539334297180176
00796976;_derivationally_related_form;10616379;00796976;_derivationally_related_form;00076341;8.686396;1;9.315209;1;9.373173;2;1.4855132129551585;1.2511687278747559
00796976;_derivationally_related_form;10616379;00796976;_verb_group;02502916;8.686396;1;9.315209;1;9.380239;1;0.4837484405600939;1.249680995941162
00796976;_derivationally_related_form;10616379;00796976;_derivationally_related_form;00205349;8.686396;1;9.315209;1;9.401735;2;1.4783820064019446;1.2492797374725342
00796976;_derivationally_related_form;10616379;00205349;_derivationally_related_form;00796976;8.686396;1;9.315209;1;9.401133;1;0.4785324072242929;1.2544457912445068
00796976;_derivationally_related_form;10616379;05790572;_derivationally_related_form;00796976;8.686396;1;9.315209;1;9.3826;1;0.48315876271080954;1.2533297538757324
00796976;_derivationally_related_form;10616379;00796976;_derivationally_related_form;05790572;8.686396;1;9.315209;1;9.382975;2;1.48306517110287;1.2581093311309814
00796976;_derivationally_related_form;10616379;00796976;_hypernym;00797430;8.686396;1;9.315209;1;9.318832;1;0.49909424880874825;1.250471830368042
00796976;_derivationally_related_form;10616379;02237338;_verb_group;00796976;8.686396;1;9.315209;1;9.389099;1;0.4815359668075084;1.2555389404296875
00796976;_derivationally_related_form;10616379;00076341;_derivationally_related_form;00796976;8.686396;1;9.315209;1;9.372652;1;0.4856432811985182;1.2493455410003662
00796976;_derivationally_related_form;10616379;00796976;_verb_group;02237338;8.686396;1;9.315209;1;9.388143;1;0.4817747787393887;1.2483186721801758
00796976;_derivationally_related_form;10616379;02502916;_verb_group;00796976;8.686396;1;9.315209;1;9.381698;1;0.48338405421269176;1.2473835945129395
00796976;_derivationally_related_form;10616379;00798539;_hypernym;00796976;8.686396;1;9.315209;1;9.300047;1;0.5037905443687642;1.2504239082336426
02603699;_derivationally_related_form;13954253;13954253;_derivationally_related_form;02603699;8.96291;1;9.647358;1;8.322826;1;0.7899346512344554;4.901216268539429
02603699;_derivationally_related_form;13954253;01932973;_derivationally_related_form;02603699;8.96291;1;9.647358;1;9.831874;1;0.4540014438353476;1.1911628246307373
02603699;_derivationally_related_form;13954253;02603699;_derivationally_related_form;01932973;8.96291;1;9.647358;1;9.831983;2;1.453974494286821;1.2240383625030518
02603699;_derivationally_related_form;13954253;02603699;_derivationally_related_form;00927017;8.96291;1;9.647358;1;9.779334;2;1.4670537748349437;1.2414782047271729
02603699;_derivationally_related_form;13954253;00927017;_derivationally_related_form;02603699;8.96291;1;9.647358;1;9.779725;1;0.46695644889196286;1.2402024269104004
02603699;_derivationally_related_form;13954253;02603699;_derivationally_related_form;00043765;8.96291;1;9.647358;1;9.724904;1;0.48062317915345;1.240527629852295
02603699;_derivationally_related_form;13954253;02697120;_hypernym;02603699;8.96291;1;9.647358;1;9.648309;1;0.4997622966945437;1.239938735961914
02603699;_derivationally_related_form;13954253;02743727;_hypernym;02603699;8.96291;1;9.647358;1;9.683709;1;0.49091319961411073;1.2433669567108154
02603699;_derivationally_related_form;13954253;02604477;_hypernym;02603699;8.96291;1;9.647358;1;9.695238;1;0.48803224308141285;1.2415802478790283
02603699;_derivationally_related_form;13954253;02653381;_hypernym;02603699;8.96291;1;9.647358;1;9.682687;1;0.49116870226775944;1.241114616394043
00464962;_also_see;01430847;01430847;_also_see;00464962;9.980506;1;10.582831;1;9.614651;1;0.7247567155409913;4.723143577575684
00464962;_also_see;01430847;00464962;_also_see;01926376;9.980506;1;10.582831;1;10.738599;2;1.4611366880255843;1.2395787239074707
00464962;_also_see;01430847;01926376;_also_see;00464962;9.980506;1;10.582831;1;10.762482;1;0.45520782798858656;1.2379534244537354
00464962;_also_see;01430847;00464962;_derivationally_related_form;14418103;9.980506;1;10.582831;1;10.669083;1;0.47845054300111667;1.2392988204956055
00464962;_also_see;01430847;00464962;_derivationally_related_form;06608977;9.980506;1;10.582831;1;10.645328;1;0.48438103702064095;1.2466039657592773
00464962;_also_see;01430847;06608977;_derivationally_related_form;00464962;9.980506;1;10.582831;1;10.644917;1;0.4844836958133715;1.2412214279174805
00464962;_also_see;01430847;14418103;_derivationally_related_form;00464962;9.980506;1;10.582831;1;10.668642;1;0.47856048882249363;1.2318933010101318
06880664;_derivationally_related_form;00135285;00135285;_derivationally_related_form;06880664;9.834572;1;11.062627;1;10.377337;1;0.66491820857481;5.290744781494141
06880664;_derivationally_related_form;00135285;06880664;_derivationally_related_form;00624263;9.834572;1;11.062627;1;11.007534;2;1.5137697202305285;1.2360177040100098
06880664;_derivationally_related_form;00135285;00624263;_derivationally_related_form;06880664;9.834572;1;11.062627;1;11.007685;1;0.5137320785868152;1.2447171211242676
06880664;_derivationally_related_form;00135285;06882561;_hypernym;06880664;9.834572;1;11.062627;1;11.1237545;1;0.4847228410804928;1.2467725276947021
06880664;_derivationally_related_form;00135285;06883725;_hypernym;06880664;9.834572;1;11.062627;1;11.195978;1;0.4667114835204448;1.2451632022857666
06880664;_derivationally_related_form;00135285;06882333;_hypernym;06880664;9.834572;1;11.062627;1;11.113816;1;0.4872054380861124;1.243227243423462
06880664;_derivationally_related_form;00135285;06880664;_hypernym;05765415;9.834572;1;11.062627;1;11.2137165;1;0.4622992752806649;1.246551275253296
13306870;_derivationally_related_form;02321046;02321046;_derivationally_related_form;13306870;9.866162;1;10.614359;1;9.8423;1;0.6839660174847767;4.811457633972168
13306870;_derivationally_related_form;02321046;02320374;_derivationally_related_form;13306870;9.866162;1;10.614359;1;10.551317;1;0.515755204166193;1.2420156002044678
13306870;_derivationally_related_form;02321046;13306870;_derivationally_related_form;02320374;9.866162;1;10.614359;1;10.55254;2;1.5154498491881956;1.246020793914795
13306870;_derivationally_related_form;02321046;13307784;_hypernym;13306870;9.866162;1;10.614359;1;10.6982355;1;0.4790431325714626;1.2412660121917725
13306870;_derivationally_related_form;02321046;13306870;_hypernym;13275847;9.866162;1;10.614359;1;10.730533;1;0.4709891849284195;1.246744155883789
13306870;_derivationally_related_form;02321046;13325382;_hypernym;13306870;9.866162;1;10.614359;1;10.702876;1;0.4778851405580541;1.2406604290008545
13306870;_derivationally_related_form;02321046;13318147;_hypernym;13306870;9.866162;1;10.614359;1;10.698166;1;0.4790605065774297;1.2412679195404053
13306870;_derivationally_related_form;02321046;13325010;_hypernym;13306870;9.866162;1;10.614359;1;10.739001;1;0.4688796862480026;1.243079423904419
13306870;_derivationally_related_form;02321046;13308147;_hypernym;13306870;9.866162;1;10.614359;1;10.670494;1;0.4859698896615067;1.2421550750732422
11418460;_derivationally_related_form;01468097;01468097;_derivationally_related_form;11418460;10.613387;1;11.796143;1;7.4321814;2;1.9874320929148637;4.958694219589233
11418460;_derivationally_related_form;01468097;11418460;_hypernym;00034213;10.613387;1;11.796143;1;12.199508;1;0.4005040991738799;1.2708072662353516
05697363;_derivationally_related_form;00336831;00336831;_derivationally_related_form;05697363;10.690637;1;11.662168;1;10.822498;1;0.6983955469391226;5.088319540023804
05697363;_derivationally_related_form;00336831;05697363;_hypernym;05697135;10.690637;1;11.662168;1;11.66484;1;0.4993319515388811;1.2777001857757568
05697363;_derivationally_related_form;00336831;05697363;_derivationally_related_form;00338817;10.690637;1;11.662168;1;11.770886;1;0.4728470219305249;1.279541015625
05697363;_derivationally_related_form;00336831;00338817;_derivationally_related_form;05697363;10.690637;1;11.662168;1;11.769793;1;0.47311968962326506;1.2772901058197021
07047011;_synset_domain_topic_of;07020895;07047011;_hypernym;07037465;6.5029926;1;7.9182253;1;0.0035456202;68;67.99963479247398;3.6171610355377197
00809465;_derivationally_related_form;10389398;10389398;_derivationally_related_form;00809465;9.252108;1;10.210632;1;8.9906435;1;0.7720615824653296;4.841271638870239
00809465;_derivationally_related_form;10389398;02204692;_derivationally_related_form;00809465;9.252108;1;10.210632;1;10.456511;1;0.43883826837734846;1.2468066215515137
00809465;_derivationally_related_form;10389398;00809465;_derivationally_related_form;02204692;9.252108;1;10.210632;1;10.4574375;1;0.4386100060514512;1.24238920211792
00809465;_derivationally_related_form;10389398;00809465;_derivationally_related_form;10388924;9.252108;1;10.210632;1;10.186387;2;1.506061018633977;1.2411730289459229
00809465;_derivationally_related_form;10389398;10388924;_derivationally_related_form;00809465;9.252108;1;10.210632;1;10.186113;1;0.5061294345974598;1.2436246871948242
00809465;_derivationally_related_form;10389398;00809465;_hypernym;00803617;9.252108;1;10.210632;1;10.37292;1;0.45951688433364835;1.2414124011993408
00809465;_derivationally_related_form;10389398;00810598;_hypernym;00809465;9.252108;1;10.210632;1;10.246444;1;0.4910481006187037;1.239922046661377
00249721;_also_see;00262792;00262792;_also_see;00249721;9.275192;1;10.039106;1;8.8054495;1;0.7744579734076779;5.057614326477051
00249721;_also_see;00262792;00081671;_also_see;00249721;9.275192;1;10.039106;1;10.16064;1;0.4696539941439176;1.2410132884979248
00249721;_also_see;00262792;00249721;_also_see;00081671;9.275192;1;10.039106;1;10.134352;2;1.4762066440893045;1.2468664646148682
00249721;_also_see;00262792;00065791;_also_see;00249721;9.275192;1;10.039106;1;10.3002205;1;0.4350898524540217;1.2395107746124268
00249721;_also_see;00262792;00249721;_also_see;00065791;9.275192;1;10.039106;1;10.269818;2;1.4425765015728529;1.239612102508545
00249721;_also_see;00262792;04858785;_derivationally_related_form;00249721;9.275192;1;10.039106;1;10.120843;1;0.47957722772551;1.2425498962402344
00249721;_also_see;00262792;00249721;_derivationally_related_form;04858785;9.275192;1;10.039106;1;10.121244;1;0.47947702178689794;1.243657112121582
00120202;_derivationally_related_form;01965156;01965156;_derivationally_related_form;00120202;9.591069;1;10.591225;1;10.043092;1;0.633702300320693;4.8502819538116455
00120202;_derivationally_related_form;01965156;01963942;_derivationally_related_form;00120202;9.591069;1;10.591225;1;10.191329;1;0.5986625929774081;1.239241361618042
00120202;_derivationally_related_form;01965156;00120202;_hypernym;00119568;9.591069;1;10.591225;1;10.639651;1;0.48789570839917856;1.241452932357788
00120202;_derivationally_related_form;01965156;01965464;_derivationally_related_form;00120202;9.591069;1;10.591225;1;10.703766;1;0.47189435844110184;1.2425246238708496
00120202;_derivationally_related_form;01965156;00120202;_derivationally_related_form;01892104;9.591069;1;10.591225;1;10.698785;1;0.4731358552574859;1.2449312210083008
00120202;_derivationally_related_form;01965156;01892104;_derivationally_related_form;00120202;9.591069;1;10.591225;1;10.699228;1;0.47302531197311165;1.2409486770629883
00120202;_derivationally_related_form;01965156;00120202;_derivationally_related_form;01965464;9.591069;1;10.591225;1;10.703422;2;1.4719801564242245;1.2414228916168213
00120202;_derivationally_related_form;01965156;00512267;_hypernym;00120202;9.591069;1;10.591225;1;10.635032;1;0.48904999365244456;1.2414991855621338
00120202;_derivationally_related_form;01965156;01258161;_hypernym;00120202;9.591069;1;10.591225;1;10.617917;1;0.49332729856740987;1.2427730560302734
01350855;_hypernym;01355326;01379389;_hypernym;01350855;3.6261554;1;2.6593115;11;5.9486745e-05;23164;23153.934578943485;3.887960195541382
08341551;_hypernym;08337324;08341330;_has_part;08341551;5.35013;1;5.087491;3;0.00044018828;13389;13386.99386170417;3.8211991786956787
00540235;_derivationally_related_form;00367768;00367768;_derivationally_related_form;00540235;10.318393;1;10.929522;1;9.590001;1;0.7924110692817153;5.027250051498413
00540235;_derivationally_related_form;00367768;00540235;_hypernym;00153263;10.318393;1;10.929522;1;11.183618;1;0.4368155843364273;1.2439098358154297
00540235;_derivationally_related_form;00367768;00540235;_derivationally_related_form;13941125;10.318393;1;10.929522;1;11.117347;1;0.45318125889667166;1.2376835346221924
00540235;_derivationally_related_form;00367768;00540235;_verb_group;00540946;10.318393;1;10.929522;1;11.055323;1;0.4685911402961001;1.2409985065460205
00540235;_derivationally_related_form;00367768;00540946;_verb_group;00540235;10.318393;1;10.929522;1;11.0589485;1;0.467688353640996;1.2621066570281982
00540235;_derivationally_related_form;00367768;00540739;_hypernym;00540235;10.318393;1;10.929522;1;10.975542;1;0.4884969031636211;1.2398533821105957
02156546;_derivationally_related_form;07335716;07335716;_derivationally_related_form;02156546;9.799388;1;10.535215;1;8.783126;1;0.8522161552709342;4.875554323196411
02156546;_derivationally_related_form;07335716;02156546;_derivationally_related_form;00230172;9.799388;1;10.535215;1;10.734337;2;1.4503834616366316;1.2776577472686768
02156546;_derivationally_related_form;07335716;00230172;_derivationally_related_form;02156546;9.799388;1;10.535215;1;10.734178;1;0.45042288577549494;1.2892420291900635
02156546;_derivationally_related_form;07335716;10746346;_derivationally_related_form;02156546;9.799388;1;10.535215;1;10.749643;1;0.44659747413164824;1.2769556045532227
02156546;_derivationally_related_form;07335716;02156546;_derivationally_related_form;10746346;9.799388;1;10.535215;1;10.748633;2;1.4468470926683803;1.2775099277496338
00785962;_derivationally_related_form;10207831;10207831;_derivationally_related_form;00785962;9.181214;1;9.987817;1;8.961612;1;0.7361795069246285;4.894612550735474
00785962;_derivationally_related_form;10207831;07193184;_derivationally_related_form;00785962;9.181214;1;9.987817;1;9.887748;1;0.5249964058724217;1.2418959140777588
00785962;_derivationally_related_form;10207831;00785962;_derivationally_related_form;07193184;9.181214;1;9.987817;1;9.887378;2;1.5250886802270556;1.2417011260986328
00785962;_derivationally_related_form;10207831;00785962;_derivationally_related_form;05800611;9.181214;1;9.987817;1;10.100896;2;1.4717603172719644;1.2401776313781738
00785962;_derivationally_related_form;10207831;00785962;_derivationally_related_form;00633864;9.181214;1;9.987817;1;10.12068;1;0.46683301472909666;1.241041660308838
00785962;_derivationally_related_form;10207831;05800611;_derivationally_related_form;00785962;9.181214;1;9.987817;1;10.101202;1;0.471684029700195;1.2418546676635742
00785962;_derivationally_related_form;10207831;00785962;_hypernym;00788564;9.181214;1;9.987817;1;10.030516;1;0.489326906500757;1.2408678531646729
00785962;_derivationally_related_form;10207831;00785962;_derivationally_related_form;10009276;9.181214;1;9.987817;1;10.098265;1;0.47241606415941806;1.2420563697814941
00785962;_derivationally_related_form;10207831;00785962;_derivationally_related_form;00636728;9.181214;1;9.987817;1;10.108041;2;1.469980149970584;1.2415745258331299
00785962;_derivationally_related_form;10207831;00785470;_hypernym;00785962;9.181214;1;9.987817;1;10.089454;1;0.474612629004323;1.2431073188781738
00785962;_derivationally_related_form;10207831;00636728;_derivationally_related_form;00785962;9.181214;1;9.987817;1;10.108264;1;0.46992456150538703;1.2446417808532715
01363613;_also_see;01366718;01366718;_also_see;01363613;9.106553;1;9.957318;1;8.866172;1;0.7485975477343376;4.888479471206665
01363613;_also_see;01366718;01148283;_also_see;01363613;9.106553;1;9.957318;1;10.220263;1;0.43464009156878597;1.2774991989135742
01363613;_also_see;01366718;01363613;_also_see;01148283;9.106553;1;9.957318;1;10.127918;2;1.4574531570966354;1.2780563831329346
01363613;_also_see;01366718;01363613;_derivationally_related_form;07527352;9.106553;1;9.957318;1;10.099999;1;0.46439011094326244;1.274810552597046
01363613;_also_see;01366718;07527352;_derivationally_related_form;01363613;9.106553;1;9.957318;1;10.099861;1;0.4644245064551116;1.2764828205108643
15274695;_derivationally_related_form;00779360;15274695;_hypernym;15274074;5.494471;1;6.490563;1;-0.00092370634;32972;32971.998486002376;3.627983570098877
05090441;_derivationally_related_form;00434077;00434077;_derivationally_related_form;05090441;9.645734;1;10.410367;1;9.528054;1;0.707301255473418;4.8334996700286865
05090441;_derivationally_related_form;00434077;05090441;_derivationally_related_form;00240293;9.645734;1;10.410367;1;10.317833;2;1.5231170236030678;1.2513740062713623
05090441;_derivationally_related_form;00434077;00240293;_derivationally_related_form;05090441;9.645734;1;10.410367;1;10.317341;1;0.523239783216429;1.2415053844451904
05090441;_derivationally_related_form;00434077;05093581;_hypernym;05090441;9.645734;1;10.410367;1;10.446886;1;0.4908712518673561;1.2402946949005127
05090441;_derivationally_related_form;00434077;05123416;_hypernym;05090441;9.645734;1;10.410367;1;10.567551;1;0.4607847948393091;1.2404017448425293
05090441;_derivationally_related_form;00434077;05091316;_hypernym;05090441;9.645734;1;10.410367;1;10.487263;1;0.4807855384626907;1.2398860454559326
05090441;_derivationally_related_form;00434077;05107765;_hypernym;05090441;9.645734;1;10.410367;1;10.5603075;1;0.4625849486364343;1.242224931716919
05090441;_derivationally_related_form;00434077;05090441;_hypernym;04916342;9.645734;1;10.410367;1;10.6579685;1;0.43841393724209543;1.2416269779205322
05090441;_derivationally_related_form;00434077;05099796;_hypernym;05090441;9.645734;1;10.410367;1;10.416037;1;0.49858260534400173;1.2398045063018799
10484858;_synset_domain_topic_of;08441203;10484858;_hypernym;10249950;6.24228;1;6.3292747;1;5.4462404;1;0.7074505931331674;5.276015043258667
10484858;_synset_domain_topic_of;08441203;02581900;_derivationally_related_form;10484858;6.24228;1;6.3292747;1;6.6011634;1;0.4324434727469877;1.242136001586914
10484858;_synset_domain_topic_of;08441203;10484858;_derivationally_related_form;02581900;6.24228;1;6.3292747;1;6.599115;1;0.43294631618447466;1.2423477172851562
10484858;_synset_domain_topic_of;08441203;10484858;_derivationally_related_form;02581477;6.24228;1;6.3292747;1;6.308563;1;0.5051776704072088;1.2495489120483398
10484858;_synset_domain_topic_of;08441203;10484858;_hypernym;10372373;6.24228;1;6.3292747;1;5.9040194;1;0.6047401102480517;1.2464776039123535
10484858;_synset_domain_topic_of;08441203;02581477;_derivationally_related_form;10484858;6.24228;1;6.3292747;1;6.3103714;1;0.5047256731465597;1.240591049194336
00294190;_derivationally_related_form;01901447;01901447;_derivationally_related_form;00294190;9.666129;1;10.754772;1;9.570678;1;0.7656831942110324;4.8842549324035645
00294190;_derivationally_related_form;01901447;01928390;_derivationally_related_form;00294190;9.666129;1;10.754772;1;10.896743;1;0.46456683630488504;1.2418136596679688
00294190;_derivationally_related_form;01901447;00294190;_derivationally_related_form;01928390;9.666129;1;10.754772;1;10.896691;2;1.464579646274803;1.242583990097046
00294190;_derivationally_related_form;01901447;01928730;_derivationally_related_form;00294190;9.666129;1;10.754772;1;10.8856735;1;0.4673213153856539;1.2390644550323486
00294190;_derivationally_related_form;01901447;00294190;_derivationally_related_form;01928730;9.666129;1;10.754772;1;10.885805;2;1.4672885543053868;1.2412750720977783
00294190;_derivationally_related_form;01901447;00294190;_hypernym;00283127;9.666129;1;10.754772;1;10.9290085;1;0.4565507903213554;1.240718126296997
01346003;_derivationally_related_form;03848348;03848348;_derivationally_related_form;01346003;9.84716;1;10.564299;1;9.872017;1;0.6664743150360927;4.893174886703491
01346003;_derivationally_related_form;03848348;01346003;_derivationally_related_form;00383390;9.84716;1;10.564299;1;10.6245;2;1.4849541326515832;1.2149341106414795
01346003;_derivationally_related_form;03848348;00383390;_derivationally_related_form;01346003;9.84716;1;10.564299;1;10.624591;1;0.48493150342707625;1.239351511001587
01346003;_derivationally_related_form;03848348;01346003;_derivationally_related_form;10737431;9.84716;1;10.564299;1;10.623796;1;0.4851299280897215;1.247610330581665
01346003;_derivationally_related_form;03848348;00338641;_derivationally_related_form;01346003;9.84716;1;10.564299;1;10.639187;1;0.48128668757980336;1.2407290935516357
01346003;_derivationally_related_form;03848348;10737431;_derivationally_related_form;01346003;9.84716;1;10.564299;1;10.623845;1;0.4851177795056291;1.2441060543060303
01346003;_derivationally_related_form;03848348;01593254;_hypernym;01346003;9.84716;1;10.564299;1;10.484958;1;0.5198248350278066;1.242121696472168
01346003;_derivationally_related_form;03848348;01593614;_hypernym;01346003;9.84716;1;10.564299;1;10.504087;1;0.5150482493749559;1.2436563968658447
01346003;_derivationally_related_form;03848348;01346003;_derivationally_related_form;00338641;9.84716;1;10.564299;1;10.638535;2;1.4814495394377507;1.2421824932098389
02038357;_derivationally_related_form;05068080;05068080;_derivationally_related_form;02038357;9.221305;1;10.1004925;1;9.628726;1;0.615801771281133;4.832507133483887
02038357;_derivationally_related_form;05068080;02037090;_hypernym;02038357;9.221305;1;10.1004925;1;10.0988035;1;0.5004222392032164;1.242154598236084
02038357;_derivationally_related_form;05068080;02038791;_hypernym;02038357;9.221305;1;10.1004925;1;10.122822;1;0.49441789932280567;1.2487778663635254
02038357;_derivationally_related_form;05068080;00105624;_derivationally_related_form;02038357;9.221305;1;10.1004925;1;10.012549;1;0.5219716104217219;1.2498998641967773
02038357;_derivationally_related_form;05068080;02038357;_derivationally_related_form;00105624;9.221305;1;10.1004925;1;10.011847;2;1.5221469828931813;1.2469606399536133
02038357;_derivationally_related_form;05068080;02038357;_derivationally_related_form;05069199;9.221305;1;10.1004925;1;10.057833;2;1.510663322787571;1.2517809867858887
02038357;_derivationally_related_form;05068080;05069199;_derivationally_related_form;02038357;9.221305;1;10.1004925;1;10.058224;1;0.510565615223958;1.2485182285308838
02038357;_derivationally_related_form;05068080;02038357;_derivationally_related_form;13887509;9.221305;1;10.1004925;1;10.175926;2;1.481150504574296;1.2486860752105713
02038357;_derivationally_related_form;05068080;13887509;_derivationally_related_form;02038357;9.221305;1;10.1004925;1;10.176278;1;0.48106265373561324;1.251800775527954
02038357;_derivationally_related_form;05068080;02038357;_derivationally_related_form;00348008;9.221305;1;10.1004925;1;10.282225;1;0.4546915854956315;1.2580044269561768
02038357;_derivationally_related_form;05068080;02038357;_hypernym;02035919;9.221305;1;10.1004925;1;10.17763;1;0.480725069856782;1.2532110214233398
02038357;_derivationally_related_form;05068080;02038357;_also_see;01590007;9.221305;1;10.1004925;1;10.115319;1;0.4962933742537564;1.2556126117706299
02038357;_derivationally_related_form;05068080;02038357;_also_see;01909397;9.221305;1;10.1004925;1;10.128604;1;0.49297259832378754;1.2520830631256104
02038357;_derivationally_related_form;05068080;02038357;_also_see;01909978;9.221305;1;10.1004925;1;10.127901;1;0.4931482789668851;1.250274419784546
02038357;_derivationally_related_form;05068080;02039156;_hypernym;02038357;9.221305;1;10.1004925;1;10.146063;1;0.48860937775112;1.2510602474212646
06890846;_derivationally_related_form;02141973;02141973;_derivationally_related_form;06890846;10.137121;1;11.862071;1;8.590118;1;0.9634539868334997;5.095995187759399
06890846;_derivationally_related_form;02141973;06890846;_hypernym;06887726;10.137121;1;11.862071;1;12.225688;1;0.41008428878875186;1.2799201011657715
00095971;_derivationally_related_form;00265386;00265386;_derivationally_related_form;00095971;9.369417;1;10.619411;1;9.312857;1;0.7869360772505365;5.166401147842407
00095971;_derivationally_related_form;00265386;00384620;_derivationally_related_form;00095971;9.369417;1;10.619411;1;10.704247;1;0.4788037096706429;1.2922585010528564
00095971;_derivationally_related_form;00265386;00095971;_derivationally_related_form;00384620;9.369417;1;10.619411;1;10.703935;2;1.4788817709435607;1.2907793521881104
00095971;_derivationally_related_form;00265386;00167934;_derivationally_related_form;00095971;9.369417;1;10.619411;1;10.833336;1;0.44672192647487297;1.2958109378814697
00095971;_derivationally_related_form;00265386;00095971;_derivationally_related_form;00167934;9.369417;1;10.619411;1;10.833312;2;1.4467278192704556;1.2929277420043945
00095971;_derivationally_related_form;00265386;00095971;_hypernym;00093483;9.369417;1;10.619411;1;10.7254305;1;0.47352004329942105;1.296912431716919
01708113;_derivationally_related_form;09809925;09809925;_derivationally_related_form;01708113;10.529918;1;11.401009;1;8.855481;1;0.9272724701032644;5.116981267929077
01708113;_derivationally_related_form;09809925;01708113;_synset_domain_topic_of;05718556;10.529918;1;11.401009;1;11.3557825;1;0.5113045974739101;1.2773544788360596
01708113;_derivationally_related_form;09809925;01708113;_hypernym;00299580;10.529918;1;11.401009;1;11.716522;1;0.4217695026791958;1.2754638195037842
00040325;_derivationally_related_form;14006945;14006945;_derivationally_related_form;00040325;9.309046;1;10.562906;1;7.317868;1;0.9624944014341791;5.015280485153198
00040325;_derivationally_related_form;14006945;00040325;_derivationally_related_form;13518963;9.309046;1;10.562906;1;11.020798;1;0.38748614619200455;1.2778782844543457
00040325;_derivationally_related_form;14006945;13518963;_derivationally_related_form;00040325;9.309046;1;10.562906;1;11.022623;1;0.38705300966372375;1.275580644607544
00040325;_derivationally_related_form;14006945;00040325;_synset_domain_topic_of;09470550;9.309046;1;10.562906;1;10.708444;1;0.463679741948245;1.277874231338501
10216403;_derivationally_related_form;02593354;02593354;_derivationally_related_form;10216403;10.044128;1;11.210627;1;8.689032;1;0.9256419116724695;4.769092798233032
10216403;_derivationally_related_form;02593354;10216403;_hypernym;10478960;10.044128;1;11.210627;1;11.308781;1;0.47548116483146113;1.2774488925933838
10216403;_derivationally_related_form;02593354;08860123;_member_of_domain_region;10216403;10.044128;1;11.210627;1;11.524785;1;0.4221000368090453;1.2832870483398438
06151693;_derivationally_related_form;10620758;10620758;_derivationally_related_form;06151693;11.153912;1;11.8491;1;9.678882;1;0.8975430584860493;5.25794243812561
06151693;_derivationally_related_form;10620758;05667951;_synset_domain_topic_of;06151693;11.153912;1;11.8491;1;12.001952;1;0.4618612119300654;1.2697997093200684
01128193;_derivationally_related_form;04014297;04014297;_derivationally_related_form;01128193;8.610218;1;8.757416;1;7.7987995;1;0.7228446711461961;4.603505611419678
01128193;_derivationally_related_form;04014297;01130169;_hypernym;01128193;8.610218;1;8.757416;1;8.556183;1;0.5501391442216781;1.2538506984710693
01128193;_derivationally_related_form;04014297;01128193;_derivationally_related_form;09614684;8.610218;1;8.757416;1;8.8386755;2;1.4796962392879478;1.254753828048706
01128193;_derivationally_related_form;04014297;09614684;_derivationally_related_form;01128193;8.610218;1;8.757416;1;8.839121;1;0.4795850824173351;1.2304904460906982
01128193;_derivationally_related_form;04014297;01129876;_hypernym;01128193;8.610218;1;8.757416;1;8.853739;1;0.47593784809753664;1.253098964691162
01128193;_derivationally_related_form;04014297;01128193;_derivationally_related_form;01887076;8.610218;1;8.757416;1;8.819292;2;1.4845358593680964;1.2514326572418213
01128193;_derivationally_related_form;04014297;01129201;_hypernym;01128193;8.610218;1;8.757416;1;8.772735;1;0.49617035725475017;1.2502942085266113
01128193;_derivationally_related_form;04014297;01129337;_hypernym;01128193;8.610218;1;8.757416;1;8.868062;1;0.4723666242957558;1.2577505111694336
01128193;_derivationally_related_form;04014297;02251065;_hypernym;01128193;8.610218;1;8.757416;1;8.8174305;1;0.4850008205096185;1.2570059299468994
01128193;_derivationally_related_form;04014297;01130455;_hypernym;01128193;8.610218;1;8.757416;1;8.845337;1;0.4780338626193139;1.255610704421997
01128193;_derivationally_related_form;04014297;00817680;_derivationally_related_form;01128193;8.610218;1;8.757416;1;8.7994795;1;0.48948562199229917;1.2467544078826904
01128193;_derivationally_related_form;04014297;01128193;_hypernym;01127795;8.610218;1;8.757416;1;8.754357;1;0.500764607787166;1.2482028007507324
01128193;_derivationally_related_form;04014297;01130607;_hypernym;01128193;8.610218;1;8.757416;1;8.797953;1;0.48986716739391556;1.2449638843536377
01128193;_derivationally_related_form;04014297;02733122;_hypernym;01128193;8.610218;1;8.757416;1;8.859049;1;0.47461358022008815;1.2450153827667236
01128193;_derivationally_related_form;04014297;01128193;_derivationally_related_form;00817680;8.610218;1;8.757416;1;8.799172;2;1.4895623590732359;1.2465667724609375
01128193;_derivationally_related_form;04014297;01887076;_derivationally_related_form;01128193;8.610218;1;8.757416;1;8.81927;1;0.4845413377518631;1.2488298416137695
08414807;_derivationally_related_form;00625963;00625963;_derivationally_related_form;08414807;9.991293;1;11.1222515;1;9.751582;1;0.7974882780164435;5.32505202293396
08414807;_derivationally_related_form;00625963;10396106;_derivationally_related_form;08414807;9.991293;1;11.1222515;1;11.314614;1;0.4520570504131998;1.2726244926452637
08414807;_derivationally_related_form;00625963;08414807;_derivationally_related_form;10396106;9.991293;1;11.1222515;1;11.316584;2;1.4515692888315976;1.2759041786193848
08414807;_derivationally_related_form;00625963;08414807;_hypernym;08324514;9.991293;1;11.1222515;1;11.180119;1;0.4855372730505809;1.273395299911499
03800933;_derivationally_related_form;01707925;01707925;_derivationally_related_form;03800933;9.332572;1;9.832328;1;8.83318;1;0.7308909172579447;4.530923366546631
03800933;_derivationally_related_form;01707925;02795978;_hypernym;03800933;9.332572;1;9.832328;1;9.795579;1;0.5091861877363176;1.2435755729675293
03800933;_derivationally_related_form;01707925;10340312;_derivationally_related_form;03800933;9.332572;1;9.832328;1;9.918764;1;0.4784043758970525;1.243744134902954
03800933;_derivationally_related_form;01707925;03800933;_derivationally_related_form;10340312;9.332572;1;9.832328;1;9.92071;1;0.4779189298671166;1.2444438934326172
03800933;_derivationally_related_form;01707925;03279153;_hypernym;03800933;9.332572;1;9.832328;1;9.851807;1;0.4951304544892379;1.2432341575622559
03800933;_derivationally_related_form;01707925;04338517;_hypernym;03800933;9.332572;1;9.832328;1;9.901391;1;0.4827410628235561;1.2432904243469238
03800933;_derivationally_related_form;01707925;03614532;_hypernym;03800933;9.332572;1;9.832328;1;9.888354;1;0.48599704802026605;1.2433409690856934
03800933;_derivationally_related_form;01707925;04586932;_hypernym;03800933;9.332572;1;9.832328;1;9.92033;1;0.4780136361895922;1.244232177734375
03800933;_derivationally_related_form;01707925;03915437;_hypernym;03800933;9.332572;1;9.832328;1;9.895485;1;0.4842159758821551;1.246729850769043
03800933;_derivationally_related_form;01707925;03800933;_hypernym;03183080;9.332572;1;9.832328;1;10.031539;1;0.4503612710780016;1.2436773777008057
03800933;_derivationally_related_form;01707925;02803349;_hypernym;03800933;9.332572;1;9.832328;1;9.795963;1;0.5090901371431641;1.2447924613952637
09767197;_derivationally_related_form;02561995;02561995;_derivationally_related_form;09767197;9.810598;1;10.196474;1;9.284638;1;0.7133756507886485;5.050329923629761
09767197;_derivationally_related_form;02561995;10040945;_hypernym;09767197;9.810598;1;10.196474;1;10.176226;1;0.5050619303241256;1.2404656410217285
09767197;_derivationally_related_form;02561995;09767197;_derivationally_related_form;01712704;9.810598;1;10.196474;1;10.296463;1;0.4750235712747084;1.256232500076294
09767197;_derivationally_related_form;02561995;01712704;_derivationally_related_form;09767197;9.810598;1;10.196474;1;10.297982;1;0.4746447326381753;1.2501561641693115
09767197;_derivationally_related_form;02561995;09767197;_derivationally_related_form;02413480;9.810598;1;10.196474;1;10.325705;1;0.4677372630692424;1.2457189559936523
09767197;_derivationally_related_form;02561995;10135709;_hypernym;09767197;9.810598;1;10.196474;1;10.202108;1;0.498591426760979;1.2462801933288574
09767197;_derivationally_related_form;02561995;01095899;_derivationally_related_form;09767197;9.810598;1;10.196474;1;10.225721;1;0.4926887001847091;1.2441010475158691
09767197;_derivationally_related_form;02561995;02413480;_derivationally_related_form;09767197;9.810598;1;10.196474;1;10.327741;1;0.4672303922130661;1.2454898357391357
09767197;_derivationally_related_form;02561995;10056103;_hypernym;09767197;9.810598;1;10.196474;1;10.288643;1;0.4769740962887952;1.2444276809692383
09767197;_derivationally_related_form;02561995;10462429;_hypernym;09767197;9.810598;1;10.196474;1;10.212947;1;0.4958818890048062;1.2460641860961914
14064644;_derivationally_related_form;01190277;01190277;_derivationally_related_form;14064644;9.603077;1;11.091395;1;10.03132;1;0.742705022849459;5.089174747467041
14064644;_derivationally_related_form;01190277;14064644;_derivationally_related_form;01190494;9.603077;1;11.091395;1;11.260742;2;1.4577641871971476;1.2809553146362305
14064644;_derivationally_related_form;01190277;01190494;_derivationally_related_form;14064644;9.603077;1;11.091395;1;11.260047;1;0.457936759208539;1.2812657356262207
14064644;_derivationally_related_form;01190277;14064644;_hypernym;14064408;9.603077;1;11.091395;1;11.167968;1;0.48086624350235035;1.2836506366729736
09113762;_instance_hypernym;08524735;09112282;_has_part;09113762;6.99194;1;6.4067974;2;-0.0014846827;37868;37866.998354858326;3.8109004497528076
00838043;_derivationally_related_form;10201535;10201535;_derivationally_related_form;00838043;9.501166;1;10.480671;1;10.127349;1;0.5874229298463578;4.929430723190308
00838043;_derivationally_related_form;10201535;00839526;_hypernym;00838043;9.501166;1;10.480671;1;10.465923;1;0.5036868380858989;1.250671625137329
00838043;_derivationally_related_form;10201535;03318438;_derivationally_related_form;00838043;9.501166;1;10.480671;1;10.343797;1;0.5341652272063943;1.252859354019165
00838043;_derivationally_related_form;10201535;00838043;_derivationally_related_form;10286539;9.501166;1;10.480671;1;10.478595;2;1.5005190370602661;1.2498705387115479
00838043;_derivationally_related_form;10201535;00754956;_derivationally_related_form;00838043;9.501166;1;10.480671;1;10.467082;1;0.5033971740573999;1.2505557537078857
00838043;_derivationally_related_form;10201535;10195593;_derivationally_related_form;00838043;9.501166;1;10.480671;1;10.504306;1;0.4940915473944646;1.2503583431243896
00838043;_derivationally_related_form;10201535;00838043;_derivationally_related_form;10195593;9.501166;1;10.480671;1;10.50382;2;1.4942128858509245;1.2499182224273682
00838043;_derivationally_related_form;10201535;10286539;_derivationally_related_form;00838043;9.501166;1;10.480671;1;10.479201;1;0.5003674029642703;1.2514138221740723
00838043;_derivationally_related_form;10201535;00838043;_derivationally_related_form;03318438;9.501166;1;10.480671;1;10.343222;2;1.5343083195416098;1.2483484745025635
00838043;_derivationally_related_form;10201535;00838043;_derivationally_related_form;00754956;9.501166;1;10.480671;1;10.4667;2;1.5034927753687843;1.252901315689087
00838043;_derivationally_related_form;10201535;00838043;_hypernym;00836705;9.501166;1;10.480671;1;10.497152;1;0.4958797433832289;1.2521398067474365
00838043;_derivationally_related_form;10201535;00838043;_derivationally_related_form;06759349;9.501166;1;10.480671;1;10.610302;1;0.467637545475065;1.2460100650787354
00838043;_derivationally_related_form;10201535;06759349;_derivationally_related_form;00838043;9.501166;1;10.480671;1;10.610519;1;0.4675834141488938;1.2458620071411133
00838043;_derivationally_related_form;10201535;00838524;_verb_group;00838043;9.501166;1;10.480671;1;10.53193;1;0.4871880449418978;1.2458603382110596
00838043;_derivationally_related_form;10201535;00838043;_verb_group;00838524;9.501166;1;10.480671;1;10.530942;1;0.4874348875168535;1.245039463043213
00838043;_derivationally_related_form;10201535;01040707;_hypernym;00838043;9.501166;1;10.480671;1;10.537116;1;0.48589246497124944;1.245990514755249
06403969;_derivationally_related_form;09889170;09889170;_derivationally_related_form;06403969;10.288846;1;11.2017765;1;9.679413;1;0.8208862782723235;4.857831954956055
06403969;_derivationally_related_form;09889170;06403969;_hypernym;06403393;10.288846;1;11.2017765;1;11.224649;1;0.49428201808669936;1.263075351715088
06403969;_derivationally_related_form;09889170;06403969;_derivationally_related_form;10564660;10.288846;1;11.2017765;1;11.34398;1;0.46450895480170107;1.2791450023651123
04768657;_derivationally_related_form;00404642;00404642;_derivationally_related_form;04768657;9.301975;1;11.060166;1;10.077367;1;0.7276633509761691;5.106581687927246
04768657;_derivationally_related_form;00404642;04768657;_derivationally_related_form;02432530;9.301975;1;11.060166;1;11.108343;1;0.4879581376470418;1.237844705581665
04768657;_derivationally_related_form;00404642;00480969;_derivationally_related_form;04768657;9.301975;1;11.060166;1;11.202399;1;0.46450160107258104;1.2390966415405273
04768657;_derivationally_related_form;00404642;04768657;_derivationally_related_form;00480969;9.301975;1;11.060166;1;11.2036705;1;0.46418540536388175;1.2396841049194336
04768657;_derivationally_related_form;00404642;02432530;_derivationally_related_form;04768657;9.301975;1;11.060166;1;11.1082115;1;0.48799102037915093;1.2368547916412354
04768657;_derivationally_related_form;00404642;04768657;_hypernym;04768483;9.301975;1;11.060166;1;11.202849;1;0.464389636524777;1.2380211353302002
00650353;_derivationally_related_form;04748836;04748836;_derivationally_related_form;00650353;8.919286;1;9.692199;1;9.070547;1;0.6505940971986955;5.317365646362305
00650353;_derivationally_related_form;04748836;00650353;_derivationally_related_form;07366289;8.919286;1;9.692199;1;9.656921;2;1.5088184271395733;1.4472837448120117
00650353;_derivationally_related_form;04748836;07366289;_derivationally_related_form;00650353;8.919286;1;9.692199;1;9.656256;1;0.5089847905598855;1.426844596862793
00650353;_derivationally_related_form;04748836;00650353;_derivationally_related_form;05748285;8.919286;1;9.692199;1;9.593266;2;1.5247131510203327;1.42970609664917
00650353;_derivationally_related_form;04748836;05748285;_derivationally_related_form;00650353;8.919286;1;9.692199;1;9.592724;1;0.5248482401317139;1.4340698719024658
00650353;_derivationally_related_form;04748836;00661213;_hypernym;00650353;8.919286;1;9.692199;1;9.646555;1;0.5114089709364666;1.4316861629486084
00650353;_derivationally_related_form;04748836;00651759;_hypernym;00650353;8.919286;1;9.692199;1;9.750339;1;0.48546914265756025;1.432135820388794
00650353;_derivationally_related_form;04748836;00608502;_hypernym;00650353;8.919286;1;9.692199;1;9.758141;1;0.483520518423521;1.433093786239624
00650353;_derivationally_related_form;04748836;02512808;_hypernym;00650353;8.919286;1;9.692199;1;9.772739;1;0.4798757130776078;1.432962417602539
00650353;_derivationally_related_form;04748836;00661584;_hypernym;00650353;8.919286;1;9.692199;1;9.732489;1;0.489928892599356;1.4323430061340332
00650353;_derivationally_related_form;04748836;00661480;_hypernym;00650353;8.919286;1;9.692199;1;9.741021;1;0.48779682315036493;1.4173874855041504
00650353;_derivationally_related_form;04748836;02512305;_hypernym;00650353;8.919286;1;9.692199;1;9.804728;1;0.4718974480903754;1.2817590236663818
00650353;_derivationally_related_form;04748836;00651480;_hypernym;00650353;8.919286;1;9.692199;1;9.728316;1;0.490971592997218;1.357288122177124
00650353;_derivationally_related_form;04748836;00714273;_hypernym;00650353;8.919286;1;9.692199;1;9.730286;1;0.4904794280660165;1.4119172096252441
00650353;_derivationally_related_form;04748836;00651630;_hypernym;00650353;8.919286;1;9.692199;1;9.77025;1;0.48049700832080044;1.4248607158660889
00650353;_derivationally_related_form;04748836;00650016;_hypernym;00650353;8.919286;1;9.692199;1;9.738838;1;0.4883422525099779;1.4302124977111816
00650353;_derivationally_related_form;04748836;00650932;_hypernym;00650353;8.919286;1;9.692199;1;9.729206;1;0.49074922279166305;1.4312775135040283
00650353;_derivationally_related_form;04748836;10012815;_derivationally_related_form;00650353;8.919286;1;9.692199;1;9.8278475;1;0.46613972295016726;1.431704044342041
00296178;_derivationally_related_form;00999787;00999787;_derivationally_related_form;00296178;9.872851;1;10.331123;1;9.861388;1;0.615321066983939;5.393748998641968
00296178;_derivationally_related_form;00999787;00295697;_hypernym;00296178;9.872851;1;10.331123;1;10.291223;1;0.5099738717057999;1.460179328918457
00296178;_derivationally_related_form;00999787;00393953;_hypernym;00296178;9.872851;1;10.331123;1;10.170532;1;0.5400617206788542;1.4606692790985107
00296178;_derivationally_related_form;00999787;00466053;_hypernym;00296178;9.872851;1;10.331123;1;10.166582;1;0.5410427542009218;1.4517555236816406
00296178;_derivationally_related_form;00999787;00295966;_hypernym;00296178;9.872851;1;10.331123;1;10.314633;1;0.5041224022381965;1.459683895111084
00296178;_derivationally_related_form;00999787;00295346;_hypernym;00296178;9.872851;1;10.331123;1;10.3254385;1;0.5014212093225263;1.4587371349334717
00296178;_derivationally_related_form;00999787;00297906;_hypernym;00296178;9.872851;1;10.331123;1;10.246262;1;0.5212027160588117;1.4604086875915527
00296178;_derivationally_related_form;00999787;00296178;_hypernym;00126264;9.872851;1;10.331123;1;10.42056;1;0.47765575934739446;1.4596705436706543
00296178;_derivationally_related_form;00999787;00456740;_hypernym;00296178;9.872851;1;10.331123;1;10.401654;1;0.4823745831659718;1.460923433303833
00296178;_derivationally_related_form;00999787;00314272;_hypernym;00296178;9.872851;1;10.331123;1;10.406013;1;0.48128644949519384;1.4586524963378906
00296178;_derivationally_related_form;00999787;00482473;_hypernym;00296178;9.872851;1;10.331123;1;10.385977;1;0.48629007764341675;1.4592492580413818
00296178;_derivationally_related_form;00999787;00151279;_hypernym;00296178;9.872851;1;10.331123;1;10.354517;1;0.49415185895763863;1.4584035873413086
00296178;_derivationally_related_form;00999787;00403149;_hypernym;00296178;9.872851;1;10.331123;1;10.380478;1;0.48766386569628045;1.460165023803711
00296178;_derivationally_related_form;00999787;00299341;_hypernym;00296178;9.872851;1;10.331123;1;10.372246;1;0.48972083938029576;1.4581785202026367
00296178;_derivationally_related_form;00999787;00403967;_hypernym;00296178;9.872851;1;10.331123;1;10.363921;1;0.4918012815773792;1.4555795192718506
00296178;_derivationally_related_form;00999787;09769929;_derivationally_related_form;00296178;9.872851;1;10.331123;1;10.384174;1;0.4867403609721184;1.455681324005127
00296178;_derivationally_related_form;00999787;00296178;_derivationally_related_form;09769929;9.872851;1;10.331123;1;10.384999;2;1.4865342762043527;1.4569928646087646
00296178;_derivationally_related_form;00999787;00499642;_hypernym;00296178;9.872851;1;10.331123;1;10.371483;1;0.4899114951164685;1.4570250511169434
00296178;_derivationally_related_form;00999787;00297507;_hypernym;00296178;9.872851;1;10.331123;1;10.374693;1;0.48910933155998626;1.458491563796997
00296178;_derivationally_related_form;00999787;00298556;_hypernym;00296178;9.872851;1;10.331123;1;10.356165;1;0.49373993207720046;1.4592316150665283
00086320;_verb_group;01585523;01585523;_verb_group;00086320;10.765492;1;11.105616;1;9.46214;2;1.8380072990984897;5.235529899597168
00086320;_verb_group;01585523;00086320;_synset_domain_topic_of;00612160;10.765492;1;11.105616;1;11.717717;1;0.35157995401832665;1.3458642959594727
00086320;_verb_group;01585523;00697365;_derivationally_related_form;00086320;10.765492;1;11.105616;1;11.225923;1;0.46995948237724017;1.361018419265747
00086320;_verb_group;01585523;00086320;_derivationally_related_form;00697365;10.765492;1;11.105616;1;11.227733;1;0.4695086220228185;1.355513334274292
00724492;_derivationally_related_form;05982915;05982915;_derivationally_related_form;00724492;10.643318;1;11.17606;1;10.103134;1;0.7451528796587563;5.1616127490997314
00724492;_derivationally_related_form;05982915;05703956;_derivationally_related_form;00724492;10.643318;1;11.17606;1;11.380903;1;0.4489674425825221;1.3446142673492432
00724492;_derivationally_related_form;05982915;00724492;_hypernym;00734348;10.643318;1;11.17606;1;11.115339;1;0.5151754485963534;1.3434169292449951
00724492;_derivationally_related_form;05982915;01766748;_hypernym;00724492;10.643318;1;11.17606;1;11.095954;1;0.5200157432209923;1.3242273330688477
00724492;_derivationally_related_form;05982915;00724492;_derivationally_related_form;05703956;10.643318;1;11.17606;1;11.38413;1;0.44816940688675994;1.2816615104675293
01116968;_derivationally_related_form;02302817;02302817;_derivationally_related_form;01116968;9.523312;1;11.755464;1;7.1665506;10;9.989938364567411;5.018405914306641
01116968;_derivationally_related_form;02302817;01116968;_hypernym;01113068;9.523312;1;11.755464;1;12.329636;1;0.36027471140345335;1.268240213394165
00773432;_derivationally_related_form;07183151;07183151;_derivationally_related_form;00773432;9.042053;1;9.935653;1;8.676468;1;0.7788857501508107;4.978140830993652
00773432;_derivationally_related_form;07183151;00775156;_hypernym;00773432;9.042053;1;9.935653;1;9.827043;1;0.5271258784281936;1.2403233051300049
00773432;_derivationally_related_form;07183151;00775831;_hypernym;00773432;9.042053;1;9.935653;1;9.961813;1;0.4934603129097664;1.2400226593017578
00773432;_derivationally_related_form;07183151;09997404;_derivationally_related_form;00773432;9.042053;1;9.935653;1;10.080044;1;0.46396482074200046;1.2418184280395508
00773432;_derivationally_related_form;07183151;00773432;_derivationally_related_form;09997404;9.042053;1;9.935653;1;10.079835;2;1.4640167635966357;1.240290641784668
00773432;_derivationally_related_form;07183151;00773432;_derivationally_related_form;07140978;9.042053;1;9.935653;1;10.139993;2;1.4490920194105388;1.23994779586792
00773432;_derivationally_related_form;07183151;00774056;_hypernym;00773432;9.042053;1;9.935653;1;9.881442;1;0.5135493476422821;1.241086721420288
00773432;_derivationally_related_form;07183151;07140978;_derivationally_related_form;00773432;9.042053;1;9.935653;1;10.140124;1;0.4490594589406249;1.2400095462799072
00773432;_derivationally_related_form;07183151;00773432;_hypernym;00964694;9.042053;1;9.935653;1;10.013459;1;0.4805581889620652;1.2393546104431152
00334996;_derivationally_related_form;00708017;00708017;_derivationally_related_form;00334996;9.255814;1;10.373326;1;9.53649;1;0.6977983936121904;4.899308443069458
00334996;_derivationally_related_form;00708017;00334186;_verb_group;00334996;9.255814;1;10.373326;1;10.489433;1;0.4710058180764736;1.2387568950653076
00334996;_derivationally_related_form;00708017;00334996;_verb_group;00334186;9.255814;1;10.373326;1;10.485187;1;0.4720640546677475;1.243828296661377
00334996;_derivationally_related_form;00708017;00334996;_derivationally_related_form;09873604;9.255814;1;10.373326;1;10.443179;2;1.4825438901489334;1.2451093196868896
00334996;_derivationally_related_form;00708017;00334996;_derivationally_related_form;00376400;9.255814;1;10.373326;1;10.358337;2;1.5037471546528045;1.2378380298614502
00334996;_derivationally_related_form;00708017;00376400;_derivationally_related_form;00334996;9.255814;1;10.373326;1;10.358379;1;0.5037366648228669;1.2177293300628662
00334996;_derivationally_related_form;00708017;09873604;_derivationally_related_form;00334996;9.255814;1;10.373326;1;10.4431305;1;0.4825560346861964;1.2336184978485107
00334996;_derivationally_related_form;00708017;00335366;_hypernym;00334996;9.255814;1;10.373326;1;10.379182;1;0.4985361141070735;1.2514081001281738
00334996;_derivationally_related_form;00708017;00335923;_hypernym;00334996;9.255814;1;10.373326;1;10.481873;1;0.47289004862854905;1.2417001724243164
00334996;_derivationally_related_form;00708017;00334996;_hypernym;02031158;9.255814;1;10.373326;1;10.462002;1;0.477845640636462;1.2392799854278564
00925372;_derivationally_related_form;07525555;07525555;_derivationally_related_form;00925372;10.068704;1;11.686708;1;6.3158894;1;0.9953712046724416;4.863217115402222
00925372;_derivationally_related_form;07525555;00925372;_hypernym;00925110;10.068704;1;11.686708;1;12.355602;1;0.33874457856271345;1.2645001411437988
13658496;_hypernym;13649268;13658657;_has_part;13658496;6.826579;1;6.9457626;1;6.443619;1;0.6229630138006136;5.027255296707153
13658496;_hypernym;13649268;13658496;_has_part;13658278;6.826579;1;6.9457626;1;5.9547677;3;2.729284394908502;1.2630107402801514
01100145;_derivationally_related_form;07354731;07354731;_derivationally_related_form;01100145;9.59805;1;10.433554;1;9.298162;1;0.7568324596691921;4.6667845249176025
01100145;_derivationally_related_form;07354731;01100145;_derivationally_related_form;13259917;9.59805;1;10.433554;1;10.534687;1;0.47473819107564147;1.2306804656982422
01100145;_derivationally_related_form;07354731;01100145;_derivationally_related_form;10782791;9.59805;1;10.433554;1;10.562675;2;1.467764329718416;1.233717679977417
01100145;_derivationally_related_form;07354731;10782791;_derivationally_related_form;01100145;9.59805;1;10.433554;1;10.562985;1;0.467687166526666;1.2358767986297607
01100145;_derivationally_related_form;07354731;10782940;_derivationally_related_form;01100145;9.59805;1;10.433554;1;10.590142;1;0.460932656326004;1.237027645111084
01100145;_derivationally_related_form;07354731;01100567;_hypernym;01100145;9.59805;1;10.433554;1;10.449063;1;0.4961226763712514;1.2378137111663818
01100145;_derivationally_related_form;07354731;01100145;_derivationally_related_form;10782940;9.59805;1;10.433554;1;10.589889;2;1.4609956891154479;1.2389092445373535
01321895;_verb_group;01322223;01322223;_verb_group;01321895;11.250814;1;12.015833;1;11.713726;1;0.5749574746337964;4.849339008331299
01321895;_verb_group;01322223;01321895;_hypernym;01256600;11.250814;1;12.015833;1;11.722048;1;0.5729225333478664;1.2777607440948486
01321895;_verb_group;01322223;01321895;_derivationally_related_form;10058155;11.250814;1;12.015833;1;12.065749;1;0.48752352361114404;1.2763087749481201
01321895;_verb_group;01322223;10058155;_derivationally_related_form;01321895;11.250814;1;12.015833;1;12.063711;1;0.4880327196453977;1.27925705909729
01321895;_verb_group;01322223;01322391;_hypernym;01321895;11.250814;1;12.015833;1;11.994257;1;0.5053937726924996;1.2762799263000488
