moe_howard;actedin;income_tax_sappy;moe_howard;actedin;higher_than_a_kite;moe_howard;actedin;bedlam_in_paradise;moe_howard;actedin;hello_pop!;;;;3.2985961;2.715997;1;1
george_scratchley_brown;diedin;bethesda;george_scratchley_brown;haswonprize;legion_of_merit;;;;;;;;;;6.859623;7.5016065;1;1
roscoe_b._woodruff;haswonprize;distinguished_service_medal;roscoe_b._woodruff;haswonprize;legion_of_merit;;;;;;;;;;3.8657112;3.6724803;1;1
henry_fonda;haswonprize;academy_award_for_best_actor;henry_fonda;haswonprize;tony_award;;;;;;;;;;4.717474;4.2130213;1;1
kirill_lavrov;haswonprize;ussr_state_prize;kirill_lavrov;haswonprize;order_of_lenin;;;;;;;;;;3.735969;3.6310499;1;1
borys_paton;haswonprize;order_of_the_red_banner_of_labour;borys_paton;haswonprize;order_of_lenin;borys_paton;graduatedfrom;kyiv_polytechnic_institute;;;;;;;4.08576;5.385158;1;2
mario_monicelli;haswonprize;david_di_donatello;mario_monicelli;created;big_deal_on_madonna_street;;;;;;;;;;6.0764546;5.5079317;1;1
remo_buess;isaffiliatedto;fc_basel;remo_buess;isaffiliatedto;fc_zürich;;;;;;;;;;4.647263;5.1434274;1;6
frank_mckenna_(footballer);isaffiliatedto;fall_river_marksmen;frank_mckenna_(footballer);isaffiliatedto;new_york_nationals_(asl);;;;;;;;;;4.3674126;4.7974916;1;2
dixie_dean;isaffiliatedto;tranmere_rovers_f.c.;dixie_dean;playsfor;tranmere_rovers_f.c.;dixie_dean;isaffiliatedto;notts_county_f.c.;;;;;;;4.642655;5.4086967;1;1
attila_kuttor;isaffiliatedto;mtk_budapest_fc;attila_kuttor;isaffiliatedto;hungary_national_football_team;attila_kuttor;wasbornin;miskolc;;;;;;;3.5598722;4.373264;1;14
jim_mckenzie_(ice_hockey_b._1969);isaffiliatedto;phoenix_coyotes;jim_mckenzie_(ice_hockey_b._1969);isaffiliatedto;washington_capitals;;;;;;;;;;4.8719063;3.9634688;1;4
kate_gill;isaffiliatedto;perth_glory_fc_w-league;kate_gill;isaffiliatedto;aik_fotboll_dam;kate_gill;playsfor;perth_glory_fc_w-league;;;;;;;5.4273906;6.9881067;1;24
stanislav_šesták;isaffiliatedto;slovakia_national_under-21_football_team;stanislav_šesták;hasgender;male;stanislav_šesták;isaffiliatedto;bursaspor;;;;;;;5.0759315;6.0338473;1;25
michal_daněk;isaffiliatedto;fc_baník_ostrava;michal_daněk;playsfor;fc_baník_ostrava;michal_daněk;isaffiliatedto;czech_republic_national_under-17_football_team;;;;;;;4.069955;4.838616;1;5
alex_tayo_akande;isaffiliatedto;eastern_aa;alex_tayo_akande;hasgender;male;alex_tayo_akande;isaffiliatedto;hong_kong_rangers_fc;;;;;;;5.3174815;5.660371;1;2
ney_costa;isaffiliatedto;c.d.s._vida;ney_costa;playsfor;comercial_futebol_clube_(ribeirão_preto);ney_costa;isaffiliatedto;atlético_olanchano;ney_costa;playsfor;c.d.s._vida;;;;5.7281227;5.9884186;1;6
josh_sole;isaffiliatedto;rugby_viadana;josh_sole;playsfor;rugby_viadana;josh_sole;isaffiliatedto;zebre;;;;;;;6.5135746;9.007976;1;3
josé_manfredi_portillo_hernández;isaffiliatedto;c.d._vista_hermosa;josé_manfredi_portillo_hernández;isaffiliatedto;el_salvador_national_under-20_football_team;;;;;;;;;;5.177749;5.2273874;1;12
danijel_brezič;isaffiliatedto;slovenia_national_football_team;danijel_brezič;isaffiliatedto;nd_mura_05;;;;;;;;;;4.3086843;3.8272147;1;1
stopira;isaffiliatedto;c.d._santa_clara;stopira;playsfor;c.d._santa_clara;;;;;;;;;;4.920954;6.774428;1;20
vladislav_romanov;isaffiliatedto;pfc_slavia_sofia;vladislav_romanov;isaffiliatedto;pfc_lokomotiv_sofia;;;;;;;;;;4.217931;4.2160354;1;1
nerijus_barasa;isaffiliatedto;lithuania_national_football_team;nerijus_barasa;isaffiliatedto;fk_atlantas;;;;;;;;;;5.2594547;4.934945;1;4
miroslav_vajs;isaffiliatedto;macedonia_national_football_team;miroslav_vajs;playsfor;fk_metalurg_skopje;;;;;;;;;;3.6759133;4.1237316;1;1
arash_borhani;isaffiliatedto;iran_national_football_team;arash_borhani;isaffiliatedto;al-nasr_sc_(dubai);;;;;;;;;;5.1560864;5.397696;1;1
donald_w._riegle_jr.;isaffiliatedto;republican_party_(united_states);donald_w._riegle_jr.;graduatedfrom;western_michigan_university;;;;;;;;;;5.297489;6.51168;1;1
jürgen_habermas;isinterestedin;political_philosophy;wilhelm_dilthey;influences;jürgen_habermas;;;;;;;;;;4.5015597;4.241069;1;1
ținutul_crișuri;islocatedin;transylvania;ținutul_crișuri;islocatedin;kingdom_of_romania;;;;;;;;;;6.3319855;7.54263;1;4
tustin_california;islocatedin;california;tustin_california;islocatedin;southern_california;;;;;;;;;;6.6691723;7.9724054;1;3
sitges;islocatedin;spain;sitges;islocatedin;catalonia;;;;;;;;;;6.6776395;8.977315;1;6
yeung_ching_kwong;playsfor;hong_kong_national_football_team;yeung_ching_kwong;playsfor;eastern_aa;;;;;;;;;;5.5102005;4.4460325;1;1
norshahrul_idlan_talaha;playsfor;malaysia_national_football_team;norshahrul_idlan_talaha;isaffiliatedto;perak_fa;norshahrul_idlan_talaha;isaffiliatedto;malaysian_president's_cup;;;;;;;3.736116;4.596244;1;1
santiago_dellapè;playsfor;benetton_rugby_treviso;santiago_dellapè;isaffiliatedto;l'aquila_rugby;;;;;;;;;;6.8530464;6.909889;1;1
fjodor_xhafa;playsfor;kf_elbasani;fjodor_xhafa;isaffiliatedto;flamurtari_vlorë;;;;;;;;;;4.740875;5.0571113;1;1
luis_ignacio_quinteros;playsfor;club_deportivo_universidad_católica;luis_ignacio_quinteros;isaffiliatedto;chile_national_football_team;;;;;;;;;;2.5255456;2.7195935;1;3
edgar_álvarez;playsfor;cagliari_calcio;edgar_álvarez;isaffiliatedto;platense_f.c.;;;;;;;;;;5.280546;4.719412;1;2
oleksandr_shovkovskiy;playsfor;ukraine_national_under-21_football_team;oleksandr_shovkovskiy;isaffiliatedto;f.c._dynamo_kyiv;;;;;;;;;;3.7307138;4.783456;1;2
mark_stallard;playsfor;chesterfield_f.c.;mark_stallard;isaffiliatedto;chesterfield_f.c.;;;;;;;;;;2.0413108;1.9733529;1;1
liam_tuohy_(footballer);playsfor;republic_of_ireland_national_football_team;liam_tuohy_(footballer);playsfor;republic_of_ireland_national_football_b_team;liam_tuohy_(footballer);isaffiliatedto;republic_of_ireland_national_football_b_team;liam_tuohy_(footballer);playsfor;league_of_ireland_xi;;;;3.2896304;4.481902;1;2
thomas_rongen;playsfor;chicago_sting;thomas_rongen;playsfor;minnesota_strikers;;;;;;;;;;4.4829564;4.5461116;1;1
bent_skammelsrud;playsfor;norway_national_football_team;bent_skammelsrud;isaffiliatedto;frigg_oslo_fk;;;;;;;;;;4.4167585;3.9333692;1;1
gabriel_enrique_gómez;wasbornin;panama_city;gabriel_enrique_gómez;playsfor;san_francisco_f.c.;gabriel_enrique_gómez;isaffiliatedto;san_francisco_f.c.;gabriel_enrique_gómez;isaffiliatedto;sporting_san_miguelito;;;;7.090879;7.5661864;1;4
nikola_jerkan;wasbornin;split_croatia;nikola_jerkan;hasgender;male;nikola_jerkan;isaffiliatedto;nk_zagreb;;;;;;;6.752067;7.5426183;1;3
pablo_álvarez_menéndez;wasbornin;montevideo;pablo_álvarez_menéndez;playsfor;uruguay_national_football_team;;;;;;;;;;8.45746;8.480231;1;2
ljubiša_spajić;wasbornin;belgrade;ljubiša_spajić;isaffiliatedto;aris_thessaloniki_f.c.;ljubiša_spajić;isaffiliatedto;o.f.k._beograd;;;;;;;5.395754;5.6589193;1;1
otto_hemele;wasbornin;prague;otto_hemele;playsfor;czechoslovakia_national_football_team;;;;;;;;;;6.663647;5.4703465;1;1
joseph_stefan;worksat;university_of_vienna;joseph_stefan;livesin;austria;joseph_stefan;hasacademicadvisor;andreas_von_ettingshausen;ludwig_boltzmann;hasacademicadvisor;joseph_stefan;;;;4.7408705;8.37051;1;1
