/m/01wzs_q;/film/actor/film./film/performance/special_performance_type;/m/01kyvx;/m/01wzs_q;/film/actor/film./film/performance/film;/m/0dh8v4;8.203927;1;9.586933;1;9.597796;1;0.49728420067333634;6.5848307609558105
/m/01wzs_q;/film/actor/film./film/performance/special_performance_type;/m/01kyvx;/m/01wzs_q;/film/actor/film./film/performance/film;/m/026q3s3;8.203927;1;9.586933;1;9.383752;1;0.5506212880865903;0.9733009338378906
/m/01wzs_q;/film/actor/film./film/performance/special_performance_type;/m/01kyvx;/m/01wzs_q;/people/person/profession;/m/0np9r;8.203927;1;9.586933;1;8.316636;1;0.7807935938144637;0.9809668064117432
/m/01wzs_q;/film/actor/film./film/performance/special_performance_type;/m/01kyvx;/m/01wzs_q;/people/person/gender;/m/05zppz;8.203927;1;9.586933;1;9.354446;1;0.5578612983808876;0.9758021831512451
/m/01wzs_q;/film/actor/film./film/performance/special_performance_type;/m/01kyvx;/m/01wzs_q;/people/person/places_lived./people/place_lived/location;/m/018q42;8.203927;1;9.586933;1;9.791475;1;0.4490419991583007;0.973616361618042
/m/0mmpm;/location/location/time_zones;/m/02lcqs;/m/0mmpm;/location/location/adjoin_s./location/adjoining_relationship/adjoins;/m/0mlzk;8.325396;1;10.013323;1;10.052023;1;0.49032618140151063;6.4783923625946045
/m/0mmpm;/location/location/time_zones;/m/02lcqs;/m/0mmpm;/location/location/contains;/m/010rvx;8.325396;1;10.013323;1;10.132913;1;0.4701381297984196;1.0179190635681152
/m/0mmpm;/location/location/time_zones;/m/02lcqs;/m/0mlzk;/location/location/adjoin_s./location/adjoining_relationship/adjoins;/m/0mmpm;8.325396;1;10.013323;1;10.055205;1;0.48953090157662976;1.0160274505615234
/m/0mmpm;/location/location/time_zones;/m/02lcqs;/m/010rvx;/location/hud_county_place/county;/m/0mmpm;8.325396;1;10.013323;1;10.118925;1;0.47362394113944345;1.013885259628296
/m/0mmpm;/location/location/time_zones;/m/02lcqs;/m/0mmpm;/location/hud_foreclosure_area/estimated_number_of_mortgages./measurement_unit/dated_integer/source;/m/0jbk9;8.325396;1;10.013323;1;9.460137;1;0.6348743264883032;1.0168285369873047
/m/0mmpm;/location/location/time_zones;/m/02lcqs;/m/0mmpm;/location/location/adjoin_s./location/adjoining_relationship/adjoins;/m/0mmpz;8.325396;1;10.013323;1;10.186552;1;0.4568006700538806;1.0182814598083496
/m/0mmpm;/location/location/time_zones;/m/02lcqs;/m/0mmpz;/location/location/adjoin_s./location/adjoining_relationship/adjoins;/m/0mmpm;8.325396;1;10.013323;1;10.183434;1;0.4575745827231997;1.0153403282165527
/m/0mmpm;/location/location/time_zones;/m/02lcqs;/m/081yw;/location/location/contains;/m/0mmpm;8.325396;1;10.013323;1;9.602838;1;0.6012042312150724;1.0164239406585693
/m/0mmpm;/location/location/time_zones;/m/02lcqs;/m/0mmpm;/location/statistical_region/rent50_2./measurement_unit/dated_money_value/currency;/m/09nqf;8.325396;1;10.013323;1;9.933655;1;0.5199064835080053;1.017096996307373
/m/0mmpm;/location/location/time_zones;/m/02lcqs;/m/09c7w0;/location/country/second_level_divisions;/m/0mmpm;8.325396;1;10.013323;1;9.927991;1;0.5213200438830373;1.0210108757019043
/m/01vz80y;/people/person/profession;/m/03gjzk;/m/01vz80y;/people/person/nationality;/m/09c7w0;6.884267;1;8.954851;1;8.818835;1;0.5339516461048639;7.449681043624878
/m/01vz80y;/people/person/profession;/m/03gjzk;/m/014mlp;/education/educational_degree/people_with_this_degree./education/education/student;/m/01vz80y;6.884267;1;8.954851;1;8.877812;1;0.5192501714121152;1.046003818511963
/m/01vz80y;/people/person/profession;/m/03gjzk;/m/01vz80y;/people/person/places_lived./people/place_lived/location;/m/02_286;6.884267;1;8.954851;1;8.831423;1;0.5308179712690496;1.0446875095367432
/m/01vz80y;/people/person/profession;/m/03gjzk;/m/01vz80y;/people/person/profession;/m/0196pc;6.884267;1;8.954851;1;9.1482;1;0.4518128037444883;1.0430529117584229
/m/01vz80y;/people/person/profession;/m/03gjzk;/m/05b6rdt;/film/film/written_by;/m/01vz80y;6.884267;1;8.954851;1;9.024651;1;0.48255722532821393;1.0463790893554688
/m/01vz80y;/people/person/profession;/m/03gjzk;/m/01vz80y;/people/person/spouse_s./people/marriage/type_of_union;/m/04ztj;6.884267;1;8.954851;1;8.841216;1;0.5283782351882413;1.0589649677276611
/m/01vz80y;/people/person/profession;/m/03gjzk;/m/01vz80y;/people/person/profession;/m/02jknp;6.884267;1;8.954851;1;8.922218;2;1.50815748304292;1.057220697402954
/m/01vz80y;/people/person/profession;/m/03gjzk;/m/01vz80y;/people/person/profession;/m/0cbd2;6.884267;1;8.954851;1;8.925472;1;0.5073441945124385;1.0566203594207764
/m/01vz80y;/people/person/profession;/m/03gjzk;/m/05b6rdt;/film/film/produced_by;/m/01vz80y;6.884267;1;8.954851;1;8.993188;1;0.4904169851950329;1.0523731708526611
/m/01vz80y;/people/person/profession;/m/03gjzk;/m/0dyb1;/film/film/written_by;/m/01vz80y;6.884267;1;8.954851;1;9.025294;1;0.4823964904528251;1.0552270412445068
/m/01vz80y;/people/person/profession;/m/03gjzk;/m/02z9rr;/film/film/written_by;/m/01vz80y;6.884267;1;8.954851;1;8.967525;1;0.4968316979084797;1.0545542240142822
/m/01vz80y;/people/person/profession;/m/03gjzk;/m/01vz80y;/tv/tv_producer/programs_produced./tv/tv_producer_term/program;/m/0123qq;6.884267;1;8.954851;1;8.867352;1;0.5218609587864756;1.0592432022094727
/m/01vz80y;/people/person/profession;/m/03gjzk;/m/01vz80y;/film/director/film;/m/062zm5h;6.884267;1;8.954851;1;8.981323;1;0.4933823635311141;1.0538103580474854
/m/01vz80y;/people/person/profession;/m/03gjzk;/m/01k2wn;/education/educational_institution/students_graduates./education/education/student;/m/01vz80y;6.884267;1;8.954851;1;8.930498;1;0.5060879559569382;1.058774709701538
/m/01vz80y;/people/person/profession;/m/03gjzk;/m/01vz80y;/people/person/religion;/m/0kpl;6.884267;1;8.954851;1;8.914669;1;0.5100441770023263;1.053466796875
/m/01vz80y;/people/person/profession;/m/03gjzk;/m/01vz80y;/people/person/profession;/m/02krf9;6.884267;1;8.954851;1;8.639661;1;0.5781516500014963;1.0535876750946045
/m/01vz80y;/people/person/profession;/m/03gjzk;/m/01vz80y;/award/award_nominee/award_nominations./award/award_nomination/award;/m/0gr51;6.884267;1;8.954851;1;8.945429;1;0.5023555581343883;1.0531866550445557
/m/01vz80y;/people/person/profession;/m/03gjzk;/m/01vz80y;/people/person/gender;/m/05zppz;6.884267;1;8.954851;1;8.864252;1;0.5226342849235828;1.0560646057128906
/m/01vz80y;/people/person/profession;/m/03gjzk;/m/01vz80y;/people/person/profession;/m/0dxtg;6.884267;1;8.954851;1;8.748801;2;1.5513309966614837;1.0547616481781006
/m/01vz80y;/people/person/profession;/m/03gjzk;/m/0gwdy4;/award/award_ceremony/awards_presented./award/award_honor/award_winner;/m/01vz80y;6.884267;1;8.954851;1;9.069037;1;0.4714844049390504;1.0526766777038574
/m/03_87;/influence/influence_node/influenced_by;/m/01tz6vs;/m/0683n;/influence/influence_node/influenced_by;/m/03_87;6.833206;1;8.202064;2;8.219576;2;0.49562203151817935;6.532135963439941
/m/03_87;/influence/influence_node/influenced_by;/m/01tz6vs;/m/03_87;/influence/influence_node/influenced_by;/m/01v9724;6.833206;1;8.202064;2;8.182625;3;1.504859532878275;1.0043933391571045
/m/03_87;/influence/influence_node/influenced_by;/m/01tz6vs;/m/03_87;/people/person/profession;/m/0cbd2;6.833206;1;8.202064;2;8.109022;2;0.5232435896712632;1.005291223526001
/m/03_87;/influence/influence_node/influenced_by;/m/01tz6vs;/m/084w8;/influence/influence_node/influenced_by;/m/03_87;6.833206;1;8.202064;2;8.254118;2;0.48698933643831094;1.0049819946289062
/m/03_87;/influence/influence_node/influenced_by;/m/01tz6vs;/m/03_87;/people/person/gender;/m/05zppz;6.833206;1;8.202064;2;8.100572;2;0.525351224667142;1.0062601566314697
/m/03_87;/influence/influence_node/influenced_by;/m/01tz6vs;/m/013pp3;/influence/influence_node/influenced_by;/m/03_87;6.833206;1;8.202064;2;8.225558;2;0.4941265900605504;1.0047991275787354
/m/03_87;/influence/influence_node/influenced_by;/m/01tz6vs;/m/03_87;/people/person/profession;/m/0kyk;6.833206;1;8.202064;2;8.189024;2;0.503259851042575;1.0050573348999023
/m/03_87;/influence/influence_node/influenced_by;/m/01tz6vs;/m/034bs;/influence/influence_node/influenced_by;/m/03_87;6.833206;1;8.202064;2;8.316743;2;0.47136154518145923;1.0049195289611816
/m/03_87;/influence/influence_node/influenced_by;/m/01tz6vs;/m/03_87;/influence/influence_node/influenced_by;/m/0zm1;6.833206;1;8.202064;2;8.147641;3;1.5136022375471359;1.0049552917480469
/m/03_87;/influence/influence_node/influenced_by;/m/01tz6vs;/m/03_87;/people/deceased_person/place_of_burial;/m/08966;6.833206;1;8.202064;2;8.184247;2;0.5044540180757732;1.0049610137939453
/m/03_87;/influence/influence_node/influenced_by;/m/01tz6vs;/m/07lp1;/influence/influence_node/influenced_by;/m/03_87;6.833206;1;8.202064;2;8.175128;2;0.506733487243438;1.0328354835510254
/m/03_87;/influence/influence_node/influenced_by;/m/01tz6vs;/m/03_87;/influence/influence_node/influenced_by;/m/084nh;6.833206;1;8.202064;2;8.24577;3;1.4890750156241186;1.1368553638458252
/m/03_87;/influence/influence_node/influenced_by;/m/01tz6vs;/m/03_87;/people/deceased_person/place_of_death;/m/08966;6.833206;1;8.202064;2;8.15787;2;0.5110465191517419;1.1391804218292236
/m/03_87;/influence/influence_node/influenced_by;/m/01tz6vs;/m/017r2;/influence/influence_node/influenced_by;/m/03_87;6.833206;1;8.202064;2;8.269742;2;0.4830868423366532;1.1360397338867188
/m/03_87;/influence/influence_node/influenced_by;/m/01tz6vs;/m/0n6kf;/influence/influence_node/influenced_by;/m/03_87;6.833206;1;8.202064;2;8.16344;2;0.5096547522378969;1.1356806755065918
/m/03_87;/influence/influence_node/influenced_by;/m/01tz6vs;/m/05qzv;/influence/influence_node/influenced_by;/m/03_87;6.833206;1;8.202064;2;8.247173;2;0.4887244747623439;1.1358363628387451
/m/03_87;/influence/influence_node/influenced_by;/m/01tz6vs;/m/0dzkq;/influence/influence_node/influenced_by;/m/03_87;6.833206;1;8.202064;2;8.25038;2;0.4879233487830617;1.1357057094573975
/m/03_87;/influence/influence_node/influenced_by;/m/01tz6vs;/m/040db;/influence/influence_node/influenced_by;/m/03_87;6.833206;1;8.202064;2;8.2471;2;0.48874282367204336;1.1357941627502441
/m/03_87;/influence/influence_node/influenced_by;/m/01tz6vs;/m/0mb5x;/influence/influence_node/influenced_by;/m/03_87;6.833206;1;8.202064;2;8.169152;2;0.5082270825786148;1.1339199542999268
/m/03_87;/influence/influence_node/influenced_by;/m/01tz6vs;/m/03_87;/influence/influence_node/influenced_by;/m/03_dj;6.833206;1;8.202064;2;8.193382;3;1.5021703106951372;1.1366369724273682
/m/0gcs9;/music/artist/track_contributions./music/track_contribution/role;/m/01vdm0;/m/0gcs9;/music/group_member/membership./music/group_membership/role;/m/03bx0bm;6.473813;1;8.681571;1;8.6624975;1;0.5047682270270005;7.3278515338897705
/m/0gcs9;/music/artist/track_contributions./music/track_contribution/role;/m/01vdm0;/m/0gcs9;/music/group_member/membership./music/group_membership/role;/m/0342h;6.473813;1;8.681571;1;8.645765;1;0.5089504693282932;1.3483538627624512
/m/0gcs9;/music/artist/track_contributions./music/track_contribution/role;/m/01vdm0;/m/05r5c;/music/instrument/instrumentalists;/m/0gcs9;6.473813;1;8.681571;1;8.603105;1;0.5196065451273121;1.3585562705993652
/m/0gcs9;/music/artist/track_contributions./music/track_contribution/role;/m/01vdm0;/m/0gcs9;/music/group_member/membership./music/group_membership/role;/m/03qjg;6.473813;1;8.681571;1;8.676954;1;0.5011541822913859;1.3603250980377197
/m/0gcs9;/music/artist/track_contributions./music/track_contribution/role;/m/01vdm0;/m/0gcs9;/music/artist/track_contributions./music/track_contribution/role;/m/0342h;6.473813;1;8.681571;1;8.651875;2;1.5074235705844559;1.3472974300384521
/m/0gcs9;/music/artist/track_contributions./music/track_contribution/role;/m/01vdm0;/m/0342h;/music/instrument/instrumentalists;/m/0gcs9;6.473813;1;8.681571;1;8.64848;1;0.5082718930699929;1.3466284275054932
/m/0gcs9;/music/artist/track_contributions./music/track_contribution/role;/m/01vdm0;/m/0gcs9;/music/artist/track_contributions./music/track_contribution/role;/m/05r5c;6.473813;1;8.681571;1;8.605578;2;1.5189890086773121;1.3466668128967285
/m/0gcs9;/music/artist/track_contributions./music/track_contribution/role;/m/01vdm0;/m/0gcs9;/music/group_member/membership./music/group_membership/role;/m/0l14qv;6.473813;1;8.681571;1;8.618024;1;0.5158814395397483;1.3473124504089355
/m/0gcs9;/music/artist/track_contributions./music/track_contribution/role;/m/01vdm0;/m/0gcs9;/music/artist/track_contributions./music/track_contribution/role;/m/01qzyz;6.473813;1;8.681571;1;8.678183;1;0.5008471004010644;1.3459041118621826
/m/0gcs9;/music/artist/track_contributions./music/track_contribution/role;/m/01vdm0;/m/0gcs9;/music/artist/track_contributions./music/track_contribution/role;/m/05842k;6.473813;1;8.681571;1;8.599078;1;0.5206115198537563;1.346205711364746
/m/0gcs9;/music/artist/track_contributions./music/track_contribution/role;/m/01vdm0;/m/0gcs9;/music/artist/track_contributions./music/track_contribution/role;/m/01vj9c;6.473813;1;8.681571;1;8.631526;1;0.5125086428043968;1.3456473350524902
/m/0gcs9;/music/artist/track_contributions./music/track_contribution/role;/m/01vdm0;/m/0gcs9;/influence/influence_node/influenced_by;/m/01vrncs;6.473813;1;8.681571;1;8.700783;1;0.49519720544587315;1.3482472896575928
/m/0gcs9;/music/artist/track_contributions./music/track_contribution/role;/m/01vdm0;/m/0gcs9;/music/artist/track_contributions./music/track_contribution/role;/m/03qjg;6.473813;1;8.681571;1;8.664497;2;1.5042683041347773;1.3472707271575928
/m/0gcs9;/music/artist/track_contributions./music/track_contribution/role;/m/01vdm0;/m/0gcs9;/music/artist/track_contributions./music/track_contribution/role;/m/042v_gx;6.473813;1;8.681571;1;8.657503;2;1.506016679247058;1.346597671508789
/m/0gcs9;/music/artist/track_contributions./music/track_contribution/role;/m/01vdm0;/m/0gcs9;/music/group_member/membership./music/group_membership/role;/m/05r5c;6.473813;1;8.681571;1;8.605705;1;0.5189573446658736;1.346527099609375
/m/0gcs9;/music/artist/track_contributions./music/track_contribution/role;/m/01vdm0;/m/0gcs9;/music/artist/track_contributions./music/track_contribution/role;/m/02sgy;6.473813;1;8.681571;1;8.645347;2;1.5090551011514388;1.3455822467803955
/m/0gcs9;/music/artist/track_contributions./music/track_contribution/role;/m/01vdm0;/m/02ddqh;/award/award_category/winners./award/award_honor/award_winner;/m/0gcs9;6.473813;1;8.681571;1;8.717875;1;0.4909251166109855;1.34649658203125
/m/0gcs9;/music/artist/track_contributions./music/track_contribution/role;/m/01vdm0;/m/0xhtw;/music/genre/artists;/m/0gcs9;6.473813;1;8.681571;1;8.6814375;1;0.5000333786010246;1.3468356132507324
/m/0gcs9;/music/artist/track_contributions./music/track_contribution/role;/m/01vdm0;/m/099vwn;/award/award_category/winners./award/award_honor/award_winner;/m/0gcs9;6.473813;1;8.681571;1;8.693556;1;0.4970038295795144;1.3475980758666992
/m/0gcs9;/music/artist/track_contributions./music/track_contribution/role;/m/01vdm0;/m/03g5jw;/influence/influence_node/influenced_by;/m/0gcs9;6.473813;1;8.681571;1;8.6932125;1;0.49708965727341375;1.3448765277862549
/m/02yvct;/film/film/release_date_s./film/film_regional_release_date/film_release_region;/m/01mjq;/m/02yvct;/film/film/featured_film_locations;/m/0345h;5.589162;1;7.495356;1;7.5051336;1;0.4975556329912697;7.799497842788696
/m/02yvct;/film/film/release_date_s./film/film_regional_release_date/film_release_region;/m/01mjq;/m/02yvct;/film/film/country;/m/0345h;5.589162;1;7.495356;1;7.4842544;1;0.5027754021740921;1.535735845565796
/m/02yvct;/film/film/release_date_s./film/film_regional_release_date/film_release_region;/m/01mjq;/m/02yvct;/film/film/release_date_s./film/film_regional_release_date/film_release_region;/m/05qhw;5.589162;1;7.495356;1;7.4578385;2;1.509378286880886;1.5355136394500732
/m/02yvct;/film/film/release_date_s./film/film_regional_release_date/film_release_region;/m/01mjq;/m/02yvct;/film/film/release_date_s./film/film_regional_release_date/film_release_region;/m/0345h;5.589162;1;7.495356;1;7.4656086;2;1.5074363231618366;1.5359513759613037
/m/02yvct;/film/film/release_date_s./film/film_regional_release_date/film_release_region;/m/01mjq;/m/02yvct;/film/film/release_date_s./film/film_regional_release_date/film_release_region;/m/0h7x;5.589162;1;7.495356;1;7.4638352;1;0.5078795584837431;1.5353922843933105
/m/02yvct;/film/film/release_date_s./film/film_regional_release_date/film_release_region;/m/01mjq;/m/02yvct;/film/film/estimated_budget./measurement_unit/dated_money_value/currency;/m/09nqf;5.589162;1;7.495356;1;7.4960904;1;0.4998164177023414;1.537032127380371
/m/02yvct;/film/film/release_date_s./film/film_regional_release_date/film_release_region;/m/01mjq;/m/02yvct;/film/film/release_date_s./film/film_regional_release_date/film_release_region;/m/07ssc;5.589162;1;7.495356;1;7.4910927;2;1.5010658486434165;1.535386562347412
/m/02yvct;/film/film/release_date_s./film/film_regional_release_date/film_release_region;/m/01mjq;/m/02yvct;/film/film/release_date_s./film/film_regional_release_date/film_release_region;/m/059j2;5.589162;1;7.495356;1;7.4687343;2;1.5066550615916472;1.5358784198760986
/m/02yvct;/film/film/release_date_s./film/film_regional_release_date/film_release_region;/m/01mjq;/m/09k5jh7;/award/award_ceremony/awards_presented./award/award_honor/honored_for;/m/02yvct;5.589162;1;7.495356;1;7.5051417;1;0.4975536064818217;1.5361382961273193
/m/02yvct;/film/film/release_date_s./film/film_regional_release_date/film_release_region;/m/01mjq;/m/0693l;/film/director/film;/m/02yvct;5.589162;1;7.495356;1;7.503788;1;0.4978920346220497;1.5358028411865234
/m/02yvct;/film/film/release_date_s./film/film_regional_release_date/film_release_region;/m/01mjq;/m/0f_nbyh;/award/award_category/nominees./award/award_nomination/nominated_for;/m/02yvct;5.589162;1;7.495356;1;7.4993315;1;0.4990061534618889;1.5414471626281738
/m/02yvct;/film/film/release_date_s./film/film_regional_release_date/film_release_region;/m/01mjq;/m/02yvct;/award/award_winning_work/awards_won./award/award_honor/award;/m/02x73k6;5.589162;1;7.495356;1;7.511468;1;0.4959721244485917;1.535491704940796
/m/02yvct;/film/film/release_date_s./film/film_regional_release_date/film_release_region;/m/01mjq;/m/0139q5;/film/actor/film./film/performance/film;/m/02yvct;5.589162;1;7.495356;1;7.49917;1;0.4990465652577863;1.5354740619659424
/m/02yvct;/film/film/release_date_s./film/film_regional_release_date/film_release_region;/m/01mjq;/m/02yvct;/award/award_winning_work/awards_won./award/award_honor/award;/m/027b9j5;5.589162;1;7.495356;1;7.510894;1;0.4961156434468828;1.5358662605285645
/m/02yvct;/film/film/release_date_s./film/film_regional_release_date/film_release_region;/m/01mjq;/m/09sb52;/award/award_category/nominees./award/award_nomination/nominated_for;/m/02yvct;5.589162;1;7.495356;1;7.5056095;1;0.49743666510430123;1.5363640785217285
/m/02yvct;/film/film/release_date_s./film/film_regional_release_date/film_release_region;/m/01mjq;/m/021yc7p;/award/award_nominee/award_nominations./award/award_nomination/nominated_for;/m/02yvct;5.589162;1;7.495356;1;7.4994946;1;0.49896538405263813;1.5353381633758545
/m/02yvct;/film/film/release_date_s./film/film_regional_release_date/film_release_region;/m/01mjq;/m/018wdw;/award/award_category/nominees./award/award_nomination/nominated_for;/m/02yvct;5.589162;1;7.495356;1;7.4946914;1;0.5001661777435151;1.5339579582214355
/m/02yvct;/film/film/release_date_s./film/film_regional_release_date/film_release_region;/m/01mjq;/m/02yvct;/film/film/release_date_s./film/film_regional_release_date/film_release_region;/m/015qh;5.589162;1;7.495356;1;7.470161;2;1.506298447260014;1.5354278087615967
/m/02yvct;/film/film/release_date_s./film/film_regional_release_date/film_release_region;/m/01mjq;/m/02g2yr;/award/award_category/nominees./award/award_nomination/nominated_for;/m/02yvct;5.589162;1;7.495356;1;7.498835;1;0.4991302499006868;1.5349962711334229
/m/02yvct;/film/film/release_date_s./film/film_regional_release_date/film_release_region;/m/01mjq;/m/02yvct;/award/award_winning_work/awards_won./award/award_honor/award_winner;/m/08qxx9;5.589162;1;7.495356;1;7.5023627;1;0.49824834586550926;1.5358035564422607
/m/01p1v;/base/aareas/schema/administrative_area/administrative_area_type;/m/0hzc9wc;/m/016wzw;/location/location/adjoin_s./location/adjoining_relationship/adjoins;/m/01p1v;9.343398;1;12.092736;1;12.104208;1;0.49713209436352496;7.966012716293335
/m/01p1v;/base/aareas/schema/administrative_area/administrative_area_type;/m/0hzc9wc;/m/0jgd;/location/location/adjoin_s./location/adjoining_relationship/adjoins;/m/01p1v;9.343398;1;12.092736;1;12.103054;1;0.49742057227584785;1.745978593826294
/m/01p1v;/base/aareas/schema/administrative_area/administrative_area_type;/m/0hzc9wc;/m/01p1v;/location/location/adjoin_s./location/adjoining_relationship/adjoins;/m/016wzw;9.343398;1;12.092736;1;12.103872;1;0.49721601502233564;1.745208501815796
/m/01p1v;/base/aareas/schema/administrative_area/administrative_area_type;/m/0hzc9wc;/m/0165v;/location/location/adjoin_s./location/adjoining_relationship/adjoins;/m/01p1v;9.343398;1;12.092736;1;12.106495;1;0.4965603894191903;1.7453837394714355
/m/01p1v;/base/aareas/schema/administrative_area/administrative_area_type;/m/0hzc9wc;/m/01p1v;/location/location/adjoin_s./location/adjoining_relationship/adjoins;/m/0jgd;9.343398;1;12.092736;1;12.1027775;1;0.49748971187255503;1.7447748184204102
/m/01p1v;/base/aareas/schema/administrative_area/administrative_area_type;/m/0hzc9wc;/m/01p1v;/location/location/adjoin_s./location/adjoining_relationship/adjoins;/m/0165v;9.343398;1;12.092736;1;12.10634;1;0.49659901142163076;1.7461304664611816
/m/01p1v;/base/aareas/schema/administrative_area/administrative_area_type;/m/0hzc9wc;/m/0ch26b_;/film/film/release_date_s./film/film_regional_release_date/film_release_region;/m/01p1v;9.343398;1;12.092736;1;12.096655;1;0.4990203393120941;1.744694709777832
/m/01p1v;/base/aareas/schema/administrative_area/administrative_area_type;/m/0hzc9wc;/m/0cp0ph6;/film/film/release_date_s./film/film_regional_release_date/film_release_region;/m/01p1v;9.343398;1;12.092736;1;12.1028;1;0.4974839899712166;1.7445220947265625
/m/01p1v;/base/aareas/schema/administrative_area/administrative_area_type;/m/0hzc9wc;/m/02x3lt7;/film/film/release_date_s./film/film_regional_release_date/film_release_region;/m/01p1v;9.343398;1;12.092736;1;12.10016;1;0.49814415830273623;1.7451508045196533
/m/01p1v;/base/aareas/schema/administrative_area/administrative_area_type;/m/0hzc9wc;/m/0c3ybss;/film/film/release_date_s./film/film_regional_release_date/film_release_region;/m/01p1v;9.343398;1;12.092736;1;12.097464;1;0.49881816130436696;1.7457990646362305
/m/01p1v;/base/aareas/schema/administrative_area/administrative_area_type;/m/0hzc9wc;/m/0gtsx8c;/film/film/release_date_s./film/film_regional_release_date/film_release_region;/m/01p1v;9.343398;1;12.092736;1;12.100027;1;0.49817729803677674;1.7456707954406738
/m/01p1v;/base/aareas/schema/administrative_area/administrative_area_type;/m/0hzc9wc;/m/01sgl;/olympics/olympic_sport/athletes./olympics/olympic_athlete_affiliation/country;/m/01p1v;9.343398;1;12.092736;1;12.101781;1;0.49773885361032427;1.7451965808868408
/m/01p1v;/base/aareas/schema/administrative_area/administrative_area_type;/m/0hzc9wc;/m/06z6r;/olympics/olympic_sport/athletes./olympics/olympic_athlete_affiliation/country;/m/01p1v;9.343398;1;12.092736;1;12.053815;1;0.5097291108848547;1.7448112964630127
/m/01p1v;/base/aareas/schema/administrative_area/administrative_area_type;/m/0hzc9wc;/m/0j43swk;/film/film/release_date_s./film/film_regional_release_date/film_release_region;/m/01p1v;9.343398;1;12.092736;1;12.098407;1;0.49858236692733887;1.7458422183990479
/m/01p1v;/base/aareas/schema/administrative_area/administrative_area_type;/m/0hzc9wc;/m/0dlngsd;/film/film/release_date_s./film/film_regional_release_date/film_release_region;/m/01p1v;9.343398;1;12.092736;1;12.09414;1;0.499649047909197;1.7456867694854736
/m/01p1v;/base/aareas/schema/administrative_area/administrative_area_type;/m/0hzc9wc;/m/03qnvdl;/film/film/release_date_s./film/film_regional_release_date/film_release_region;/m/01p1v;9.343398;1;12.092736;1;12.0974245;1;0.49882793641194706;1.7451200485229492
/m/01p1v;/base/aareas/schema/administrative_area/administrative_area_type;/m/0hzc9wc;/m/01p1v;/location/country/form_of_government;/m/06cx9;9.343398;1;12.092736;1;12.061608;1;0.507781354121391;1.7449977397918701
/m/01p1v;/base/aareas/schema/administrative_area/administrative_area_type;/m/0hzc9wc;/m/02qlg7s;/people/person/place_of_birth;/m/01p1v;9.343398;1;12.092736;1;12.096576;1;0.49904012797971603;1.7447218894958496
/m/01p1v;/base/aareas/schema/administrative_area/administrative_area_type;/m/0hzc9wc;/m/06zn2v2;/film/film/release_date_s./film/film_regional_release_date/film_release_region;/m/01p1v;9.343398;1;12.092736;1;12.098606;1;0.4985325378591172;1.7458043098449707
/m/01p1v;/base/aareas/schema/administrative_area/administrative_area_type;/m/0hzc9wc;/m/0dll_t2;/film/film/release_date_s./film/film_regional_release_date/film_release_region;/m/01p1v;9.343398;1;12.092736;1;12.0964;1;0.49908399684387145;1.7454254627227783
/m/06nm1;/media_common/netflix_genre/titles;/m/02vr3gz;/m/06nm1;/language/human_language/countries_spoken_in;/m/0d060g;3.6519551;1;4.3971663;3;4.3937263;3;0.5008599749668172;8.459668636322021
/m/06nm1;/media_common/netflix_genre/titles;/m/02vr3gz;/m/01ls2;/location/country/official_language;/m/06nm1;3.6519551;1;4.3971663;3;4.399597;3;0.49939227134114356;1.8877317905426025
/m/06nm1;/media_common/netflix_genre/titles;/m/02vr3gz;/m/06nm1;/language/human_language/countries_spoken_in;/m/0jgd;3.6519551;1;4.3971663;3;4.3967957;3;0.5000926256169214;1.8860764503479004
/m/06nm1;/media_common/netflix_genre/titles;/m/02vr3gz;/m/06nm1;/language/human_language/countries_spoken_in;/m/09c7w0;3.6519551;1;4.3971663;3;4.408085;3;0.4972703728057947;1.8875610828399658
/m/06nm1;/media_common/netflix_genre/titles;/m/02vr3gz;/m/0b90_r;/location/country/official_language;/m/06nm1;3.6519551;1;4.3971663;3;4.3988595;3;0.49957668791394466;1.887162685394287
/m/06nm1;/media_common/netflix_genre/titles;/m/02vr3gz;/m/06mkj;/location/country/official_language;/m/06nm1;3.6519551;1;4.3971663;3;4.3914943;3;0.5014179906976541;1.887547254562378
/m/06nm1;/media_common/netflix_genre/titles;/m/02vr3gz;/m/06nm1;/language/human_language/countries_spoken_in;/m/0b90_r;3.6519551;1;4.3971663;3;4.3981028;3;0.4997658729724339;1.886547327041626
/m/06nm1;/media_common/netflix_genre/titles;/m/02vr3gz;/m/0jgd;/location/country/official_language;/m/06nm1;3.6519551;1;4.3971663;3;4.397746;3;0.4998550415079675;1.8863801956176758
/m/06nm1;/media_common/netflix_genre/titles;/m/02vr3gz;/m/06nm1;/language/human_language/countries_spoken_in;/m/01ls2;3.6519551;1;4.3971663;3;4.40084;3;0.4990816126661033;1.8939886093139648
/m/06nm1;/media_common/netflix_genre/titles;/m/02vr3gz;/m/040rmy;/film/film/language;/m/06nm1;3.6519551;1;4.3971663;3;4.3900676;3;0.5017746612412753;1.8869786262512207
/m/06nm1;/media_common/netflix_genre/titles;/m/02vr3gz;/m/025n07;/film/film/language;/m/06nm1;3.6519551;1;4.3971663;3;4.3967094;3;0.5001142024974037;1.8872463703155518
/m/06nm1;/media_common/netflix_genre/titles;/m/02vr3gz;/m/0345_;/location/country/official_language;/m/06nm1;3.6519551;1;4.3971663;3;4.399368;3;0.4994496109324487;1.8872148990631104
/m/06nm1;/media_common/netflix_genre/titles;/m/02vr3gz;/m/0kb07;/film/film/language;/m/06nm1;3.6519551;1;4.3971663;3;4.398104;3;0.4997655153446439;1.8875906467437744
/m/06nm1;/media_common/netflix_genre/titles;/m/02vr3gz;/m/091z_p;/film/film/language;/m/06nm1;3.6519551;1;4.3971663;3;4.3948793;3;0.5005717275035094;1.8864049911499023
/m/06nm1;/media_common/netflix_genre/titles;/m/02vr3gz;/m/04jm_hq;/film/film/language;/m/06nm1;3.6519551;1;4.3971663;3;4.402279;3;0.49872184078160375;1.8859694004058838
/m/06nm1;/media_common/netflix_genre/titles;/m/02vr3gz;/m/0963mq;/film/film/language;/m/06nm1;3.6519551;1;4.3971663;3;4.4012537;3;0.4989781393926755;1.888345718383789
/m/06nm1;/media_common/netflix_genre/titles;/m/02vr3gz;/m/048scx;/film/film/language;/m/06nm1;3.6519551;1;4.3971663;3;4.4055076;3;0.49791468398879574;1.8886535167694092
/m/06nm1;/media_common/netflix_genre/titles;/m/02vr3gz;/m/04nl83;/film/film/language;/m/06nm1;3.6519551;1;4.3971663;3;4.395342;3;0.5004560946153175;1.8875882625579834
/m/06nm1;/media_common/netflix_genre/titles;/m/02vr3gz;/m/016dj8;/film/film/language;/m/06nm1;3.6519551;1;4.3971663;3;4.3993707;3;0.49944889567757905;1.8855805397033691
/m/06nm1;/media_common/netflix_genre/titles;/m/02vr3gz;/m/043hg;/people/person/languages;/m/06nm1;3.6519551;1;4.3971663;3;4.3978944;3;0.4998179674228983;1.886056900024414
/m/06qd3;/base/aareas/schema/administrative_area/administrative_parent;/m/02j71;/m/06qd3;/location/statistical_region/gni_per_capita_in_ppp_dollars./measurement_unit/dated_money_value/currency;/m/09nqf;7.9534383;1;9.870706;1;9.848712;1;0.5054981876410501;8.675666093826294
/m/06qd3;/base/aareas/schema/administrative_area/administrative_parent;/m/02j71;/m/06qd3;/location/statistical_region/gdp_nominal./measurement_unit/dated_money_value/currency;/m/09nqf;7.9534383;1;9.870706;1;9.840756;1;0.5074867374616223;2.1405088901519775
/m/06qd3;/base/aareas/schema/administrative_area/administrative_parent;/m/02j71;/m/06qd3;/organization/organization_member/member_of./organization/organization_membership/organization;/m/02vk52z;7.9534383;1;9.870706;1;9.827072;1;0.5109066348951852;2.1411550045013428
/m/06qd3;/base/aareas/schema/administrative_area/administrative_parent;/m/02j71;/m/06qd3;/location/statistical_region/gdp_nominal_per_capita./measurement_unit/dated_money_value/currency;/m/09nqf;7.9534383;1;9.870706;1;9.839633;1;0.5077675291870358;2.140446186065674
/m/06qd3;/base/aareas/schema/administrative_area/administrative_parent;/m/02j71;/m/01c6k4;/base/schemastaging/organization_extra/phone_number./base/schemastaging/phone_sandbox/service_location;/m/06qd3;7.9534383;1;9.870706;1;9.871804;1;0.49972534182450096;2.1412734985351562
/m/06qd3;/base/aareas/schema/administrative_area/administrative_parent;/m/02j71;/m/06qd3;/military/military_combatant/military_conflicts./military/military_combatant_group/combatants;/m/05v8c;7.9534383;1;9.870706;1;9.87917;1;0.49788380932784143;2.1394264698028564
/m/06qd3;/base/aareas/schema/administrative_area/administrative_parent;/m/02j71;/m/06qd3;/location/statistical_region/places_exported_to./location/imports_and_exports/exported_to;/m/07t_x;7.9534383;1;9.870706;1;9.872264;1;0.4996104241205823;2.1403660774230957
/m/06qd3;/base/aareas/schema/administrative_area/administrative_parent;/m/02j71;/m/07f1x;/military/military_combatant/military_conflicts./military/military_combatant_group/combatants;/m/06qd3;7.9534383;1;9.870706;1;9.873152;1;0.49938845664954906;2.140871524810791
/m/06qd3;/base/aareas/schema/administrative_area/administrative_parent;/m/02j71;/m/0jqn5;/film/film/release_date_s./film/film_regional_release_date/film_release_region;/m/06qd3;7.9534383;1;9.870706;1;9.871587;1;0.4997797012471655;2.144395351409912
/m/06qd3;/base/aareas/schema/administrative_area/administrative_parent;/m/02j71;/m/019w9j;/olympics/olympic_sport/athletes./olympics/olympic_athlete_affiliation/country;/m/06qd3;7.9534383;1;9.870706;1;9.876935;1;0.4984426548774262;2.1401524543762207
/m/06qd3;/base/aareas/schema/administrative_area/administrative_parent;/m/02j71;/m/0fq27fp;/film/film/release_date_s./film/film_regional_release_date/film_release_region;/m/06qd3;7.9534383;1;9.870706;1;9.87465;1;0.4990139020353335;2.140979051589966
/m/06qd3;/base/aareas/schema/administrative_area/administrative_parent;/m/02j71;/m/07l50vn;/film/film/release_date_s./film/film_regional_release_date/film_release_region;/m/06qd3;7.9534383;1;9.870706;1;9.866521;1;0.5010461791983821;2.139279365539551
/m/06qd3;/base/aareas/schema/administrative_area/administrative_parent;/m/02j71;/m/0dr89x;/film/film/release_date_s./film/film_regional_release_date/film_release_region;/m/06qd3;7.9534383;1;9.870706;1;9.880656;1;0.4975123610717911;2.1403040885925293
/m/06qd3;/base/aareas/schema/administrative_area/administrative_parent;/m/02j71;/m/047tsx3;/film/film/release_date_s./film/film_regional_release_date/film_release_region;/m/06qd3;7.9534383;1;9.870706;1;9.872735;1;0.49949264543780186;2.140881299972534
/m/06qd3;/base/aareas/schema/administrative_area/administrative_parent;/m/02j71;/m/0fpkhkz;/film/film/release_date_s./film/film_regional_release_date/film_release_region;/m/06qd3;7.9534383;1;9.870706;1;9.872413;1;0.4995732308470459;2.1405344009399414
/m/06qd3;/base/aareas/schema/administrative_area/administrative_parent;/m/02j71;/m/0_b3d;/film/film/release_date_s./film/film_regional_release_date/film_release_region;/m/06qd3;7.9534383;1;9.870706;1;9.879796;1;0.4977274097537587;2.1427767276763916
/m/06qd3;/base/aareas/schema/administrative_area/administrative_parent;/m/02j71;/m/03fyrh;/olympics/olympic_sport/athletes./olympics/olympic_athlete_affiliation/country;/m/06qd3;7.9534383;1;9.870706;1;9.858293;1;0.5031032163795658;2.1421022415161133
/m/06qd3;/base/aareas/schema/administrative_area/administrative_parent;/m/02j71;/m/02_5h;/olympics/olympic_sport/athletes./olympics/olympic_athlete_affiliation/country;/m/06qd3;7.9534383;1;9.870706;1;9.885437;1;0.4963172148098156;2.1409947872161865
/m/06qd3;/base/aareas/schema/administrative_area/administrative_parent;/m/02j71;/m/06tw8;/location/statistical_region/places_exported_to./location/imports_and_exports/exported_to;/m/06qd3;7.9534383;1;9.870706;1;9.870618;1;0.5000219345092632;2.1414361000061035
/m/06qd3;/base/aareas/schema/administrative_area/administrative_parent;/m/02j71;/m/06qd3;/military/military_combatant/military_conflicts./military/military_combatant_group/combatants;/m/07ssc;7.9534383;1;9.870706;1;9.872527;1;0.4995446206398257;2.140197277069092
/m/0gr51;/award/award_category/winners./award/award_honor/ceremony;/m/02yv_b;/m/0gr51;/award/award_category/nominees./award/award_nomination/nominated_for;/m/04lhc4;6.3636703;1;8.403124;1;8.394712;1;0.5021028394693882;9.527244567871094
/m/0gr51;/award/award_category/winners./award/award_honor/ceremony;/m/02yv_b;/m/0gr51;/award/award_category/category_of;/m/0g_w;6.3636703;1;8.403124;1;8.395211;1;0.501978148629858;2.451794385910034
/m/0gr51;/award/award_category/winners./award/award_honor/ceremony;/m/02yv_b;/m/027r9t;/award/award_winning_work/awards_won./award/award_honor/award;/m/0gr51;6.3636703;1;8.403124;1;8.394791;1;0.5020832894884979;2.4521002769470215
/m/0gr51;/award/award_category/winners./award/award_honor/ceremony;/m/02yv_b;/m/06t8b;/award/award_nominee/award_nominations./award/award_nomination/award;/m/0gr51;6.3636703;1;8.403124;1;8.395195;1;0.5019822016821321;2.4552817344665527
/m/0gr51;/award/award_category/winners./award/award_honor/ceremony;/m/02yv_b;/m/0gr51;/award/award_category/winners./award/award_honor/award_winner;/m/01vb6z;6.3636703;1;8.403124;1;8.395537;1;0.5018966107001953;2.451687812805176
/m/0gr51;/award/award_category/winners./award/award_honor/ceremony;/m/02yv_b;/m/0gr51;/award/award_category/nominees./award/award_nomination/nominated_for;/m/09q5w2;6.3636703;1;8.403124;1;8.390545;1;0.5031446995928848;2.4502012729644775
/m/0gr51;/award/award_category/winners./award/award_honor/ceremony;/m/02yv_b;/m/0gr51;/award/award_category/nominees./award/award_nomination/nominated_for;/m/027r9t;6.3636703;1;8.403124;1;8.396243;1;0.5017201832614033;2.4507646560668945
/m/0gr51;/award/award_category/winners./award/award_honor/ceremony;/m/02yv_b;/m/01vb6z;/award/award_nominee/award_nominations./award/award_nomination/award;/m/0gr51;6.3636703;1;8.403124;1;8.397169;1;0.5014886812089892;2.4529473781585693
/m/0gr51;/award/award_category/winners./award/award_honor/ceremony;/m/02yv_b;/m/0gr51;/award/award_category/nominees./award/award_nomination/nominated_for;/m/04qw17;6.3636703;1;8.403124;1;8.412373;1;0.49768783310156706;2.4514057636260986
/m/0gr51;/award/award_category/winners./award/award_honor/ceremony;/m/02yv_b;/m/0gr51;/award/award_category/nominees./award/award_nomination/nominated_for;/m/04jwly;6.3636703;1;8.403124;1;8.403429;1;0.4999237060552796;2.4512650966644287
/m/0gr51;/award/award_category/winners./award/award_honor/ceremony;/m/02yv_b;/m/0gr51;/award/award_category/nominees./award/award_nomination/nominated_for;/m/0hmm7;6.3636703;1;8.403124;1;8.407807;1;0.4988291284982988;2.4527840614318848
/m/0gr51;/award/award_category/winners./award/award_honor/ceremony;/m/02yv_b;/m/0gr51;/award/award_category/nominees./award/award_nomination/nominated_for;/m/0hmr4;6.3636703;1;8.403124;1;8.408468;1;0.49866390546289824;2.4519636631011963
/m/0gr51;/award/award_category/winners./award/award_honor/ceremony;/m/02yv_b;/m/0gr51;/award/award_category/nominees./award/award_nomination/nominated_for;/m/0sxmx;6.3636703;1;8.403124;1;8.401518;1;0.5004014968009121;2.4526467323303223
/m/0gr51;/award/award_category/winners./award/award_honor/ceremony;/m/02yv_b;/m/0gr51;/award/award_category/nominees./award/award_nomination/nominated_for;/m/011ykb;6.3636703;1;8.403124;1;8.395567;1;0.5018892198301745;2.452131509780884
/m/0gr51;/award/award_category/winners./award/award_honor/ceremony;/m/02yv_b;/m/0gr51;/award/award_category/nominees./award/award_nomination/nominated_for;/m/0gmcwlb;6.3636703;1;8.403124;1;8.400259;1;0.5007162089217764;2.452497720718384
/m/0gr51;/award/award_category/winners./award/award_honor/ceremony;/m/02yv_b;/m/0gr51;/award/award_category/nominees./award/award_nomination/nominated_for;/m/011yhm;6.3636703;1;8.403124;1;8.403498;1;0.49990653991808065;2.4520561695098877
/m/0gr51;/award/award_category/winners./award/award_honor/ceremony;/m/02yv_b;/m/011ywj;/award/award_winning_work/awards_won./award/award_honor/award;/m/0gr51;6.3636703;1;8.403124;1;8.404391;1;0.4996831417507905;2.4525516033172607
/m/0gr51;/award/award_category/winners./award/award_honor/ceremony;/m/02yv_b;/m/0gr51;/award/award_category/nominees./award/award_nomination/nominated_for;/m/0pv2t;6.3636703;1;8.403124;1;8.407687;1;0.4988591690787198;2.4520747661590576
/m/0gr51;/award/award_category/winners./award/award_honor/ceremony;/m/02yv_b;/m/0bsb4j;/award/award_nominee/award_nominations./award/award_nomination/award;/m/0gr51;6.3636703;1;8.403124;1;8.404386;1;0.4996845722616931;2.453739881515503
/m/0gr51;/award/award_category/winners./award/award_honor/ceremony;/m/02yv_b;/m/03flwk;/award/award_nominee/award_nominations./award/award_nomination/award;/m/0gr51;6.3636703;1;8.403124;1;8.40788;1;0.49881100878719736;2.453218460083008
