/m/01wzs_q;/film/actor/film./film/performance/special_performance_type;/m/01kyvx;/m/01wzs_q;/people/person/profession;/m/0np9r;/m/01wzs_q;/people/person/gender;/m/05zppz;8.203927;1;9.586933;1;7.016849;1;0.9289112493412125;0.9731488227844238
/m/01wzs_q;/film/actor/film./film/performance/special_performance_type;/m/01kyvx;/m/01wzs_q;/film/actor/film./film/performance/film;/m/026q3s3;/m/01wzs_q;/people/person/profession;/m/0np9r;8.203927;1;9.586933;1;7.614896;1;0.8778297726162426;0.9669146537780762
/m/01wzs_q;/film/actor/film./film/performance/special_performance_type;/m/01kyvx;/m/01wzs_q;/film/actor/film./film/performance/film;/m/0dh8v4;/m/01wzs_q;/people/person/profession;/m/0np9r;8.203927;1;9.586933;1;8.106426;1;0.8146491322914801;0.9729859828948975
/m/01wzs_q;/film/actor/film./film/performance/special_performance_type;/m/01kyvx;/m/01wzs_q;/people/person/profession;/m/0np9r;/m/01wzs_q;/people/person/places_lived./people/place_lived/location;/m/018q42;8.203927;1;9.586933;1;8.335486;1;0.7775501955419238;0.9748506546020508
/m/01wzs_q;/film/actor/film./film/performance/special_performance_type;/m/01kyvx;/m/01wzs_q;/film/actor/film./film/performance/film;/m/026q3s3;/m/01wzs_q;/people/person/gender;/m/05zppz;8.203927;1;9.586933;1;9.201635;1;0.5951502237878854;0.9682784080505371
/m/01wzs_q;/film/actor/film./film/performance/special_performance_type;/m/01kyvx;/m/01wzs_q;/film/actor/film./film/performance/film;/m/0dh8v4;/m/01wzs_q;/people/person/gender;/m/05zppz;8.203927;1;9.586933;1;9.471656;1;0.528787450293289;0.9662671089172363
/m/01wzs_q;/film/actor/film./film/performance/special_performance_type;/m/01kyvx;/m/01wzs_q;/film/actor/film./film/performance/film;/m/0dh8v4;/m/01wzs_q;/film/actor/film./film/performance/film;/m/026q3s3;8.203927;1;9.586933;1;8.792887;1;0.6886995105152283;0.9677374362945557
/m/01wzs_q;/film/actor/film./film/performance/special_performance_type;/m/01kyvx;/m/01wzs_q;/people/person/gender;/m/05zppz;/m/01wzs_q;/people/person/places_lived./people/place_lived/location;/m/018q42;8.203927;1;9.586933;1;9.6180935;1;0.4922105416122771;0.9692249298095703
/m/01wzs_q;/film/actor/film./film/performance/special_performance_type;/m/01kyvx;/m/01wzs_q;/film/actor/film./film/performance/film;/m/026q3s3;/m/01wzs_q;/people/person/places_lived./people/place_lived/location;/m/018q42;8.203927;1;9.586933;1;9.646837;1;0.4850284522224389;0.9637095928192139
/m/01wzs_q;/film/actor/film./film/performance/special_performance_type;/m/01kyvx;/m/01wzs_q;/film/actor/film./film/performance/film;/m/0dh8v4;/m/01wzs_q;/people/person/places_lived./people/place_lived/location;/m/018q42;8.203927;1;9.586933;1;9.937388;1;0.4132720202255336;0.9703483581542969
/m/0mmpm;/location/location/time_zones;/m/02lcqs;/m/0mmpm;/location/hud_foreclosure_area/estimated_number_of_mortgages./measurement_unit/dated_integer/source;/m/0jbk9;/m/081yw;/location/location/contains;/m/0mmpm;8.325396;1;10.013323;1;8.940179;1;0.7451943499829904;1.0169556140899658
/m/0mmpm;/location/location/time_zones;/m/02lcqs;/m/0mmpm;/location/hud_foreclosure_area/estimated_number_of_mortgages./measurement_unit/dated_integer/source;/m/0jbk9;/m/09c7w0;/location/country/second_level_divisions;/m/0mmpm;8.325396;1;10.013323;1;9.197094;1;0.6934352473092569;1.0175018310546875
/m/0mmpm;/location/location/time_zones;/m/02lcqs;/m/0mmpm;/location/hud_foreclosure_area/estimated_number_of_mortgages./measurement_unit/dated_integer/source;/m/0jbk9;/m/0mmpm;/location/statistical_region/rent50_2./measurement_unit/dated_money_value/currency;/m/09nqf;8.325396;1;10.013323;1;9.161289;1;0.7009935655787729;1.0345284938812256
/m/0mmpm;/location/location/time_zones;/m/02lcqs;/m/0mmpm;/location/location/adjoin_s./location/adjoining_relationship/adjoins;/m/0mlzk;/m/0mmpm;/location/hud_foreclosure_area/estimated_number_of_mortgages./measurement_unit/dated_integer/source;/m/0jbk9;8.325396;1;10.013323;1;9.4798;1;0.6303043284459564;1.0208766460418701
/m/0mmpm;/location/location/time_zones;/m/02lcqs;/m/0mlzk;/location/location/adjoin_s./location/adjoining_relationship/adjoins;/m/0mmpm;/m/0mmpm;/location/hud_foreclosure_area/estimated_number_of_mortgages./measurement_unit/dated_integer/source;/m/0jbk9;8.325396;1;10.013323;1;9.483261;1;0.6294975074826894;1.0142433643341064
/m/0mmpm;/location/location/time_zones;/m/02lcqs;/m/081yw;/location/location/contains;/m/0mmpm;/m/09c7w0;/location/country/second_level_divisions;/m/0mmpm;8.325396;1;10.013323;1;9.483513;1;0.6294387851471963;1.0132439136505127
/m/0mmpm;/location/location/time_zones;/m/02lcqs;/m/081yw;/location/location/contains;/m/0mmpm;/m/0mmpm;/location/statistical_region/rent50_2./measurement_unit/dated_money_value/currency;/m/09nqf;8.325396;1;10.013323;1;9.513023;1;0.6225297013602316;1.0142300128936768
/m/0mmpm;/location/location/time_zones;/m/02lcqs;/m/010rvx;/location/hud_county_place/county;/m/0mmpm;/m/0mmpm;/location/hud_foreclosure_area/estimated_number_of_mortgages./measurement_unit/dated_integer/source;/m/0jbk9;8.325396;1;10.013323;1;9.52733;1;0.6191618982784844;1.0185086727142334
/m/0mmpm;/location/location/time_zones;/m/02lcqs;/m/0mmpm;/location/location/contains;/m/010rvx;/m/0mmpm;/location/hud_foreclosure_area/estimated_number_of_mortgages./measurement_unit/dated_integer/source;/m/0jbk9;8.325396;1;10.013323;1;9.573058;1;0.6083221020892677;1.0133013725280762
/m/0mmpm;/location/location/time_zones;/m/02lcqs;/m/0mmpm;/location/hud_foreclosure_area/estimated_number_of_mortgages./measurement_unit/dated_integer/source;/m/0jbk9;/m/0mmpz;/location/location/adjoin_s./location/adjoining_relationship/adjoins;/m/0mmpm;8.325396;1;10.013323;1;9.614904;1;0.598307610847634;1.0176935195922852
/m/0mmpm;/location/location/time_zones;/m/02lcqs;/m/0mmpm;/location/hud_foreclosure_area/estimated_number_of_mortgages./measurement_unit/dated_integer/source;/m/0jbk9;/m/0mmpm;/location/location/adjoin_s./location/adjoining_relationship/adjoins;/m/0mmpz;8.325396;1;10.013323;1;9.618074;1;0.5975455068640227;1.016134262084961
/m/0mmpm;/location/location/time_zones;/m/02lcqs;/m/0mmpm;/location/location/adjoin_s./location/adjoining_relationship/adjoins;/m/0mlzk;/m/081yw;/location/location/contains;/m/0mmpm;8.325396;1;10.013323;1;9.621773;1;0.5966557899128526;1.0180048942565918
/m/0mmpm;/location/location/time_zones;/m/02lcqs;/m/0mlzk;/location/location/adjoin_s./location/adjoining_relationship/adjoins;/m/0mmpm;/m/081yw;/location/location/contains;/m/0mmpm;8.325396;1;10.013323;1;9.626156;1;0.5956005210453263;1.0169727802276611
/m/0mmpm;/location/location/time_zones;/m/02lcqs;/m/010rvx;/location/hud_county_place/county;/m/0mmpm;/m/081yw;/location/location/contains;/m/0mmpm;8.325396;1;10.013323;1;9.6587;1;0.5877381550927294;1.0151326656341553
/m/0mmpm;/location/location/time_zones;/m/02lcqs;/m/0mmpm;/location/location/contains;/m/010rvx;/m/081yw;/location/location/contains;/m/0mmpm;8.325396;1;10.013323;1;9.707474;1;0.5758717454994129;1.0139813423156738
/m/0mmpm;/location/location/time_zones;/m/02lcqs;/m/0mmpz;/location/location/adjoin_s./location/adjoining_relationship/adjoins;/m/0mmpm;/m/081yw;/location/location/contains;/m/0mmpm;8.325396;1;10.013323;1;9.757046;1;0.5637208974555793;1.0124287605285645
/m/0mmpm;/location/location/time_zones;/m/02lcqs;/m/0mmpm;/location/location/adjoin_s./location/adjoining_relationship/adjoins;/m/0mmpz;/m/081yw;/location/location/contains;/m/0mmpm;8.325396;1;10.013323;1;9.761654;1;0.5625872387368447;1.0139219760894775
/m/01vz80y;/people/person/profession;/m/03gjzk;/m/01vz80y;/people/person/profession;/m/02jknp;/m/01vz80y;/people/person/profession;/m/0dxtg;6.884267;1;8.954851;1;8.707829;3;2.561443298387081;1.0510649681091309
/m/01vz80y;/people/person/profession;/m/03gjzk;/m/01vz80y;/people/person/profession;/m/02krf9;/m/01vz80y;/people/person/profession;/m/0dxtg;6.884267;1;8.954851;1;8.389612;2;1.6376638641244927;1.0554630756378174
/m/01vz80y;/people/person/profession;/m/03gjzk;/m/01vz80y;/people/person/profession;/m/02jknp;/m/01vz80y;/people/person/profession;/m/02krf9;6.884267;1;8.954851;1;8.573022;2;1.5943142227611693;1.0563781261444092
/m/01vz80y;/people/person/profession;/m/03gjzk;/m/01vz80y;/people/person/nationality;/m/09c7w0;/m/01vz80y;/people/person/profession;/m/0dxtg;6.884267;1;8.954851;1;8.601666;2;1.587389646745986;1.0556480884552002
/m/01vz80y;/people/person/profession;/m/03gjzk;/m/01vz80y;/people/person/places_lived./people/place_lived/location;/m/02_286;/m/01vz80y;/people/person/profession;/m/0dxtg;6.884267;1;8.954851;1;8.620892;2;1.5827224904711366;1.0543184280395508
/m/01vz80y;/people/person/profession;/m/03gjzk;/m/01vz80y;/people/person/spouse_s./people/marriage/type_of_union;/m/04ztj;/m/01vz80y;/people/person/profession;/m/0dxtg;6.884267;1;8.954851;1;8.624545;2;1.5818338424266805;1.0558032989501953
/m/01vz80y;/people/person/profession;/m/03gjzk;/m/01vz80y;/people/person/gender;/m/05zppz;/m/01vz80y;/people/person/profession;/m/0dxtg;6.884267;1;8.954851;1;8.648029;2;1.5761093152538495;1.0562772750854492
/m/01vz80y;/people/person/profession;/m/03gjzk;/m/01vz80y;/tv/tv_producer/programs_produced./tv/tv_producer_term/program;/m/0123qq;/m/01vz80y;/people/person/profession;/m/0dxtg;6.884267;1;8.954851;1;8.64088;2;1.5778543667927836;1.0530037879943848
/m/01vz80y;/people/person/profession;/m/03gjzk;/m/014mlp;/education/educational_degree/people_with_this_degree./education/education/student;/m/01vz80y;/m/01vz80y;/people/person/profession;/m/0dxtg;6.884267;1;8.954851;1;8.661852;2;1.57273024422192;1.0542933940887451
/m/01vz80y;/people/person/profession;/m/03gjzk;/m/01vz80y;/people/person/religion;/m/0kpl;/m/01vz80y;/people/person/profession;/m/0dxtg;6.884267;1;8.954851;1;8.702843;2;1.5626707840667464;1.0547690391540527
/m/01vz80y;/people/person/profession;/m/03gjzk;/m/01vz80y;/people/person/profession;/m/0cbd2;/m/01vz80y;/people/person/profession;/m/0dxtg;6.884267;1;8.954851;1;8.708157;2;1.5613627541289128;1.0533299446105957
/m/01vz80y;/people/person/profession;/m/03gjzk;/m/01k2wn;/education/educational_institution/students_graduates./education/education/student;/m/01vz80y;/m/01vz80y;/people/person/profession;/m/0dxtg;6.884267;1;8.954851;1;8.718885;2;1.558719228330069;1.0521726608276367
/m/01vz80y;/people/person/profession;/m/03gjzk;/m/01vz80y;/award/award_nominee/award_nominations./award/award_nomination/award;/m/0gr51;/m/01vz80y;/people/person/profession;/m/0dxtg;6.884267;1;8.954851;1;8.72672;2;1.5567867533078754;1.0557410717010498
/m/01vz80y;/people/person/profession;/m/03gjzk;/m/02z9rr;/film/film/written_by;/m/01vz80y;/m/01vz80y;/people/person/profession;/m/0dxtg;6.884267;1;8.954851;1;8.758596;2;1.54890680900554;1.05324387550354
/m/03_87;/influence/influence_node/influenced_by;/m/01tz6vs;/m/03_87;/influence/influence_node/influenced_by;/m/01v9724;/m/03_87;/influence/influence_node/influenced_by;/m/0zm1;6.833206;1;8.202064;2;8.126347;4;2.5189202047291017;1.09855055809021
/m/03_87;/influence/influence_node/influenced_by;/m/01tz6vs;/m/03_87;/influence/influence_node/influenced_by;/m/0zm1;/m/03_87;/influence/influence_node/influenced_by;/m/03_dj;6.833206;1;8.202064;2;8.13717;4;2.516217739693965;1.0967135429382324
/m/03_87;/influence/influence_node/influenced_by;/m/01tz6vs;/m/03_87;/influence/influence_node/influenced_by;/m/01v9724;/m/03_87;/influence/influence_node/influenced_by;/m/03_dj;6.833206;1;8.202064;2;8.162766;4;2.5098230118940212;1.0971910953521729
/m/03_87;/influence/influence_node/influenced_by;/m/01tz6vs;/m/03_87;/influence/influence_node/influenced_by;/m/0zm1;/m/03_87;/influence/influence_node/influenced_by;/m/084nh;6.833206;1;8.202064;2;8.184775;4;2.5043219443564926;1.0943126678466797
/m/03_87;/influence/influence_node/influenced_by;/m/01tz6vs;/m/03_87;/influence/influence_node/influenced_by;/m/01v9724;/m/03_87;/influence/influence_node/influenced_by;/m/084nh;6.833206;1;8.202064;2;8.216988;4;2.4962690569039405;1.0974352359771729
/m/03_87;/influence/influence_node/influenced_by;/m/01tz6vs;/m/03_87;/influence/influence_node/influenced_by;/m/084nh;/m/03_87;/influence/influence_node/influenced_by;/m/03_dj;6.833206;1;8.202064;2;8.240098;4;2.490492536340085;1.0975160598754883
/m/03_87;/influence/influence_node/influenced_by;/m/01tz6vs;/m/03_87;/people/person/gender;/m/05zppz;/m/03_87;/influence/influence_node/influenced_by;/m/0zm1;6.833206;1;8.202064;2;8.042628;3;1.539774599174494;1.099212646484375
/m/03_87;/influence/influence_node/influenced_by;/m/01tz6vs;/m/03_87;/people/person/profession;/m/0cbd2;/m/03_87;/influence/influence_node/influenced_by;/m/0zm1;6.833206;1;8.202064;2;8.050028;3;1.5379358828890943;1.0968549251556396
/m/03_87;/influence/influence_node/influenced_by;/m/01tz6vs;/m/03_87;/influence/influence_node/influenced_by;/m/01v9724;/m/03_87;/people/person/gender;/m/05zppz;6.833206;1;8.202064;2;8.080558;3;1.530339117179878;1.0982160568237305
/m/03_87;/influence/influence_node/influenced_by;/m/01tz6vs;/m/03_87;/influence/influence_node/influenced_by;/m/01v9724;/m/03_87;/people/person/profession;/m/0cbd2;6.833206;1;8.202064;2;8.083242;3;1.5296703858804963;1.09732985496521
/m/03_87;/influence/influence_node/influenced_by;/m/01tz6vs;/m/03_87;/people/person/gender;/m/05zppz;/m/03_87;/influence/influence_node/influenced_by;/m/03_dj;6.833206;1;8.202064;2;8.092083;3;1.5274674647941417;1.098020076751709
/m/03_87;/influence/influence_node/influenced_by;/m/01tz6vs;/m/03_87;/people/person/profession;/m/0cbd2;/m/03_87;/influence/influence_node/influenced_by;/m/03_dj;6.833206;1;8.202064;2;8.096203;3;1.5264404900561295;1.097348928451538
/m/0gcs9;/music/artist/track_contributions./music/track_contribution/role;/m/01vdm0;/m/0gcs9;/music/artist/track_contributions./music/track_contribution/role;/m/05r5c;/m/0gcs9;/music/artist/track_contributions./music/track_contribution/role;/m/02sgy;6.473813;1;8.681571;1;8.565321;3;2.529029824304751;1.3480563163757324
/m/0gcs9;/music/artist/track_contributions./music/track_contribution/role;/m/01vdm0;/m/0gcs9;/music/artist/track_contributions./music/track_contribution/role;/m/0342h;/m/0gcs9;/music/artist/track_contributions./music/track_contribution/role;/m/05r5c;6.473813;1;8.681571;1;8.571872;3;2.5273973430275496;1.3469536304473877
/m/0gcs9;/music/artist/track_contributions./music/track_contribution/role;/m/01vdm0;/m/0gcs9;/music/artist/track_contributions./music/track_contribution/role;/m/05r5c;/m/0gcs9;/music/artist/track_contributions./music/track_contribution/role;/m/042v_gx;6.473813;1;8.681571;1;8.577764;3;2.525928582677746;1.3461337089538574
/m/0gcs9;/music/artist/track_contributions./music/track_contribution/role;/m/01vdm0;/m/0gcs9;/music/artist/track_contributions./music/track_contribution/role;/m/05r5c;/m/0gcs9;/music/artist/track_contributions./music/track_contribution/role;/m/03qjg;6.473813;1;8.681571;1;8.586757;3;2.523685833645584;1.3472144603729248
/m/0gcs9;/music/artist/track_contributions./music/track_contribution/role;/m/01vdm0;/m/0gcs9;/music/artist/track_contributions./music/track_contribution/role;/m/0342h;/m/0gcs9;/music/artist/track_contributions./music/track_contribution/role;/m/02sgy;6.473813;1;8.681571;1;8.614378;3;2.516791940470608;1.3480265140533447
/m/0gcs9;/music/artist/track_contributions./music/track_contribution/role;/m/01vdm0;/m/0gcs9;/music/artist/track_contributions./music/track_contribution/role;/m/042v_gx;/m/0gcs9;/music/artist/track_contributions./music/track_contribution/role;/m/02sgy;6.473813;1;8.681571;1;8.619351;3;2.515549888762203;1.3473448753356934
/m/0gcs9;/music/artist/track_contributions./music/track_contribution/role;/m/01vdm0;/m/0gcs9;/music/artist/track_contributions./music/track_contribution/role;/m/0342h;/m/0gcs9;/music/artist/track_contributions./music/track_contribution/role;/m/042v_gx;6.473813;1;8.681571;1;8.626836;3;2.513680380632472;1.3479681015014648
/m/0gcs9;/music/artist/track_contributions./music/track_contribution/role;/m/01vdm0;/m/0gcs9;/music/artist/track_contributions./music/track_contribution/role;/m/03qjg;/m/0gcs9;/music/artist/track_contributions./music/track_contribution/role;/m/02sgy;6.473813;1;8.681571;1;8.625701;3;2.5139638819151098;1.3474640846252441
/m/0gcs9;/music/artist/track_contributions./music/track_contribution/role;/m/01vdm0;/m/0gcs9;/music/artist/track_contributions./music/track_contribution/role;/m/0342h;/m/0gcs9;/music/artist/track_contributions./music/track_contribution/role;/m/03qjg;6.473813;1;8.681571;1;8.631991;3;2.512392366681259;1.3471055030822754
/m/0gcs9;/music/artist/track_contributions./music/track_contribution/role;/m/01vdm0;/m/0gcs9;/music/artist/track_contributions./music/track_contribution/role;/m/03qjg;/m/0gcs9;/music/artist/track_contributions./music/track_contribution/role;/m/042v_gx;6.473813;1;8.681571;1;8.637543;3;2.5110052927949864;1.34930419921875
/m/0gcs9;/music/artist/track_contributions./music/track_contribution/role;/m/01vdm0;/m/0gcs9;/music/artist/track_contributions./music/track_contribution/role;/m/05r5c;/m/0gcs9;/music/artist/track_contributions./music/track_contribution/role;/m/05842k;6.473813;1;8.681571;1;8.520102;2;1.5402798868247152;1.3480503559112549
/m/0gcs9;/music/artist/track_contributions./music/track_contribution/role;/m/01vdm0;/m/05r5c;/music/instrument/instrumentalists;/m/0gcs9;/m/0gcs9;/music/artist/track_contributions./music/track_contribution/role;/m/05r5c;6.473813;1;8.681571;1;8.523869;2;1.5393441044167977;1.348031997680664
/m/0gcs9;/music/artist/track_contributions./music/track_contribution/role;/m/01vdm0;/m/0gcs9;/music/artist/track_contributions./music/track_contribution/role;/m/05r5c;/m/0gcs9;/music/group_member/membership./music/group_membership/role;/m/05r5c;6.473813;1;8.681571;1;8.527424;2;1.5384606607620865;1.348618984222412
/m/0gcs9;/music/artist/track_contributions./music/track_contribution/role;/m/01vdm0;/m/0gcs9;/music/artist/track_contributions./music/track_contribution/role;/m/05r5c;/m/0gcs9;/music/group_member/membership./music/group_membership/role;/m/0l14qv;6.473813;1;8.681571;1;8.540756;2;1.535145639817848;1.3492064476013184
/m/02yvct;/film/film/release_date_s./film/film_regional_release_date/film_release_region;/m/01mjq;/m/02yvct;/film/film/release_date_s./film/film_regional_release_date/film_release_region;/m/05qhw;/m/02yvct;/film/film/release_date_s./film/film_regional_release_date/film_release_region;/m/0345h;5.589162;1;7.495356;1;7.4273863;3;2.516985910838867;1.5287425518035889
/m/02yvct;/film/film/release_date_s./film/film_regional_release_date/film_release_region;/m/01mjq;/m/02yvct;/film/film/release_date_s./film/film_regional_release_date/film_release_region;/m/05qhw;/m/02yvct;/film/film/release_date_s./film/film_regional_release_date/film_release_region;/m/059j2;5.589162;1;7.495356;1;7.4304895;3;2.5162109519101445;1.5285260677337646
/m/02yvct;/film/film/release_date_s./film/film_regional_release_date/film_release_region;/m/01mjq;/m/02yvct;/film/film/release_date_s./film/film_regional_release_date/film_release_region;/m/05qhw;/m/02yvct;/film/film/release_date_s./film/film_regional_release_date/film_release_region;/m/015qh;5.589162;1;7.495356;1;7.4318275;3;2.5158767950665335;1.5282199382781982
/m/02yvct;/film/film/release_date_s./film/film_regional_release_date/film_release_region;/m/01mjq;/m/02yvct;/film/film/release_date_s./film/film_regional_release_date/film_release_region;/m/0345h;/m/02yvct;/film/film/release_date_s./film/film_regional_release_date/film_release_region;/m/059j2;5.589162;1;7.495356;1;7.4384155;3;2.5142312940105707;1.5284583568572998
/m/02yvct;/film/film/release_date_s./film/film_regional_release_date/film_release_region;/m/01mjq;/m/02yvct;/film/film/release_date_s./film/film_regional_release_date/film_release_region;/m/0345h;/m/02yvct;/film/film/release_date_s./film/film_regional_release_date/film_release_region;/m/015qh;5.589162;1;7.495356;1;7.439724;3;2.513904442678672;1.5278027057647705
/m/02yvct;/film/film/release_date_s./film/film_regional_release_date/film_release_region;/m/01mjq;/m/02yvct;/film/film/release_date_s./film/film_regional_release_date/film_release_region;/m/059j2;/m/02yvct;/film/film/release_date_s./film/film_regional_release_date/film_release_region;/m/015qh;5.589162;1;7.495356;1;7.4429975;3;2.5130866672890866;1.5277795791625977
/m/02yvct;/film/film/release_date_s./film/film_regional_release_date/film_release_region;/m/01mjq;/m/02yvct;/film/film/release_date_s./film/film_regional_release_date/film_release_region;/m/05qhw;/m/02yvct;/film/film/release_date_s./film/film_regional_release_date/film_release_region;/m/07ssc;5.589162;1;7.495356;1;7.4530993;3;2.510562636322104;1.5281717777252197
/m/02yvct;/film/film/release_date_s./film/film_regional_release_date/film_release_region;/m/01mjq;/m/02yvct;/film/film/release_date_s./film/film_regional_release_date/film_release_region;/m/0345h;/m/02yvct;/film/film/release_date_s./film/film_regional_release_date/film_release_region;/m/07ssc;5.589162;1;7.495356;1;7.461005;3;2.508586873663231;1.5278725624084473
/m/02yvct;/film/film/release_date_s./film/film_regional_release_date/film_release_region;/m/01mjq;/m/02yvct;/film/film/release_date_s./film/film_regional_release_date/film_release_region;/m/07ssc;/m/02yvct;/film/film/release_date_s./film/film_regional_release_date/film_release_region;/m/059j2;5.589162;1;7.495356;1;7.464123;3;2.5078076929719946;1.528008222579956
/m/02yvct;/film/film/release_date_s./film/film_regional_release_date/film_release_region;/m/01mjq;/m/02yvct;/film/film/release_date_s./film/film_regional_release_date/film_release_region;/m/07ssc;/m/02yvct;/film/film/release_date_s./film/film_regional_release_date/film_release_region;/m/015qh;5.589162;1;7.495356;1;7.4654884;3;2.5074663572310496;1.527839183807373
/m/02yvct;/film/film/release_date_s./film/film_regional_release_date/film_release_region;/m/01mjq;/m/02yvct;/film/film/release_date_s./film/film_regional_release_date/film_release_region;/m/05qhw;/m/02yvct;/film/film/release_date_s./film/film_regional_release_date/film_release_region;/m/0h7x;5.589162;1;7.495356;1;7.425503;2;1.5174562289150553;1.5287234783172607
/m/02yvct;/film/film/release_date_s./film/film_regional_release_date/film_release_region;/m/01mjq;/m/02yvct;/film/film/release_date_s./film/film_regional_release_date/film_release_region;/m/0345h;/m/02yvct;/film/film/release_date_s./film/film_regional_release_date/film_release_region;/m/0h7x;5.589162;1;7.495356;1;7.4334764;2;1.5154649742986726;1.5283708572387695
/m/02yvct;/film/film/release_date_s./film/film_regional_release_date/film_release_region;/m/01mjq;/m/02yvct;/film/film/release_date_s./film/film_regional_release_date/film_release_region;/m/0h7x;/m/02yvct;/film/film/release_date_s./film/film_regional_release_date/film_release_region;/m/059j2;5.589162;1;7.495356;1;7.436335;2;1.5147509672162343;1.528101921081543
/m/02yvct;/film/film/release_date_s./film/film_regional_release_date/film_release_region;/m/01mjq;/m/02yvct;/film/film/release_date_s./film/film_regional_release_date/film_release_region;/m/0h7x;/m/02yvct;/film/film/release_date_s./film/film_regional_release_date/film_release_region;/m/015qh;5.589162;1;7.495356;1;7.438065;2;1.5143188414191626;1.527970790863037
/m/01p1v;/base/aareas/schema/administrative_area/administrative_area_type;/m/0hzc9wc;/m/06z6r;/olympics/olympic_sport/athletes./olympics/olympic_athlete_affiliation/country;/m/01p1v;/m/01p1v;/location/country/form_of_government;/m/06cx9;9.343398;1;12.092736;1;12.022145;1;0.5176404185239889;1.7445006370544434
/m/01p1v;/base/aareas/schema/administrative_area/administrative_area_type;/m/0hzc9wc;/m/06z6r;/olympics/olympic_sport/athletes./olympics/olympic_athlete_affiliation/country;/m/01p1v;/m/0dlngsd;/film/film/release_date_s./film/film_regional_release_date/film_release_region;/m/01p1v;9.343398;1;12.092736;1;12.05508;1;0.5094128453676999;1.7435839176177979
/m/01p1v;/base/aareas/schema/administrative_area/administrative_area_type;/m/0hzc9wc;/m/06z6r;/olympics/olympic_sport/athletes./olympics/olympic_athlete_affiliation/country;/m/01p1v;/m/0dll_t2;/film/film/release_date_s./film/film_regional_release_date/film_release_region;/m/01p1v;9.343398;1;12.092736;1;12.057365;1;0.5088417848731662;1.7450716495513916
/m/01p1v;/base/aareas/schema/administrative_area/administrative_area_type;/m/0hzc9wc;/m/06z6r;/olympics/olympic_sport/athletes./olympics/olympic_athlete_affiliation/country;/m/01p1v;/m/02qlg7s;/people/person/place_of_birth;/m/01p1v;9.343398;1;12.092736;1;12.057521;1;0.508802934744008;1.7440896034240723
/m/01p1v;/base/aareas/schema/administrative_area/administrative_area_type;/m/0hzc9wc;/m/0ch26b_;/film/film/release_date_s./film/film_regional_release_date/film_release_region;/m/01p1v;/m/06z6r;/olympics/olympic_sport/athletes./olympics/olympic_athlete_affiliation/country;/m/01p1v;9.343398;1;12.092736;1;12.057617;1;0.5087788619112082;1.743842363357544
/m/01p1v;/base/aareas/schema/administrative_area/administrative_area_type;/m/0hzc9wc;/m/06z6r;/olympics/olympic_sport/athletes./olympics/olympic_athlete_affiliation/country;/m/01p1v;/m/03qnvdl;/film/film/release_date_s./film/film_regional_release_date/film_release_region;/m/01p1v;9.343398;1;12.092736;1;12.058387;1;0.5085865161408354;1.7444250583648682
/m/01p1v;/base/aareas/schema/administrative_area/administrative_area_type;/m/0hzc9wc;/m/0c3ybss;/film/film/release_date_s./film/film_regional_release_date/film_release_region;/m/01p1v;/m/06z6r;/olympics/olympic_sport/athletes./olympics/olympic_athlete_affiliation/country;/m/01p1v;9.343398;1;12.092736;1;12.058467;1;0.5085664948727007;1.744307279586792
/m/01p1v;/base/aareas/schema/administrative_area/administrative_area_type;/m/0hzc9wc;/m/06z6r;/olympics/olympic_sport/athletes./olympics/olympic_athlete_affiliation/country;/m/01p1v;/m/0j43swk;/film/film/release_date_s./film/film_regional_release_date/film_release_region;/m/01p1v;9.343398;1;12.092736;1;12.059418;1;0.5083288594069418;1.7436027526855469
/m/01p1v;/base/aareas/schema/administrative_area/administrative_area_type;/m/0hzc9wc;/m/06z6r;/olympics/olympic_sport/athletes./olympics/olympic_athlete_affiliation/country;/m/01p1v;/m/06zn2v2;/film/film/release_date_s./film/film_regional_release_date/film_release_region;/m/01p1v;9.343398;1;12.092736;1;12.0595875;1;0.508286432615798;1.743110179901123
/m/01p1v;/base/aareas/schema/administrative_area/administrative_area_type;/m/0hzc9wc;/m/0gtsx8c;/film/film/release_date_s./film/film_regional_release_date/film_release_region;/m/01p1v;/m/06z6r;/olympics/olympic_sport/athletes./olympics/olympic_athlete_affiliation/country;/m/01p1v;9.343398;1;12.092736;1;12.061045;1;0.5079222247531037;1.743642807006836
/m/01p1v;/base/aareas/schema/administrative_area/administrative_area_type;/m/0hzc9wc;/m/02x3lt7;/film/film/release_date_s./film/film_regional_release_date/film_release_region;/m/01p1v;/m/06z6r;/olympics/olympic_sport/athletes./olympics/olympic_athlete_affiliation/country;/m/01p1v;9.343398;1;12.092736;1;12.061127;1;0.5079017258894518;1.7442669868469238
/m/01p1v;/base/aareas/schema/administrative_area/administrative_area_type;/m/0hzc9wc;/m/01sgl;/olympics/olympic_sport/athletes./olympics/olympic_athlete_affiliation/country;/m/01p1v;/m/06z6r;/olympics/olympic_sport/athletes./olympics/olympic_athlete_affiliation/country;/m/01p1v;9.343398;1;12.092736;1;12.062641;1;0.5075232072857626;1.7447841167449951
/m/01p1v;/base/aareas/schema/administrative_area/administrative_area_type;/m/0hzc9wc;/m/0dlngsd;/film/film/release_date_s./film/film_regional_release_date/film_release_region;/m/01p1v;/m/01p1v;/location/country/form_of_government;/m/06cx9;9.343398;1;12.092736;1;12.062905;1;0.5074571801600534;1.7449674606323242
/m/01p1v;/base/aareas/schema/administrative_area/administrative_area_type;/m/0hzc9wc;/m/01p1v;/location/location/adjoin_s./location/adjoining_relationship/adjoins;/m/0jgd;/m/06z6r;/olympics/olympic_sport/athletes./olympics/olympic_athlete_affiliation/country;/m/01p1v;9.343398;1;12.092736;1;12.063579;1;0.5072888932461881;1.744037389755249
/m/01p1v;/base/aareas/schema/administrative_area/administrative_area_type;/m/0hzc9wc;/m/0cp0ph6;/film/film/release_date_s./film/film_regional_release_date/film_release_region;/m/01p1v;/m/06z6r;/olympics/olympic_sport/athletes./olympics/olympic_athlete_affiliation/country;/m/01p1v;9.343398;1;12.092736;1;12.063804;1;0.5072326383268309;1.74446439743042
/m/01p1v;/base/aareas/schema/administrative_area/administrative_area_type;/m/0hzc9wc;/m/0jgd;/location/location/adjoin_s./location/adjoining_relationship/adjoins;/m/01p1v;/m/06z6r;/olympics/olympic_sport/athletes./olympics/olympic_athlete_affiliation/country;/m/01p1v;9.343398;1;12.092736;1;12.063858;1;0.5072190513060831;1.7441341876983643
/m/01p1v;/base/aareas/schema/administrative_area/administrative_area_type;/m/0hzc9wc;/m/01p1v;/location/location/adjoin_s./location/adjoining_relationship/adjoins;/m/016wzw;/m/06z6r;/olympics/olympic_sport/athletes./olympics/olympic_athlete_affiliation/country;/m/01p1v;9.343398;1;12.092736;1;12.064666;1;0.507017151699513;1.7437756061553955
/m/01p1v;/base/aareas/schema/administrative_area/administrative_area_type;/m/0hzc9wc;/m/01p1v;/location/country/form_of_government;/m/06cx9;/m/0dll_t2;/film/film/release_date_s./film/film_regional_release_date/film_release_region;/m/01p1v;9.343398;1;12.092736;1;12.0651655;1;0.5068922445353423;1.7440881729125977
/m/01p1v;/base/aareas/schema/administrative_area/administrative_area_type;/m/0hzc9wc;/m/016wzw;/location/location/adjoin_s./location/adjoining_relationship/adjoins;/m/01p1v;/m/06z6r;/olympics/olympic_sport/athletes./olympics/olympic_athlete_affiliation/country;/m/01p1v;9.343398;1;12.092736;1;12.065006;1;0.5069320528287663;1.7448399066925049
/m/01p1v;/base/aareas/schema/administrative_area/administrative_area_type;/m/0hzc9wc;/m/01p1v;/location/country/form_of_government;/m/06cx9;/m/02qlg7s;/people/person/place_of_birth;/m/01p1v;9.343398;1;12.092736;1;12.065373;1;0.5068402790867523;1.7442471981048584
/m/06nm1;/media_common/netflix_genre/titles;/m/02vr3gz;/m/06mkj;/location/country/official_language;/m/06nm1;/m/040rmy;/film/film/language;/m/06nm1;3.6519551;1;4.3971663;3;4.3842773;3;0.5032221824898717;1.8855667114257812
/m/06nm1;/media_common/netflix_genre/titles;/m/02vr3gz;/m/06nm1;/language/human_language/countries_spoken_in;/m/0d060g;/m/040rmy;/film/film/language;/m/06nm1;3.6519551;1;4.3971663;3;4.3866568;3;0.502627348559321;1.8864390850067139
/m/06nm1;/media_common/netflix_genre/titles;/m/02vr3gz;/m/040rmy;/film/film/language;/m/06nm1;/m/091z_p;/film/film/language;/m/06nm1;3.6519551;1;4.3971663;3;4.387675;3;0.5023728430949094;1.8874680995941162
/m/06nm1;/media_common/netflix_genre/titles;/m/02vr3gz;/m/06nm1;/language/human_language/countries_spoken_in;/m/0d060g;/m/06mkj;/location/country/official_language;/m/06nm1;3.6519551;1;4.3971663;3;4.388078;3;0.5022719942121039;1.8869123458862305
/m/06nm1;/media_common/netflix_genre/titles;/m/02vr3gz;/m/040rmy;/film/film/language;/m/06nm1;/m/04nl83;/film/film/language;/m/06nm1;3.6519551;1;4.3971663;3;4.38801;3;0.5022890407858801;1.8873248100280762
/m/06nm1;/media_common/netflix_genre/titles;/m/02vr3gz;/m/06mkj;/location/country/official_language;/m/06nm1;/m/091z_p;/film/film/language;/m/06nm1;3.6519551;1;4.3971663;3;4.389175;3;0.5019978178516893;1.8876657485961914
/m/06nm1;/media_common/netflix_genre/titles;/m/02vr3gz;/m/040rmy;/film/film/language;/m/06nm1;/m/025n07;/film/film/language;/m/06nm1;3.6519551;1;4.3971663;3;4.389624;3;0.5018855243948543;1.8861098289489746
/m/06nm1;/media_common/netflix_genre/titles;/m/02vr3gz;/m/06mkj;/location/country/official_language;/m/06nm1;/m/04nl83;/film/film/language;/m/06nm1;3.6519551;1;4.3971663;3;4.3895617;3;0.5019011405878631;1.8866221904754639
/m/06nm1;/media_common/netflix_genre/titles;/m/02vr3gz;/m/06nm1;/language/human_language/countries_spoken_in;/m/0jgd;/m/040rmy;/film/film/language;/m/06nm1;3.6519551;1;4.3971663;3;4.389754;3;0.5018530999213212;1.8867197036743164
/m/06nm1;/media_common/netflix_genre/titles;/m/02vr3gz;/m/0jgd;/location/country/official_language;/m/06nm1;/m/040rmy;/film/film/language;/m/06nm1;3.6519551;1;4.3971663;3;4.3907323;3;0.5016084853951889;1.8867814540863037
/m/06nm1;/media_common/netflix_genre/titles;/m/02vr3gz;/m/040rmy;/film/film/language;/m/06nm1;/m/043hg;/people/person/languages;/m/06nm1;3.6519551;1;4.3971663;3;4.390839;3;0.5015817827861127;1.8876729011535645
/m/06nm1;/media_common/netflix_genre/titles;/m/02vr3gz;/m/06nm1;/language/human_language/countries_spoken_in;/m/0b90_r;/m/040rmy;/film/film/language;/m/06nm1;3.6519551;1;4.3971663;3;4.391132;3;0.5015085889814959;1.8868937492370605
/m/06nm1;/media_common/netflix_genre/titles;/m/02vr3gz;/m/040rmy;/film/film/language;/m/06nm1;/m/0kb07;/film/film/language;/m/06nm1;3.6519551;1;4.3971663;3;4.391015;3;0.50153779498638;1.8875691890716553
/m/06nm1;/media_common/netflix_genre/titles;/m/02vr3gz;/m/06mkj;/location/country/official_language;/m/06nm1;/m/025n07;/film/film/language;/m/06nm1;3.6519551;1;4.3971663;3;4.3910007;3;0.5015413712311588;1.8861215114593506
/m/06nm1;/media_common/netflix_genre/titles;/m/02vr3gz;/m/06nm1;/language/human_language/countries_spoken_in;/m/0jgd;/m/06mkj;/location/country/official_language;/m/06nm1;3.6519551;1;4.3971663;3;4.390989;3;0.5015443514350207;1.8855154514312744
/m/06nm1;/media_common/netflix_genre/titles;/m/02vr3gz;/m/06nm1;/language/human_language/countries_spoken_in;/m/0d060g;/m/091z_p;/film/film/language;/m/06nm1;3.6519551;1;4.3971663;3;4.3914366;3;0.5014324149044939;1.8860962390899658
/m/06nm1;/media_common/netflix_genre/titles;/m/02vr3gz;/m/0b90_r;/location/country/official_language;/m/06nm1;/m/040rmy;/film/film/language;/m/06nm1;3.6519551;1;4.3971663;3;4.391866;3;0.5013250081516825;1.8873660564422607
/m/06nm1;/media_common/netflix_genre/titles;/m/02vr3gz;/m/06nm1;/language/human_language/countries_spoken_in;/m/0d060g;/m/04nl83;/film/film/language;/m/06nm1;3.6519551;1;4.3971663;3;4.3918824;3;0.501320955064214;1.8865418434143066
/m/06nm1;/media_common/netflix_genre/titles;/m/02vr3gz;/m/06mkj;/location/country/official_language;/m/06nm1;/m/0jgd;/location/country/official_language;/m/06nm1;3.6519551;1;4.3971663;3;4.3919363;3;0.5013074845075602;1.8876087665557861
/m/06nm1;/media_common/netflix_genre/titles;/m/02vr3gz;/m/06mkj;/location/country/official_language;/m/06nm1;/m/043hg;/people/person/languages;/m/06nm1;3.6519551;1;4.3971663;3;4.392206;3;0.5012400124876557;1.888073205947876
/m/06nm1;/media_common/netflix_genre/titles;/m/02vr3gz;/m/040rmy;/film/film/language;/m/06nm1;/m/0345_;/location/country/official_language;/m/06nm1;3.6519551;1;4.3971663;3;4.3921866;3;0.5012449000383475;1.8864710330963135
/m/06nm1;/media_common/netflix_genre/titles;/m/02vr3gz;/m/040rmy;/film/film/language;/m/06nm1;/m/016dj8;/film/film/language;/m/06nm1;3.6519551;1;4.3971663;3;4.392302;3;0.5012160515649997;1.8876218795776367
/m/06nm1;/media_common/netflix_genre/titles;/m/02vr3gz;/m/06mkj;/location/country/official_language;/m/06nm1;/m/06nm1;/language/human_language/countries_spoken_in;/m/0b90_r;3.6519551;1;4.3971663;3;4.392373;3;0.501198289484395;1.8874995708465576
/m/06nm1;/media_common/netflix_genre/titles;/m/02vr3gz;/m/06mkj;/location/country/official_language;/m/06nm1;/m/0kb07;/film/film/language;/m/06nm1;3.6519551;1;4.3971663;3;4.392449;3;0.5011793353145092;1.8867650032043457
/m/06nm1;/media_common/netflix_genre/titles;/m/02vr3gz;/m/01ls2;/location/country/official_language;/m/06nm1;/m/040rmy;/film/film/language;/m/06nm1;3.6519551;1;4.3971663;3;4.392522;3;0.5011610963931165;1.886864423751831
/m/06nm1;/media_common/netflix_genre/titles;/m/02vr3gz;/m/091z_p;/film/film/language;/m/06nm1;/m/04nl83;/film/film/language;/m/06nm1;3.6519551;1;4.3971663;3;4.3928595;3;0.501076696638967;1.885697841644287
/m/06nm1;/media_common/netflix_genre/titles;/m/02vr3gz;/m/0b90_r;/location/country/official_language;/m/06nm1;/m/06mkj;/location/country/official_language;/m/06nm1;3.6519551;1;4.3971663;3;4.393121;3;0.5010113702332121;1.88796067237854
/m/06nm1;/media_common/netflix_genre/titles;/m/02vr3gz;/m/06nm1;/language/human_language/countries_spoken_in;/m/0d060g;/m/025n07;/film/film/language;/m/06nm1;3.6519551;1;4.3971663;3;4.393233;3;0.5009833561616416;1.8869445323944092
/m/06nm1;/media_common/netflix_genre/titles;/m/02vr3gz;/m/06nm1;/language/human_language/countries_spoken_in;/m/0d060g;/m/06nm1;/language/human_language/countries_spoken_in;/m/0jgd;3.6519551;1;4.3971663;3;4.3932667;3;0.5009748923345404;1.887237787246704
/m/06nm1;/media_common/netflix_genre/titles;/m/02vr3gz;/m/06mkj;/location/country/official_language;/m/06nm1;/m/0345_;/location/country/official_language;/m/06nm1;3.6519551;1;4.3971663;3;4.393692;3;0.50086855801002;1.8888802528381348
/m/06nm1;/media_common/netflix_genre/titles;/m/02vr3gz;/m/06mkj;/location/country/official_language;/m/06nm1;/m/016dj8;/film/film/language;/m/06nm1;3.6519551;1;4.3971663;3;4.3937488;3;0.500854372146675;1.8865795135498047
/m/06nm1;/media_common/netflix_genre/titles;/m/02vr3gz;/m/06nm1;/language/human_language/countries_spoken_in;/m/01ls2;/m/040rmy;/film/film/language;/m/06nm1;3.6519551;1;4.3971663;3;4.3937793;3;0.5008467427742218;1.8848166465759277
/m/06nm1;/media_common/netflix_genre/titles;/m/02vr3gz;/m/01ls2;/location/country/official_language;/m/06nm1;/m/06mkj;/location/country/official_language;/m/06nm1;3.6519551;1;4.3971663;3;4.3938556;3;0.5008276693413716;1.8862385749816895
/m/06nm1;/media_common/netflix_genre/titles;/m/02vr3gz;/m/040rmy;/film/film/language;/m/06nm1;/m/0963mq;/film/film/language;/m/06nm1;3.6519551;1;4.3971663;3;4.3941674;3;0.5007497066601438;1.8870384693145752
/m/06nm1;/media_common/netflix_genre/titles;/m/02vr3gz;/m/06nm1;/language/human_language/countries_spoken_in;/m/0d060g;/m/0jgd;/location/country/official_language;/m/06nm1;3.6519551;1;4.3971663;3;4.394279;3;0.5007218117467991;1.8869364261627197
/m/06nm1;/media_common/netflix_genre/titles;/m/02vr3gz;/m/025n07;/film/film/language;/m/06nm1;/m/091z_p;/film/film/language;/m/06nm1;3.6519551;1;4.3971663;3;4.394308;3;0.500714539995139;1.887561321258545
/m/06nm1;/media_common/netflix_genre/titles;/m/02vr3gz;/m/06nm1;/language/human_language/countries_spoken_in;/m/0d060g;/m/043hg;/people/person/languages;/m/06nm1;3.6519551;1;4.3971663;3;4.394486;3;0.5006700750154125;1.8871281147003174
/m/06nm1;/media_common/netflix_genre/titles;/m/02vr3gz;/m/06nm1;/language/human_language/countries_spoken_in;/m/0jgd;/m/091z_p;/film/film/language;/m/06nm1;3.6519551;1;4.3971663;3;4.3945346;3;0.5006579156893226;1.8877489566802979
/m/06nm1;/media_common/netflix_genre/titles;/m/02vr3gz;/m/06nm1;/language/human_language/countries_spoken_in;/m/0d060g;/m/06nm1;/language/human_language/countries_spoken_in;/m/0b90_r;3.6519551;1;4.3971663;3;4.394501;3;0.5006662603249591;1.8866021633148193
/m/06nm1;/media_common/netflix_genre/titles;/m/02vr3gz;/m/06nm1;/language/human_language/countries_spoken_in;/m/0d060g;/m/0kb07;/film/film/language;/m/06nm1;3.6519551;1;4.3971663;3;4.394644;3;0.5006306168073471;1.8880977630615234
/m/06nm1;/media_common/netflix_genre/titles;/m/02vr3gz;/m/025n07;/film/film/language;/m/06nm1;/m/04nl83;/film/film/language;/m/06nm1;3.6519551;1;4.3971663;3;4.3949013;3;0.5005662438832914;1.8873255252838135
/m/06nm1;/media_common/netflix_genre/titles;/m/02vr3gz;/m/06nm1;/language/human_language/countries_spoken_in;/m/0jgd;/m/04nl83;/film/film/language;/m/06nm1;3.6519551;1;4.3971663;3;4.3949604;3;0.5005514619498548;1.8865907192230225
/m/06nm1;/media_common/netflix_genre/titles;/m/02vr3gz;/m/06mkj;/location/country/official_language;/m/06nm1;/m/06nm1;/language/human_language/countries_spoken_in;/m/01ls2;3.6519551;1;4.3971663;3;4.395136;3;0.5005075929805316;1.8884761333465576
/m/06nm1;/media_common/netflix_genre/titles;/m/02vr3gz;/m/040rmy;/film/film/language;/m/06nm1;/m/04jm_hq;/film/film/language;/m/06nm1;3.6519551;1;4.3971663;3;4.395182;3;0.500496029691093;1.8874502182006836
/m/06nm1;/media_common/netflix_genre/titles;/m/02vr3gz;/m/06nm1;/language/human_language/countries_spoken_in;/m/0d060g;/m/0b90_r;/location/country/official_language;/m/06nm1;3.6519551;1;4.3971663;3;4.395342;3;0.5004560946153175;1.8866117000579834
/m/06nm1;/media_common/netflix_genre/titles;/m/02vr3gz;/m/0jgd;/location/country/official_language;/m/06nm1;/m/091z_p;/film/film/language;/m/06nm1;3.6519551;1;4.3971663;3;4.3954716;3;0.5004236697136674;1.887763500213623
/m/06nm1;/media_common/netflix_genre/titles;/m/02vr3gz;/m/06mkj;/location/country/official_language;/m/06nm1;/m/0963mq;/film/film/language;/m/06nm1;3.6519551;1;4.3971663;3;4.3955393;3;0.5004067420062258;1.8869457244873047
/m/06nm1;/media_common/netflix_genre/titles;/m/02vr3gz;/m/091z_p;/film/film/language;/m/06nm1;/m/043hg;/people/person/languages;/m/06nm1;3.6519551;1;4.3971663;3;4.3956556;3;0.5003776549574803;1.886829137802124
/m/06nm1;/media_common/netflix_genre/titles;/m/02vr3gz;/m/06nm1;/language/human_language/countries_spoken_in;/m/0b90_r;/m/091z_p;/film/film/language;/m/06nm1;3.6519551;1;4.3971663;3;4.3957224;3;0.5003609656660498;1.887251853942871
/m/06nm1;/media_common/netflix_genre/titles;/m/02vr3gz;/m/0kb07;/film/film/language;/m/06nm1;/m/091z_p;/film/film/language;/m/06nm1;3.6519551;1;4.3971663;3;4.3959193;3;0.5003117322517844;1.8868162631988525
/m/06nm1;/media_common/netflix_genre/titles;/m/02vr3gz;/m/0jgd;/location/country/official_language;/m/06nm1;/m/04nl83;/film/film/language;/m/06nm1;3.6519551;1;4.3971663;3;4.3958807;3;0.5003213882003672;1.886603832244873
/m/06nm1;/media_common/netflix_genre/titles;/m/02vr3gz;/m/06nm1;/language/human_language/countries_spoken_in;/m/0d060g;/m/0345_;/location/country/official_language;/m/06nm1;3.6519551;1;4.3971663;3;4.395886;3;0.5003200768987217;1.887638807296753
/m/06nm1;/media_common/netflix_genre/titles;/m/02vr3gz;/m/06nm1;/language/human_language/countries_spoken_in;/m/0d060g;/m/016dj8;/film/film/language;/m/06nm1;3.6519551;1;4.3971663;3;4.395915;3;0.5003128051349718;1.8873605728149414
/m/06nm1;/media_common/netflix_genre/titles;/m/02vr3gz;/m/04nl83;/film/film/language;/m/06nm1;/m/043hg;/people/person/languages;/m/06nm1;3.6519551;1;4.3971663;3;4.396119;3;0.5002617835759332;1.8863987922668457
/m/06nm1;/media_common/netflix_genre/titles;/m/02vr3gz;/m/06nm1;/language/human_language/countries_spoken_in;/m/0d060g;/m/01ls2;/location/country/official_language;/m/06nm1;3.6519551;1;4.3971663;3;4.3961215;3;0.5002611875296485;1.8875837326049805
/m/06nm1;/media_common/netflix_genre/titles;/m/02vr3gz;/m/06nm1;/language/human_language/countries_spoken_in;/m/0b90_r;/m/04nl83;/film/film/language;/m/06nm1;3.6519551;1;4.3971663;3;4.3963194;3;0.5002117156855891;1.8871946334838867
/m/06nm1;/media_common/netflix_genre/titles;/m/02vr3gz;/m/0kb07;/film/film/language;/m/06nm1;/m/04nl83;/film/film/language;/m/06nm1;3.6519551;1;4.3971663;3;4.3964086;3;0.5001894235520339;1.8866794109344482
/m/06nm1;/media_common/netflix_genre/titles;/m/02vr3gz;/m/06nm1;/language/human_language/countries_spoken_in;/m/0jgd;/m/025n07;/film/film/language;/m/06nm1;3.6519551;1;4.3971663;3;4.396329;3;0.5002093315002207;1.8870222568511963
/m/06nm1;/media_common/netflix_genre/titles;/m/02vr3gz;/m/0b90_r;/location/country/official_language;/m/06nm1;/m/091z_p;/film/film/language;/m/06nm1;3.6519551;1;4.3971663;3;4.396362;3;0.5002011060606275;1.8872134685516357
/m/06nm1;/media_common/netflix_genre/titles;/m/02vr3gz;/m/06mkj;/location/country/official_language;/m/06nm1;/m/04jm_hq;/film/film/language;/m/06nm1;3.6519551;1;4.3971663;3;4.3966002;3;0.5001415014229191;1.887669324874878
/m/06nm1;/media_common/netflix_genre/titles;/m/02vr3gz;/m/0b90_r;/location/country/official_language;/m/06nm1;/m/04nl83;/film/film/language;/m/06nm1;3.6519551;1;4.3971663;3;4.3970084;3;0.5000394582747594;1.887054681777954
/m/06nm1;/media_common/netflix_genre/titles;/m/02vr3gz;/m/0345_;/location/country/official_language;/m/06nm1;/m/091z_p;/film/film/language;/m/06nm1;3.6519551;1;4.3971663;3;4.397079;3;0.5000218152999739;1.8872463703155518
/m/06nm1;/media_common/netflix_genre/titles;/m/02vr3gz;/m/091z_p;/film/film/language;/m/06nm1;/m/016dj8;/film/film/language;/m/06nm1;3.6519551;1;4.3971663;3;4.3969154;3;0.500062704085975;1.8867220878601074
/m/06nm1;/media_common/netflix_genre/titles;/m/02vr3gz;/m/0jgd;/location/country/official_language;/m/06nm1;/m/025n07;/film/film/language;/m/06nm1;3.6519551;1;4.3971663;3;4.397316;3;0.49996256828315094;1.8872015476226807
/m/06nm1;/media_common/netflix_genre/titles;/m/02vr3gz;/m/01ls2;/location/country/official_language;/m/06nm1;/m/091z_p;/film/film/language;/m/06nm1;3.6519551;1;4.3971663;3;4.397357;3;0.4999523162843243;1.8857688903808594
/m/06nm1;/media_common/netflix_genre/titles;/m/02vr3gz;/m/06nm1;/language/human_language/countries_spoken_in;/m/0jgd;/m/0jgd;/location/country/official_language;/m/06nm1;3.6519551;1;4.3971663;3;4.3972073;3;0.4999897480011001;1.8913109302520752
/m/06qd3;/base/aareas/schema/administrative_area/administrative_parent;/m/02j71;/m/06qd3;/organization/organization_member/member_of./organization/organization_membership/organization;/m/02vk52z;/m/06qd3;/location/statistical_region/gdp_nominal_per_capita./measurement_unit/dated_money_value/currency;/m/09nqf;7.9534383;1;9.870706;1;9.795421;1;0.5188123548829123;2.1392476558685303
/m/06qd3;/base/aareas/schema/administrative_area/administrative_parent;/m/02j71;/m/06qd3;/location/statistical_region/gdp_nominal./measurement_unit/dated_money_value/currency;/m/09nqf;/m/06qd3;/organization/organization_member/member_of./organization/organization_membership/organization;/m/02vk52z;7.9534383;1;9.870706;1;9.7964525;1;0.518554746188104;2.139582395553589
/m/06qd3;/base/aareas/schema/administrative_area/administrative_parent;/m/02j71;/m/06qd3;/location/statistical_region/gni_per_capita_in_ppp_dollars./measurement_unit/dated_money_value/currency;/m/09nqf;/m/06qd3;/organization/organization_member/member_of./organization/organization_membership/organization;/m/02vk52z;7.9534383;1;9.870706;1;9.804733;1;0.5164871026794171;2.138615846633911
/m/06qd3;/base/aareas/schema/administrative_area/administrative_parent;/m/02j71;/m/06qd3;/location/statistical_region/gdp_nominal./measurement_unit/dated_money_value/currency;/m/09nqf;/m/06qd3;/location/statistical_region/gdp_nominal_per_capita./measurement_unit/dated_money_value/currency;/m/09nqf;7.9534383;1;9.870706;1;9.808711;1;0.5154936762020595;2.139047622680664
/m/06qd3;/base/aareas/schema/administrative_area/administrative_parent;/m/02j71;/m/06qd3;/organization/organization_member/member_of./organization/organization_membership/organization;/m/02vk52z;/m/03fyrh;/olympics/olympic_sport/athletes./olympics/olympic_athlete_affiliation/country;/m/06qd3;7.9534383;1;9.870706;1;9.814249;1;0.514110393773606;2.1391329765319824
/m/06qd3;/base/aareas/schema/administrative_area/administrative_parent;/m/02j71;/m/06qd3;/location/statistical_region/gni_per_capita_in_ppp_dollars./measurement_unit/dated_money_value/currency;/m/09nqf;/m/06qd3;/location/statistical_region/gdp_nominal_per_capita./measurement_unit/dated_money_value/currency;/m/09nqf;7.9534383;1;9.870706;1;9.817404;1;0.5133222988074321;2.1392085552215576
/m/06qd3;/base/aareas/schema/administrative_area/administrative_parent;/m/02j71;/m/06qd3;/location/statistical_region/gni_per_capita_in_ppp_dollars./measurement_unit/dated_money_value/currency;/m/09nqf;/m/06qd3;/location/statistical_region/gdp_nominal./measurement_unit/dated_money_value/currency;/m/09nqf;7.9534383;1;9.870706;1;9.818281;1;0.5131031068873128;2.139005184173584
/m/06qd3;/base/aareas/schema/administrative_area/administrative_parent;/m/02j71;/m/06qd3;/organization/organization_member/member_of./organization/organization_membership/organization;/m/02vk52z;/m/07l50vn;/film/film/release_date_s./film/film_regional_release_date/film_release_region;/m/06qd3;7.9534383;1;9.870706;1;9.822789;1;0.5119768116301648;2.1390345096588135
/m/06qd3;/base/aareas/schema/administrative_area/administrative_parent;/m/02j71;/m/06qd3;/organization/organization_member/member_of./organization/organization_membership/organization;/m/02vk52z;/m/06tw8;/location/statistical_region/places_exported_to./location/imports_and_exports/exported_to;/m/06qd3;7.9534383;1;9.870706;1;9.826802;1;0.5109740750494857;2.1392974853515625
/m/06qd3;/base/aareas/schema/administrative_area/administrative_parent;/m/02j71;/m/06qd3;/location/statistical_region/gdp_nominal_per_capita./measurement_unit/dated_money_value/currency;/m/09nqf;/m/03fyrh;/olympics/olympic_sport/athletes./olympics/olympic_athlete_affiliation/country;/m/06qd3;7.9534383;1;9.870706;1;9.827048;1;0.5109125925220126;2.1394667625427246
/m/06qd3;/base/aareas/schema/administrative_area/administrative_parent;/m/02j71;/m/06qd3;/organization/organization_member/member_of./organization/organization_membership/organization;/m/02vk52z;/m/0jqn5;/film/film/release_date_s./film/film_regional_release_date/film_release_region;/m/06qd3;7.9534383;1;9.870706;1;9.827985;1;0.5106785746266109;2.1388731002807617
/m/06qd3;/base/aareas/schema/administrative_area/administrative_parent;/m/02j71;/m/06qd3;/organization/organization_member/member_of./organization/organization_membership/organization;/m/02vk52z;/m/01c6k4;/base/schemastaging/organization_extra/phone_number./base/schemastaging/phone_sandbox/service_location;/m/06qd3;7.9534383;1;9.870706;1;9.828124;1;0.5106437813397908;2.1402640342712402
/m/06qd3;/base/aareas/schema/administrative_area/administrative_parent;/m/02j71;/m/06qd3;/location/statistical_region/gdp_nominal./measurement_unit/dated_money_value/currency;/m/09nqf;/m/03fyrh;/olympics/olympic_sport/athletes./olympics/olympic_athlete_affiliation/country;/m/06qd3;7.9534383;1;9.870706;1;9.827908;1;0.5106978777068885;2.1389822959899902
/m/06qd3;/base/aareas/schema/administrative_area/administrative_parent;/m/02j71;/m/06qd3;/organization/organization_member/member_of./organization/organization_membership/organization;/m/02vk52z;/m/06qd3;/location/statistical_region/places_exported_to./location/imports_and_exports/exported_to;/m/07t_x;7.9534383;1;9.870706;1;9.828227;1;0.510618043773574;2.139388084411621
/m/06qd3;/base/aareas/schema/administrative_area/administrative_parent;/m/02j71;/m/06qd3;/organization/organization_member/member_of./organization/organization_membership/organization;/m/02vk52z;/m/0fpkhkz;/film/film/release_date_s./film/film_regional_release_date/film_release_region;/m/06qd3;7.9534383;1;9.870706;1;9.828776;1;0.5104807758063242;2.1383512020111084
/m/06qd3;/base/aareas/schema/administrative_area/administrative_parent;/m/02j71;/m/06qd3;/organization/organization_member/member_of./organization/organization_membership/organization;/m/02vk52z;/m/06qd3;/military/military_combatant/military_conflicts./military/military_combatant_group/combatants;/m/07ssc;7.9534383;1;9.870706;1;9.829161;1;0.5103847349507176;2.1392271518707275
/m/06qd3;/base/aareas/schema/administrative_area/administrative_parent;/m/02j71;/m/06qd3;/organization/organization_member/member_of./organization/organization_membership/organization;/m/02vk52z;/m/047tsx3;/film/film/release_date_s./film/film_regional_release_date/film_release_region;/m/06qd3;7.9534383;1;9.870706;1;9.829107;1;0.5103980806243199;2.13877272605896
/m/06qd3;/base/aareas/schema/administrative_area/administrative_parent;/m/02j71;/m/06qd3;/organization/organization_member/member_of./organization/organization_membership/organization;/m/02vk52z;/m/07f1x;/military/military_combatant/military_conflicts./military/military_combatant_group/combatants;/m/06qd3;7.9534383;1;9.870706;1;9.829539;1;0.510290123234147;2.1387903690338135
/m/06qd3;/base/aareas/schema/administrative_area/administrative_parent;/m/02j71;/m/06qd3;/organization/organization_member/member_of./organization/organization_membership/organization;/m/02vk52z;/m/0fq27fp;/film/film/release_date_s./film/film_regional_release_date/film_release_region;/m/06qd3;7.9534383;1;9.870706;1;9.830772;1;0.5099819747092974;2.140214204788208
/m/06qd3;/base/aareas/schema/administrative_area/administrative_parent;/m/02j71;/m/06qd3;/organization/organization_member/member_of./organization/organization_membership/organization;/m/02vk52z;/m/019w9j;/olympics/olympic_sport/athletes./olympics/olympic_athlete_affiliation/country;/m/06qd3;7.9534383;1;9.870706;1;9.833353;1;0.5093370549138596;2.140214204788208
/m/06qd3;/base/aareas/schema/administrative_area/administrative_parent;/m/02j71;/m/06qd3;/location/statistical_region/gdp_nominal_per_capita./measurement_unit/dated_money_value/currency;/m/09nqf;/m/07l50vn;/film/film/release_date_s./film/film_regional_release_date/film_release_region;/m/06qd3;7.9534383;1;9.870706;1;9.835444;1;0.508814375283906;2.1394710540771484
/m/06qd3;/base/aareas/schema/administrative_area/administrative_parent;/m/02j71;/m/06qd3;/organization/organization_member/member_of./organization/organization_membership/organization;/m/02vk52z;/m/06qd3;/military/military_combatant/military_conflicts./military/military_combatant_group/combatants;/m/05v8c;7.9534383;1;9.870706;1;9.835521;1;0.5087953077122862;2.1399927139282227
/m/06qd3;/base/aareas/schema/administrative_area/administrative_parent;/m/02j71;/m/06qd3;/organization/organization_member/member_of./organization/organization_membership/organization;/m/02vk52z;/m/0_b3d;/film/film/release_date_s./film/film_regional_release_date/film_release_region;/m/06qd3;7.9534383;1;9.870706;1;9.836157;1;0.5086363308430834;2.1387228965759277
/m/06qd3;/base/aareas/schema/administrative_area/administrative_parent;/m/02j71;/m/06qd3;/location/statistical_region/gni_per_capita_in_ppp_dollars./measurement_unit/dated_money_value/currency;/m/09nqf;/m/03fyrh;/olympics/olympic_sport/athletes./olympics/olympic_athlete_affiliation/country;/m/06qd3;7.9534383;1;9.870706;1;9.836071;1;0.5086577820975026;2.139087200164795
/m/06qd3;/base/aareas/schema/administrative_area/administrative_parent;/m/02j71;/m/06qd3;/location/statistical_region/gdp_nominal./measurement_unit/dated_money_value/currency;/m/09nqf;/m/07l50vn;/film/film/release_date_s./film/film_regional_release_date/film_release_region;/m/06qd3;7.9534383;1;9.870706;1;9.836579;1;0.5085307425398686;2.1390438079833984
/m/06qd3;/base/aareas/schema/administrative_area/administrative_parent;/m/02j71;/m/06qd3;/organization/organization_member/member_of./organization/organization_membership/organization;/m/02vk52z;/m/0dr89x;/film/film/release_date_s./film/film_regional_release_date/film_release_region;/m/06qd3;7.9534383;1;9.870706;1;9.837071;1;0.5084077538508125;2.139235019683838
/m/06qd3;/base/aareas/schema/administrative_area/administrative_parent;/m/02j71;/m/06qd3;/location/statistical_region/gdp_nominal_per_capita./measurement_unit/dated_money_value/currency;/m/09nqf;/m/06tw8;/location/statistical_region/places_exported_to./location/imports_and_exports/exported_to;/m/06qd3;7.9534383;1;9.870706;1;9.839688;1;0.5077537042408011;2.1408324241638184
/m/06qd3;/base/aareas/schema/administrative_area/administrative_parent;/m/02j71;/m/06qd3;/location/statistical_region/gdp_nominal_per_capita./measurement_unit/dated_money_value/currency;/m/09nqf;/m/0jqn5;/film/film/release_date_s./film/film_regional_release_date/film_release_region;/m/06qd3;7.9534383;1;9.870706;1;9.840753;1;0.5074876909220931;2.1393117904663086
/m/06qd3;/base/aareas/schema/administrative_area/administrative_parent;/m/02j71;/m/06qd3;/location/statistical_region/gdp_nominal./measurement_unit/dated_money_value/currency;/m/09nqf;/m/06tw8;/location/statistical_region/places_exported_to./location/imports_and_exports/exported_to;/m/06qd3;7.9534383;1;9.870706;1;9.840631;1;0.5075182016283576;2.141230344772339
/m/06qd3;/base/aareas/schema/administrative_area/administrative_parent;/m/02j71;/m/06qd3;/location/statistical_region/gdp_nominal_per_capita./measurement_unit/dated_money_value/currency;/m/09nqf;/m/01c6k4;/base/schemastaging/organization_extra/phone_number./base/schemastaging/phone_sandbox/service_location;/m/06qd3;7.9534383;1;9.870706;1;9.841059;1;0.507411175546716;2.13865065574646
/m/06qd3;/base/aareas/schema/administrative_area/administrative_parent;/m/02j71;/m/06qd3;/location/statistical_region/gdp_nominal_per_capita./measurement_unit/dated_money_value/currency;/m/09nqf;/m/06qd3;/location/statistical_region/places_exported_to./location/imports_and_exports/exported_to;/m/07t_x;7.9534383;1;9.870706;1;9.841237;1;0.5073666010088868;2.1384716033935547
/m/06qd3;/base/aareas/schema/administrative_area/administrative_parent;/m/02j71;/m/06qd3;/location/statistical_region/gdp_nominal_per_capita./measurement_unit/dated_money_value/currency;/m/09nqf;/m/0fpkhkz;/film/film/release_date_s./film/film_regional_release_date/film_release_region;/m/06qd3;7.9534383;1;9.870706;1;9.841441;1;0.5073155904315584;2.1401493549346924
/m/06qd3;/base/aareas/schema/administrative_area/administrative_parent;/m/02j71;/m/06qd3;/location/statistical_region/gdp_nominal_per_capita./measurement_unit/dated_money_value/currency;/m/09nqf;/m/06qd3;/military/military_combatant/military_conflicts./military/military_combatant_group/combatants;/m/07ssc;7.9534383;1;9.870706;1;9.841787;1;0.5072290627960903;2.140641689300537
/m/06qd3;/base/aareas/schema/administrative_area/administrative_parent;/m/02j71;/m/06qd3;/location/statistical_region/gdp_nominal./measurement_unit/dated_money_value/currency;/m/09nqf;/m/0jqn5;/film/film/release_date_s./film/film_regional_release_date/film_release_region;/m/06qd3;7.9534383;1;9.870706;1;9.841463;1;0.5073101079772476;2.1387746334075928
/m/06qd3;/base/aareas/schema/administrative_area/administrative_parent;/m/02j71;/m/06qd3;/location/statistical_region/gdp_nominal_per_capita./measurement_unit/dated_money_value/currency;/m/09nqf;/m/047tsx3;/film/film/release_date_s./film/film_regional_release_date/film_release_region;/m/06qd3;7.9534383;1;9.870706;1;9.84179;1;0.5072283476898534;2.1406936645507812
/m/06qd3;/base/aareas/schema/administrative_area/administrative_parent;/m/02j71;/m/06qd3;/organization/organization_member/member_of./organization/organization_membership/organization;/m/02vk52z;/m/02_5h;/olympics/olympic_sport/athletes./olympics/olympic_athlete_affiliation/country;/m/06qd3;7.9534383;1;9.870706;1;9.84182;1;0.5072209582570073;2.139526844024658
/m/06qd3;/base/aareas/schema/administrative_area/administrative_parent;/m/02j71;/m/06qd3;/location/statistical_region/gdp_nominal./measurement_unit/dated_money_value/currency;/m/09nqf;/m/01c6k4;/base/schemastaging/organization_extra/phone_number./base/schemastaging/phone_sandbox/service_location;/m/06qd3;7.9534383;1;9.870706;1;9.841903;1;0.5072002201544368;2.1394340991973877
/m/06qd3;/base/aareas/schema/administrative_area/administrative_parent;/m/02j71;/m/06qd3;/location/statistical_region/gdp_nominal_per_capita./measurement_unit/dated_money_value/currency;/m/09nqf;/m/07f1x;/military/military_combatant/military_conflicts./military/military_combatant_group/combatants;/m/06qd3;7.9534383;1;9.870706;1;9.84231;1;0.5070984362356503;2.1395082473754883
/m/06qd3;/base/aareas/schema/administrative_area/administrative_parent;/m/02j71;/m/06qd3;/location/statistical_region/gdp_nominal./measurement_unit/dated_money_value/currency;/m/09nqf;/m/06qd3;/location/statistical_region/places_exported_to./location/imports_and_exports/exported_to;/m/07t_x;7.9534383;1;9.870706;1;9.842268;1;0.507108924535649;2.1395647525787354
/m/0gr51;/award/award_category/winners./award/award_honor/ceremony;/m/02yv_b;/m/0gr51;/award/award_category/nominees./award/award_nomination/nominated_for;/m/04lhc4;/m/0gr51;/award/award_category/nominees./award/award_nomination/nominated_for;/m/09q5w2;6.3636703;1;8.403124;1;8.382108;1;0.5052538368540282;2.45326566696167
/m/0gr51;/award/award_category/winners./award/award_honor/ceremony;/m/02yv_b;/m/027r9t;/award/award_winning_work/awards_won./award/award_honor/award;/m/0gr51;/m/0gr51;/award/award_category/nominees./award/award_nomination/nominated_for;/m/09q5w2;6.3636703;1;8.403124;1;8.382185;1;0.5052345270735445;2.454976797103882
/m/0gr51;/award/award_category/winners./award/award_honor/ceremony;/m/02yv_b;/m/06t8b;/award/award_nominee/award_nominations./award/award_nomination/award;/m/0gr51;/m/0gr51;/award/award_category/nominees./award/award_nomination/nominated_for;/m/09q5w2;6.3636703;1;8.403124;1;8.3826;1;0.5051308261348901;2.4518284797668457
/m/0gr51;/award/award_category/winners./award/award_honor/ceremony;/m/02yv_b;/m/0gr51;/award/award_category/category_of;/m/0g_w;/m/0gr51;/award/award_category/nominees./award/award_nomination/nominated_for;/m/09q5w2;6.3636703;1;8.403124;1;8.382565;1;0.5051396466918031;2.451988935470581
/m/0gr51;/award/award_category/winners./award/award_honor/ceremony;/m/02yv_b;/m/0gr51;/award/award_category/winners./award/award_honor/award_winner;/m/01vb6z;/m/0gr51;/award/award_category/nominees./award/award_nomination/nominated_for;/m/09q5w2;6.3636703;1;8.403124;1;8.382915;1;0.5050521561623306;2.453493356704712
/m/0gr51;/award/award_category/winners./award/award_honor/ceremony;/m/02yv_b;/m/0gr51;/award/award_category/nominees./award/award_nomination/nominated_for;/m/09q5w2;/m/0gr51;/award/award_category/nominees./award/award_nomination/nominated_for;/m/011ykb;6.3636703;1;8.403124;1;8.3828745;1;0.5050621687182675;2.451323986053467
/m/0gr51;/award/award_category/winners./award/award_honor/ceremony;/m/02yv_b;/m/0gr51;/award/award_category/nominees./award/award_nomination/nominated_for;/m/09q5w2;/m/0gr51;/award/award_category/nominees./award/award_nomination/nominated_for;/m/027r9t;6.3636703;1;8.403124;1;8.3835945;1;0.5048821804938011;2.4515726566314697
/m/0gr51;/award/award_category/winners./award/award_honor/ceremony;/m/02yv_b;/m/0gr51;/award/award_category/nominees./award/award_nomination/nominated_for;/m/09q5w2;/m/01vb6z;/award/award_nominee/award_nominations./award/award_nomination/award;/m/0gr51;6.3636703;1;8.403124;1;8.384529;1;0.5046485515141164;2.451202630996704
/m/0gr51;/award/award_category/winners./award/award_honor/ceremony;/m/02yv_b;/m/0gr51;/award/award_category/nominees./award/award_nomination/nominated_for;/m/04lhc4;/m/027r9t;/award/award_winning_work/awards_won./award/award_honor/award;/m/0gr51;6.3636703;1;8.403124;1;8.386318;1;0.504201313320042;2.4525632858276367
/m/0gr51;/award/award_category/winners./award/award_honor/ceremony;/m/02yv_b;/m/0gr51;/award/award_category/nominees./award/award_nomination/nominated_for;/m/04lhc4;/m/06t8b;/award/award_nominee/award_nominations./award/award_nomination/award;/m/0gr51;6.3636703;1;8.403124;1;8.386589;1;0.5041336071476161;2.453080177307129
/m/0gr51;/award/award_category/winners./award/award_honor/ceremony;/m/02yv_b;/m/0gr51;/award/award_category/nominees./award/award_nomination/nominated_for;/m/04lhc4;/m/0gr51;/award/award_category/category_of;/m/0g_w;6.3636703;1;8.403124;1;8.386786;1;0.5040842578347294;2.4503016471862793
/m/0gr51;/award/award_category/winners./award/award_honor/ceremony;/m/02yv_b;/m/027r9t;/award/award_winning_work/awards_won./award/award_honor/award;/m/0gr51;/m/06t8b;/award/award_nominee/award_nominations./award/award_nomination/award;/m/0gr51;6.3636703;1;8.403124;1;8.386786;1;0.5040842578347294;2.4502663612365723
/m/0gr51;/award/award_category/winners./award/award_honor/ceremony;/m/02yv_b;/m/0gr51;/award/award_category/category_of;/m/0g_w;/m/027r9t;/award/award_winning_work/awards_won./award/award_honor/award;/m/0gr51;6.3636703;1;8.403124;1;8.386835;1;0.5040720992961106;2.452530860900879
/m/0gr51;/award/award_category/winners./award/award_honor/ceremony;/m/02yv_b;/m/0gr51;/award/award_category/nominees./award/award_nomination/nominated_for;/m/04lhc4;/m/0gr51;/award/award_category/winners./award/award_honor/award_winner;/m/01vb6z;6.3636703;1;8.403124;1;8.387081;1;0.5040105913213516;2.4532406330108643
/m/0gr51;/award/award_category/winners./award/award_honor/ceremony;/m/02yv_b;/m/0gr51;/award/award_category/nominees./award/award_nomination/nominated_for;/m/04lhc4;/m/0gr51;/award/award_category/nominees./award/award_nomination/nominated_for;/m/011ykb;6.3636703;1;8.403124;1;8.387089;1;0.504008684095378;2.4520814418792725
/m/0gr51;/award/award_category/winners./award/award_honor/ceremony;/m/02yv_b;/m/027r9t;/award/award_winning_work/awards_won./award/award_honor/award;/m/0gr51;/m/0gr51;/award/award_category/winners./award/award_honor/award_winner;/m/01vb6z;6.3636703;1;8.403124;1;8.3869;1;0.5040558879037962;2.4519598484039307
/m/0gr51;/award/award_category/winners./award/award_honor/ceremony;/m/02yv_b;/m/027r9t;/award/award_winning_work/awards_won./award/award_honor/award;/m/0gr51;/m/0gr51;/award/award_category/nominees./award/award_nomination/nominated_for;/m/011ykb;6.3636703;1;8.403124;1;8.387094;1;0.5040074920790854;2.4506633281707764
/m/0gr51;/award/award_category/winners./award/award_honor/ceremony;/m/02yv_b;/m/0gr51;/award/award_category/category_of;/m/0g_w;/m/06t8b;/award/award_nominee/award_nominations./award/award_nomination/award;/m/0gr51;6.3636703;1;8.403124;1;8.387294;1;0.5039574273538207;2.452333927154541
/m/0gr51;/award/award_category/winners./award/award_honor/ceremony;/m/02yv_b;/m/06t8b;/award/award_nominee/award_nominations./award/award_nomination/award;/m/0gr51;/m/0gr51;/award/award_category/winners./award/award_honor/award_winner;/m/01vb6z;6.3636703;1;8.403124;1;8.387554;1;0.5038923430924853;2.452749729156494
/m/0gr51;/award/award_category/winners./award/award_honor/ceremony;/m/02yv_b;/m/0gr51;/award/award_category/category_of;/m/0g_w;/m/0gr51;/award/award_category/winners./award/award_honor/award_winner;/m/01vb6z;6.3636703;1;8.403124;1;8.387588;1;0.5038839989468304;2.451704740524292
/m/0gr51;/award/award_category/winners./award/award_honor/ceremony;/m/02yv_b;/m/06t8b;/award/award_nominee/award_nominations./award/award_nomination/award;/m/0gr51;/m/0gr51;/award/award_category/nominees./award/award_nomination/nominated_for;/m/011ykb;6.3636703;1;8.403124;1;8.387585;1;0.5038847141594;2.452550172805786
/m/0gr51;/award/award_category/winners./award/award_honor/ceremony;/m/02yv_b;/m/0gr51;/award/award_category/category_of;/m/0g_w;/m/0gr51;/award/award_category/nominees./award/award_nomination/nominated_for;/m/011ykb;6.3636703;1;8.403124;1;8.387607;1;0.5038792308626274;2.452840566635132
/m/0gr51;/award/award_category/winners./award/award_honor/ceremony;/m/02yv_b;/m/0gr51;/award/award_category/nominees./award/award_nomination/nominated_for;/m/09q5w2;/m/0gr51;/award/award_category/nominees./award/award_nomination/nominated_for;/m/0gmcwlb;6.3636703;1;8.403124;1;8.387564;1;0.5038899590510906;2.451948642730713
/m/0gr51;/award/award_category/winners./award/award_honor/ceremony;/m/02yv_b;/m/0gr51;/award/award_category/nominees./award/award_nomination/nominated_for;/m/04lhc4;/m/0gr51;/award/award_category/nominees./award/award_nomination/nominated_for;/m/027r9t;6.3636703;1;8.403124;1;8.387769;1;0.5038387021185011;2.452512741088867
/m/0gr51;/award/award_category/winners./award/award_honor/ceremony;/m/02yv_b;/m/027r9t;/award/award_winning_work/awards_won./award/award_honor/award;/m/0gr51;/m/0gr51;/award/award_category/nominees./award/award_nomination/nominated_for;/m/027r9t;6.3636703;1;8.403124;1;8.387579;1;0.5038861445844913;2.45124888420105
/m/0gr51;/award/award_category/winners./award/award_honor/ceremony;/m/02yv_b;/m/0gr51;/award/award_category/winners./award/award_honor/award_winner;/m/01vb6z;/m/0gr51;/award/award_category/nominees./award/award_nomination/nominated_for;/m/011ykb;6.3636703;1;8.403124;1;8.387812;1;0.5038279739130607;2.451415538787842
/m/0gr51;/award/award_category/winners./award/award_honor/ceremony;/m/02yv_b;/m/06t8b;/award/award_nominee/award_nominations./award/award_nomination/award;/m/0gr51;/m/0gr51;/award/award_category/nominees./award/award_nomination/nominated_for;/m/027r9t;6.3636703;1;8.403124;1;8.388312;1;0.503702811258404;2.4517531394958496
/m/0gr51;/award/award_category/winners./award/award_honor/ceremony;/m/02yv_b;/m/0gr51;/award/award_category/category_of;/m/0g_w;/m/0gr51;/award/award_category/nominees./award/award_nomination/nominated_for;/m/027r9t;6.3636703;1;8.403124;1;8.388297;1;0.5037066257462436;2.4513919353485107
/m/0gr51;/award/award_category/winners./award/award_honor/ceremony;/m/02yv_b;/m/0gr51;/award/award_category/winners./award/award_honor/award_winner;/m/01vb6z;/m/0gr51;/award/award_category/nominees./award/award_nomination/nominated_for;/m/027r9t;6.3636703;1;8.403124;1;8.38846;1;0.5036658583852099;2.452392816543579
/m/0gr51;/award/award_category/winners./award/award_honor/ceremony;/m/02yv_b;/m/0gr51;/award/award_category/nominees./award/award_nomination/nominated_for;/m/027r9t;/m/0gr51;/award/award_category/nominees./award/award_nomination/nominated_for;/m/011ykb;6.3636703;1;8.403124;1;8.388568;1;0.5036389185233594;2.452484607696533
/m/0gr51;/award/award_category/winners./award/award_honor/ceremony;/m/02yv_b;/m/0gr51;/award/award_category/nominees./award/award_nomination/nominated_for;/m/04lhc4;/m/01vb6z;/award/award_nominee/award_nominations./award/award_nomination/award;/m/0gr51;6.3636703;1;8.403124;1;8.3887005;1;0.5036057800802607;2.4520833492279053
/m/0gr51;/award/award_category/winners./award/award_honor/ceremony;/m/02yv_b;/m/027r9t;/award/award_winning_work/awards_won./award/award_honor/award;/m/0gr51;/m/01vb6z;/award/award_nominee/award_nominations./award/award_nomination/award;/m/0gr51;6.3636703;1;8.403124;1;8.38862;1;0.5036258061935655;2.4529271125793457
/m/0gr51;/award/award_category/winners./award/award_honor/ceremony;/m/02yv_b;/m/0gr51;/award/award_category/nominees./award/award_nomination/nominated_for;/m/09q5w2;/m/0gr51;/award/award_category/nominees./award/award_nomination/nominated_for;/m/0sxmx;6.3636703;1;8.403124;1;8.388911;1;0.5035530922746877;2.453001022338867
/m/0gr51;/award/award_category/winners./award/award_honor/ceremony;/m/02yv_b;/m/06t8b;/award/award_nominee/award_nominations./award/award_nomination/award;/m/0gr51;/m/01vb6z;/award/award_nominee/award_nominations./award/award_nomination/award;/m/0gr51;6.3636703;1;8.403124;1;8.389199;1;0.5034810934265861;2.4508979320526123
/m/0gr51;/award/award_category/winners./award/award_honor/ceremony;/m/02yv_b;/m/0gr51;/award/award_category/category_of;/m/0g_w;/m/01vb6z;/award/award_nominee/award_nominations./award/award_nomination/award;/m/0gr51;6.3636703;1;8.403124;1;8.389233;1;0.503472749179831;2.452430009841919
/m/0gr51;/award/award_category/winners./award/award_honor/ceremony;/m/02yv_b;/m/0gr51;/award/award_category/winners./award/award_honor/award_winner;/m/01vb6z;/m/01vb6z;/award/award_nominee/award_nominations./award/award_nomination/award;/m/0gr51;6.3636703;1;8.403124;1;8.389077;1;0.5035116095124562;2.4526963233947754
/m/0gr51;/award/award_category/winners./award/award_honor/ceremony;/m/02yv_b;/m/01vb6z;/award/award_nominee/award_nominations./award/award_nomination/award;/m/0gr51;/m/0gr51;/award/award_category/nominees./award/award_nomination/nominated_for;/m/011ykb;6.3636703;1;8.403124;1;8.389481;1;0.5034107632865449;2.4518890380859375
/m/0gr51;/award/award_category/winners./award/award_honor/ceremony;/m/02yv_b;/m/0gr51;/award/award_category/nominees./award/award_nomination/nominated_for;/m/027r9t;/m/01vb6z;/award/award_nominee/award_nominations./award/award_nomination/award;/m/0gr51;6.3636703;1;8.403124;1;8.390129;1;0.503248645844036;2.4526777267456055
/m/0gr51;/award/award_category/winners./award/award_honor/ceremony;/m/02yv_b;/m/0gr51;/award/award_category/nominees./award/award_nomination/nominated_for;/m/09q5w2;/m/0gr51;/award/award_category/nominees./award/award_nomination/nominated_for;/m/04jwly;6.3636703;1;8.403124;1;8.390809;1;0.5030786602043881;2.4515812397003174
/m/0gr51;/award/award_category/winners./award/award_honor/ceremony;/m/02yv_b;/m/0gr51;/award/award_category/nominees./award/award_nomination/nominated_for;/m/09q5w2;/m/0gr51;/award/award_category/nominees./award/award_nomination/nominated_for;/m/011yhm;6.3636703;1;8.403124;1;8.390901;1;0.5030557728821096;2.4519550800323486
/m/0gr51;/award/award_category/winners./award/award_honor/ceremony;/m/02yv_b;/m/0gr51;/award/award_category/nominees./award/award_nomination/nominated_for;/m/09q5w2;/m/0bsb4j;/award/award_nominee/award_nominations./award/award_nomination/award;/m/0gr51;6.3636703;1;8.403124;1;8.39176;1;0.5028409652150926;2.4517464637756348
/m/0gr51;/award/award_category/winners./award/award_honor/ceremony;/m/02yv_b;/m/0gr51;/award/award_category/nominees./award/award_nomination/nominated_for;/m/09q5w2;/m/011ywj;/award/award_winning_work/awards_won./award/award_honor/award;/m/0gr51;6.3636703;1;8.403124;1;8.39171;1;0.5028533625792031;2.451748847961426
/m/0gr51;/award/award_category/winners./award/award_honor/ceremony;/m/02yv_b;/m/0gr51;/award/award_category/nominees./award/award_nomination/nominated_for;/m/04lhc4;/m/0gr51;/award/award_category/nominees./award/award_nomination/nominated_for;/m/0gmcwlb;6.3636703;1;8.403124;1;8.391802;1;0.5028304751350392;2.452101945877075
/m/0gr51;/award/award_category/winners./award/award_honor/ceremony;/m/02yv_b;/m/027r9t;/award/award_winning_work/awards_won./award/award_honor/award;/m/0gr51;/m/0gr51;/award/award_category/nominees./award/award_nomination/nominated_for;/m/0gmcwlb;6.3636703;1;8.403124;1;8.391886;1;0.5028094949674663;2.453650951385498
/m/0gr51;/award/award_category/winners./award/award_honor/ceremony;/m/02yv_b;/m/06t8b;/award/award_nominee/award_nominations./award/award_nomination/award;/m/0gr51;/m/0gr51;/award/award_category/nominees./award/award_nomination/nominated_for;/m/0gmcwlb;6.3636703;1;8.403124;1;8.392245;1;0.5027196139112289;2.4534316062927246
/m/0gr51;/award/award_category/winners./award/award_honor/ceremony;/m/02yv_b;/m/0gr51;/award/award_category/category_of;/m/0g_w;/m/0gr51;/award/award_category/nominees./award/award_nomination/nominated_for;/m/0gmcwlb;6.3636703;1;8.403124;1;8.39233;1;0.5026983952805795;2.4517972469329834
/m/0gr51;/award/award_category/winners./award/award_honor/ceremony;/m/02yv_b;/m/0gr51;/award/award_category/winners./award/award_honor/award_winner;/m/01vb6z;/m/0gr51;/award/award_category/nominees./award/award_nomination/nominated_for;/m/0gmcwlb;6.3636703;1;8.403124;1;8.392629;1;0.5026237723792478;2.452685594558716
/m/0gr51;/award/award_category/winners./award/award_honor/ceremony;/m/02yv_b;/m/0gr51;/award/award_category/nominees./award/award_nomination/nominated_for;/m/011ykb;/m/0gr51;/award/award_category/nominees./award/award_nomination/nominated_for;/m/0gmcwlb;6.3636703;1;8.403124;1;8.392683;1;0.5026101828925243;2.4517595767974854
/m/0gr51;/award/award_category/winners./award/award_honor/ceremony;/m/02yv_b;/m/0gr51;/award/award_category/nominees./award/award_nomination/nominated_for;/m/04lhc4;/m/0gr51;/award/award_category/nominees./award/award_nomination/nominated_for;/m/0sxmx;6.3636703;1;8.403124;1;8.393115;1;0.5025021820994235;2.452235698699951
/m/0gr51;/award/award_category/winners./award/award_honor/ceremony;/m/02yv_b;/m/027r9t;/award/award_winning_work/awards_won./award/award_honor/award;/m/0gr51;/m/0gr51;/award/award_category/nominees./award/award_nomination/nominated_for;/m/0sxmx;6.3636703;1;8.403124;1;8.393175;1;0.5024871621028517;2.4520976543426514
/m/0gr51;/award/award_category/winners./award/award_honor/ceremony;/m/02yv_b;/m/0gr51;/award/award_category/nominees./award/award_nomination/nominated_for;/m/027r9t;/m/0gr51;/award/award_category/nominees./award/award_nomination/nominated_for;/m/0gmcwlb;6.3636703;1;8.403124;1;8.393342;1;0.5024454398666833;2.4522640705108643
/m/0gr51;/award/award_category/winners./award/award_honor/ceremony;/m/02yv_b;/m/06t8b;/award/award_nominee/award_nominations./award/award_nomination/award;/m/0gr51;/m/0gr51;/award/award_category/nominees./award/award_nomination/nominated_for;/m/0sxmx;6.3636703;1;8.403124;1;8.393535;1;0.5023972804432004;2.4526567459106445
/m/0gr51;/award/award_category/winners./award/award_honor/ceremony;/m/02yv_b;/m/0gr51;/award/award_category/category_of;/m/0g_w;/m/0gr51;/award/award_category/nominees./award/award_nomination/nominated_for;/m/0sxmx;6.3636703;1;8.403124;1;8.393568;1;0.5023889359840902;2.452723264694214
/m/0gr51;/award/award_category/winners./award/award_honor/ceremony;/m/02yv_b;/m/0gr51;/award/award_category/winners./award/award_honor/award_winner;/m/01vb6z;/m/0gr51;/award/award_category/nominees./award/award_nomination/nominated_for;/m/0sxmx;6.3636703;1;8.403124;1;8.393854;1;0.5023174119947525;2.452862501144409
/m/0gr51;/award/award_category/winners./award/award_honor/ceremony;/m/02yv_b;/m/0gr51;/award/award_category/nominees./award/award_nomination/nominated_for;/m/0sxmx;/m/0gr51;/award/award_category/nominees./award/award_nomination/nominated_for;/m/011ykb;6.3636703;1;8.403124;1;8.393873;1;0.5023126437253921;2.45224666595459
/m/0gr51;/award/award_category/winners./award/award_honor/ceremony;/m/02yv_b;/m/01vb6z;/award/award_nominee/award_nominations./award/award_nomination/award;/m/0gr51;/m/0gr51;/award/award_category/nominees./award/award_nomination/nominated_for;/m/0gmcwlb;6.3636703;1;8.403124;1;8.3942795;1;0.5022110794895045;2.4518964290618896
/m/0gr51;/award/award_category/winners./award/award_honor/ceremony;/m/02yv_b;/m/0gr51;/award/award_category/nominees./award/award_nomination/nominated_for;/m/027r9t;/m/0gr51;/award/award_category/nominees./award/award_nomination/nominated_for;/m/0sxmx;6.3636703;1;8.403124;1;8.394659;1;0.5021161906721586;2.45287823677063
/m/0gr51;/award/award_category/winners./award/award_honor/ceremony;/m/02yv_b;/m/0gr51;/award/award_category/nominees./award/award_nomination/nominated_for;/m/04lhc4;/m/0gr51;/award/award_category/nominees./award/award_nomination/nominated_for;/m/04jwly;6.3636703;1;8.403124;1;8.39489;1;0.5020584943816282;2.45229172706604
/m/0gr51;/award/award_category/winners./award/award_honor/ceremony;/m/02yv_b;/m/0gr51;/award/award_category/nominees./award/award_nomination/nominated_for;/m/04lhc4;/m/0gr51;/award/award_category/nominees./award/award_nomination/nominated_for;/m/011yhm;6.3636703;1;8.403124;1;8.395037;1;0.5020217785317417;2.452230453491211
/m/0gr51;/award/award_category/winners./award/award_honor/ceremony;/m/02yv_b;/m/027r9t;/award/award_winning_work/awards_won./award/award_honor/award;/m/0gr51;/m/0gr51;/award/award_category/nominees./award/award_nomination/nominated_for;/m/04jwly;6.3636703;1;8.403124;1;8.394998;1;0.5020315535328835;2.4524190425872803
/m/0gr51;/award/award_category/winners./award/award_honor/ceremony;/m/02yv_b;/m/0gr51;/award/award_category/nominees./award/award_nomination/nominated_for;/m/09q5w2;/m/0gr51;/award/award_category/nominees./award/award_nomination/nominated_for;/m/0pv2t;6.3636703;1;8.403124;1;8.395155;1;0.5019922151042796;2.4524731636047363
/m/0gr51;/award/award_category/winners./award/award_honor/ceremony;/m/02yv_b;/m/027r9t;/award/award_winning_work/awards_won./award/award_honor/award;/m/0gr51;/m/0gr51;/award/award_category/nominees./award/award_nomination/nominated_for;/m/011yhm;6.3636703;1;8.403124;1;8.3951025;1;0.5020053279165788;2.453653573989868
