00464513;_also_see;01430111;01430111;_also_see;00464513;9.611472;1;10.525589;1;9.482827;1;0.7393825461411105;4.567593336105347
00464513;_also_see;01430111;00464513;_also_see;01925372;9.611472;1;10.525589;1;10.327632;1;0.549328279267007;1.2444837093353271
00464513;_also_see;01430111;00464513;_derivationally_related_form;04821277;9.611472;1;10.525589;1;10.628219;1;0.4743650813849228;1.2405211925506592
00464513;_also_see;01430111;04821277;_derivationally_related_form;00464513;9.611472;1;10.525589;1;10.628887;1;0.4741983921448619;1.2439227104187012
00464513;_also_see;01430111;02753642;_derivationally_related_form;00464513;9.611472;1;10.525589;1;10.66968;1;0.46403953331335807;1.2415456771850586
00464513;_also_see;01430111;00464513;_derivationally_related_form;02753642;9.611472;1;10.525589;1;10.669176;1;0.464164769432793;1.2454121112823486
00464513;_also_see;01430111;04745932;_derivationally_related_form;00464513;9.611472;1;10.525589;1;10.650866;1;0.46872175521496035;1.244676113128662
00464513;_also_see;01430111;00464513;_derivationally_related_form;04745932;9.611472;1;10.525589;1;10.650319;1;0.4688578367703993;1.2425422668457031
00583239;_also_see;00346991;00346991;_also_see;00583239;9.626781;1;10.425681;1;9.613465;1;0.6925814778258338;4.463310956954956
00583239;_also_see;00346991;02290998;_also_see;00583239;9.626781;1;10.425681;1;10.376777;1;0.5122236686132986;1.0946261882781982
00583239;_also_see;00346991;00583239;_also_see;02290998;9.626781;1;10.425681;1;10.338068;2;1.521889276291378;1.1156563758850098
00583239;_also_see;00346991;00583239;_also_see;02505716;9.626781;1;10.425681;1;10.574163;2;1.4629474690887208;1.173983097076416
00583239;_also_see;00346991;02505716;_also_see;00583239;9.626781;1;10.425681;1;10.60765;1;0.4546329438393416;1.243652582168579
00583239;_also_see;00346991;00958880;_also_see;00583239;9.626781;1;10.425681;1;10.564274;1;0.4654071736908977;1.2427144050598145
00583239;_also_see;00346991;00583239;_also_see;00958880;9.626781;1;10.425681;1;10.528385;2;1.4743465336542114;1.2425477504730225
00644372;_also_see;01688271;01688271;_also_see;00644372;10.076051;1;11.067245;1;9.337029;1;0.8494399283337749;4.797759294509888
00644372;_also_see;01688271;01866535;_also_see;00644372;10.076051;1;11.067245;1;11.505622;1;0.39212767487499073;1.2742431163787842
00644372;_also_see;01688271;00644372;_also_see;01866535;10.076051;1;11.067245;1;11.411559;2;1.4147617973563296;1.270728349685669
01896478;_also_see;00921014;00921014;_also_see;01896478;9.71363;1;10.601362;1;8.847858;1;0.8523941887193383;4.8084938526153564
01896478;_also_see;00921014;01759326;_derivationally_related_form;01896478;9.71363;1;10.601362;1;10.723794;1;0.46943023724037203;1.240760326385498
01896478;_also_see;00921014;01896478;_derivationally_related_form;01759326;9.71363;1;10.601362;1;10.723166;1;0.4695865332367147;1.2385716438293457
01896478;_also_see;00921014;01789514;_derivationally_related_form;01896478;9.71363;1;10.601362;1;10.733496;1;0.46701460677547674;1.2413480281829834
01896478;_also_see;00921014;01896478;_derivationally_related_form;00794079;9.71363;1;10.601362;1;10.747824;1;0.46344994112501775;1.2410719394683838
01896478;_also_see;00921014;01896478;_derivationally_related_form;01789514;9.71363;1;10.601362;1;10.7333975;1;0.4670390570922151;1.239572525024414
01896478;_also_see;00921014;00794079;_derivationally_related_form;01896478;9.71363;1;10.601362;1;10.748244;1;0.4633453619835761;1.2408006191253662
02397637;_derivationally_related_form;00373544;00373544;_derivationally_related_form;02397637;9.241483;1;9.994718;1;9.393713;1;0.6458861093482567;4.535494565963745
02397637;_derivationally_related_form;00373544;13940456;_derivationally_related_form;02397637;9.241483;1;9.994718;1;9.85618;1;0.5345790641963726;1.249084711074829
02397637;_derivationally_related_form;00373544;02397637;_derivationally_related_form;13940456;9.241483;1;9.994718;1;9.856732;2;1.5344416774643337;1.246980905532837
02397637;_derivationally_related_form;00373544;00198451;_derivationally_related_form;02397637;9.241483;1;9.994718;1;10.050375;1;0.4860892441171969;1.2450165748596191
02397637;_derivationally_related_form;00373544;02397637;_derivationally_related_form;00198451;9.241483;1;9.994718;1;10.050635;2;1.4860242064617164;1.2472178936004639
02397637;_derivationally_related_form;00373544;02398314;_hypernym;02397637;9.241483;1;9.994718;1;10.038099;1;0.4891562778328981;1.243408203125
02397637;_derivationally_related_form;00373544;02400037;_hypernym;02397637;9.241483;1;9.994718;1;10.038602;1;0.48903069102606783;1.2476987838745117
02397637;_derivationally_related_form;00373544;02397637;_hypernym;02391803;9.241483;1;9.994718;1;10.078693;1;0.47901838065053254;1.2495293617248535
02397637;_derivationally_related_form;00373544;02397460;_hypernym;02397637;9.241483;1;9.994718;1;10.040418;1;0.48857696970034;1.247011423110962
02397637;_derivationally_related_form;00373544;02398161;_hypernym;02397637;9.241483;1;9.994718;1;10.030754;1;0.49099185198369505;1.2450902462005615
01158872;_derivationally_related_form;00949134;00949134;_derivationally_related_form;01158872;9.161072;1;9.592194;1;9.174973;1;0.6028180853090119;4.860476016998291
01158872;_derivationally_related_form;00949134;01158872;_derivationally_related_form;00947128;9.161072;1;9.592194;1;9.576307;2;1.5039714931656447;1.2876217365264893
01158872;_derivationally_related_form;00949134;00947128;_derivationally_related_form;01158872;9.161072;1;9.592194;1;9.576;1;0.5040482590103423;1.2883319854736328
01158872;_derivationally_related_form;00949134;01158872;_verb_group;02561332;9.161072;1;9.592194;1;9.55568;1;0.5091273180979358;1.2883145809173584
01158872;_derivationally_related_form;00949134;02561332;_verb_group;01158872;9.161072;1;9.592194;1;9.557098;1;0.508772903282938;1.2864468097686768
01158872;_derivationally_related_form;00949134;01166093;_hypernym;01158872;9.161072;1;9.592194;1;9.573822;1;0.5045927663312351;1.2859842777252197
01158872;_derivationally_related_form;00949134;01162754;_hypernym;01158872;9.161072;1;9.592194;1;9.607479;1;0.4961787014165486;1.286442518234253
01158872;_derivationally_related_form;00949134;01161290;_hypernym;01158872;9.161072;1;9.592194;1;9.611539;1;0.49516382994600516;1.285949945449829
01158872;_derivationally_related_form;00949134;01162425;_hypernym;01158872;9.161072;1;9.592194;1;9.586065;1;0.5015320729944066;1.2886793613433838
01158872;_derivationally_related_form;00949134;01164273;_hypernym;01158872;9.161072;1;9.592194;1;9.627243;1;0.4912385372903267;1.2880239486694336
06880664;_derivationally_related_form;00135285;00135285;_derivationally_related_form;06880664;9.834572;1;11.062627;1;10.377344;1;0.6649167212094608;4.554153919219971
06880664;_derivationally_related_form;00135285;06880664;_derivationally_related_form;00624263;9.834572;1;11.062627;1;11.007536;2;1.513769243755001;1.2181940078735352
06880664;_derivationally_related_form;00135285;00624263;_derivationally_related_form;06880664;9.834572;1;11.062627;1;11.007685;1;0.5137320785868152;1.2165310382843018
06880664;_derivationally_related_form;00135285;06882561;_hypernym;06880664;9.834572;1;11.062627;1;11.123748;1;0.48472450845265963;1.2163634300231934
06880664;_derivationally_related_form;00135285;06883725;_hypernym;06880664;9.834572;1;11.062627;1;11.195977;1;0.46671172088224083;1.2177212238311768
06880664;_derivationally_related_form;00135285;06882333;_hypernym;06880664;9.834572;1;11.062627;1;11.113806;1;0.4872080589735444;1.2177906036376953
06880664;_derivationally_related_form;00135285;06880664;_hypernym;05765415;9.834572;1;11.062627;1;11.213715;1;0.4622997494068573;1.213801383972168
06183899;_derivationally_related_form;10705615;10705615;_derivationally_related_form;06183899;8.956772;1;9.547942;1;7.688336;2;1.8652510485467855;4.726795434951782
06183899;_derivationally_related_form;10705615;06183899;_synset_domain_topic_of;06182144;8.956772;1;9.547942;1;9.480763;1;0.5167883682246661;1.2209303379058838
06183899;_derivationally_related_form;10705615;00703310;_synset_domain_topic_of;06183899;8.956772;1;9.547942;1;9.730695;1;0.4544385841305631;1.222829818725586
06183899;_derivationally_related_form;10705615;06183899;_hypernym;05661996;8.956772;1;9.547942;1;9.660843;1;0.4718047595497467;1.2210321426391602
06183899;_derivationally_related_form;10705615;01071155;_synset_domain_topic_of;06183899;8.956772;1;9.547942;1;9.763099;1;0.4464174072151272;1.2330350875854492
06183899;_derivationally_related_form;10705615;07327288;_synset_domain_topic_of;06183899;8.956772;1;9.547942;1;9.773761;1;0.44378402873482004;1.2230377197265625
06183899;_derivationally_related_form;10705615;06184270;_hypernym;06183899;8.956772;1;9.547942;1;9.712243;1;0.4590169230384901;1.2176892757415771
06183899;_derivationally_related_form;10705615;02144243;_synset_domain_topic_of;06183899;8.956772;1;9.547942;1;9.780198;1;0.4421956270091702;1.2180755138397217
01057034;_derivationally_related_form;01253379;01253379;_derivationally_related_form;01057034;10.796273;1;11.494675;1;7.2499695;4;3.9858627668904965;4.278854846954346
01057034;_derivationally_related_form;01253379;01057034;_hypernym;00778275;10.796273;1;11.494675;1;11.920481;1;0.3951282525833092;1.1253116130828857
01602318;_derivationally_related_form;14002279;14002279;_derivationally_related_form;01602318;9.942369;1;11.11268;1;10.472435;1;0.6548089400086466;4.152859449386597
01602318;_derivationally_related_form;14002279;02673134;_verb_group;01602318;9.942369;1;11.11268;1;11.112798;1;0.4999706745148041;1.0659961700439453
01602318;_derivationally_related_form;14002279;01602318;_verb_group;02673134;9.942369;1;11.11268;1;11.107498;1;0.5012955636593803;1.0650174617767334
01602318;_derivationally_related_form;14002279;02152212;_derivationally_related_form;01602318;9.942369;1;11.11268;1;11.230526;1;0.470572664482678;1.0658106803894043
01602318;_derivationally_related_form;14002279;01602318;_derivationally_related_form;02152212;9.942369;1;11.11268;1;11.230531;2;1.4705714765192068;1.064734935760498
01602318;_derivationally_related_form;14002279;01602318;_hypernym;01601234;9.942369;1;11.11268;1;11.168438;1;0.48606422957844864;1.0713810920715332
03472232;_derivationally_related_form;00099721;00099721;_derivationally_related_form;03472232;9.993755;1;10.758485;1;9.791434;1;0.7245312201369009;4.818059921264648
03472232;_derivationally_related_form;00099721;03472232;_derivationally_related_form;00100551;9.993755;1;10.758485;1;10.803226;2;1.4888164579130079;1.2165892124176025
03472232;_derivationally_related_form;00099721;00100551;_derivationally_related_form;03472232;9.993755;1;10.758485;1;10.802399;1;0.48902330360981044;1.2144687175750732
03472232;_derivationally_related_form;00099721;03472232;_synset_domain_topic_of;00433802;9.993755;1;10.758485;1;10.749134;1;0.5023376771348212;1.2126009464263916
03472232;_derivationally_related_form;00099721;03888605;_hypernym;03472232;9.993755;1;10.758485;1;10.89637;1;0.46558323778837174;1.2145202159881592
03472232;_derivationally_related_form;00099721;03538037;_hypernym;03472232;9.993755;1;10.758485;1;10.896738;1;0.4654916454193841;1.212334156036377
03472232;_derivationally_related_form;00099721;03472232;_hypernym;04285146;9.993755;1;10.758485;1;10.953535;1;0.4513914502013318;1.2148981094360352
01822724;_derivationally_related_form;13811900;13811900;_derivationally_related_form;01822724;10.322003;1;11.249796;1;10.942183;1;0.5763026058670021;4.652810096740723
01822724;_derivationally_related_form;13811900;01822724;_hypernym;01771535;10.322003;1;11.249796;1;11.111807;1;0.5344426266134202;1.2566702365875244
01822724;_derivationally_related_form;13811900;10686073;_derivationally_related_form;01822724;10.322003;1;11.249796;1;11.264766;1;0.4962576134513041;1.2569379806518555
01822724;_derivationally_related_form;13811900;01822724;_derivationally_related_form;10686073;10.322003;1;11.249796;1;11.26498;2;1.4962039723195326;1.257922649383545
07270179;_derivationally_related_form;00508032;00508032;_derivationally_related_form;07270179;9.288733;1;9.958535;1;8.57972;1;0.7988007212434783;4.628161191940308
07270179;_derivationally_related_form;00508032;07270179;_derivationally_related_form;01588493;9.288733;1;9.958535;1;10.036319;2;1.4805639023591382;1.219064474105835
07270179;_derivationally_related_form;00508032;01588493;_derivationally_related_form;07270179;9.288733;1;9.958535;1;10.035188;1;0.4808462457001938;1.219214677810669
07270179;_derivationally_related_form;00508032;07272172;_hypernym;07270179;9.288733;1;9.958535;1;9.9873495;1;0.4927969194161478;1.2195978164672852
07270179;_derivationally_related_form;00508032;07270179;_derivationally_related_form;00651991;9.288733;1;9.958535;1;10.108718;2;1.4625247299623978;1.2194998264312744
07270179;_derivationally_related_form;00508032;00651991;_derivationally_related_form;07270179;9.288733;1;9.958535;1;10.108712;1;0.46252615243816;1.214346170425415
07270179;_derivationally_related_form;00508032;07270179;_hypernym;06806469;9.288733;1;9.958535;1;10.059875;1;0.47468682438673887;1.2184486389160156
07270179;_derivationally_related_form;00508032;06851742;_hypernym;07270179;9.288733;1;9.958535;1;10.088684;1;0.46750862870394544;1.2191047668457031
07270179;_derivationally_related_form;00508032;06855035;_hypernym;07270179;9.288733;1;9.958535;1;10.011193;1;0.48683852085551577;1.1876702308654785
05148699;_derivationally_related_form;02495922;02495922;_derivationally_related_form;05148699;9.436147;1;9.780289;1;8.508805;1;0.7809965794235557;4.620267868041992
05148699;_derivationally_related_form;02495922;05149695;_hypernym;05148699;9.436147;1;9.780289;1;9.785767;1;0.4986305271061709;1.2135684490203857
05148699;_derivationally_related_form;02495922;05150129;_hypernym;05148699;9.436147;1;9.780289;1;9.838798;1;0.48537695309090073;1.2211389541625977
05148699;_derivationally_related_form;02495922;05151088;_hypernym;05148699;9.436147;1;9.780289;1;9.814933;1;0.4913398344317507;1.2243964672088623
05148699;_derivationally_related_form;02495922;05148699;_hypernym;04723816;9.436147;1;9.780289;1;9.9358015;1;0.4611999618282258;1.223315954208374
05148699;_derivationally_related_form;02495922;01158872;_derivationally_related_form;05148699;9.436147;1;9.780289;1;9.959163;1;0.45540034989418987;1.220409870147705
05148699;_derivationally_related_form;02495922;05148699;_derivationally_related_form;01158872;9.436147;1;9.780289;1;9.960232;1;0.4551352218493442;1.2165701389312744
05148699;_derivationally_related_form;02495922;05149325;_hypernym;05148699;9.436147;1;9.780289;1;9.830538;1;0.4874403676826177;1.214465618133545
01754105;_derivationally_related_form;00113113;00113113;_derivationally_related_form;01754105;9.097688;1;10.260581;1;6.8299584;1;0.968647980374389;4.439520835876465
01754105;_derivationally_related_form;00113113;01754105;_hypernym;01617192;9.097688;1;10.260581;1;10.979057;1;0.3277286012609711;1.108311653137207
01754105;_derivationally_related_form;00113113;01754105;_derivationally_related_form;03999992;9.097688;1;10.260581;1;10.662495;2;1.4008526535747161;1.1097359657287598
01754105;_derivationally_related_form;00113113;03999992;_derivationally_related_form;01754105;9.097688;1;10.260581;1;10.662723;1;0.4007979133501651;1.108945369720459
01417451;_derivationally_related_form;00182406;00182406;_derivationally_related_form;01417451;9.400386;1;10.318229;1;6.065577;12;11.985973093551797;4.329437255859375
01417451;_derivationally_related_form;00182406;01417451;_synset_domain_topic_of;06000644;9.400386;1;10.318229;1;10.7357645;1;0.3971065660005649;1.111407995223999
01417451;_derivationally_related_form;00182406;00949288;_derivationally_related_form;01417451;9.400386;1;10.318229;1;10.759676;1;0.39139617072674915;1.108905553817749
01417451;_derivationally_related_form;00182406;01417451;_derivationally_related_form;00949288;9.400386;1;10.318229;1;10.762718;2;1.3906717377324436;1.2346453666687012
04096848;_derivationally_related_form;01127075;01127075;_derivationally_related_form;04096848;9.830212;1;11.318287;1;11.142509;1;0.5438315590123551;4.2683069705963135
04096848;_derivationally_related_form;01127075;04096848;_hypernym;02796623;9.830212;1;11.318287;1;11.278959;1;0.5098306383415768;1.2159273624420166
04096848;_derivationally_related_form;01127075;01478002;_derivationally_related_form;04096848;9.830212;1;11.318287;1;11.435802;1;0.470654872363931;1.2147676944732666
04096848;_derivationally_related_form;01127075;01127215;_derivationally_related_form;04096848;9.830212;1;11.318287;1;11.188995;1;0.532277932159364;1.215757131576538
04096848;_derivationally_related_form;01127075;04096848;_derivationally_related_form;01127215;9.830212;1;11.318287;1;11.188893;2;1.5323033365484517;1.2176637649536133
04096848;_derivationally_related_form;01127075;04096848;_derivationally_related_form;01478002;9.830212;1;11.318287;1;11.43659;1;0.47045862151167284;1.217219352722168
01628197;_derivationally_related_form;03433877;03433877;_derivationally_related_form;01628197;9.991577;1;10.546591;1;9.097571;1;0.8098474777531195;4.630173444747925
01628197;_derivationally_related_form;03433877;00922144;_derivationally_related_form;01628197;9.991577;1;10.546591;1;10.6657095;1;0.47025549011730666;1.2283897399902344
01628197;_derivationally_related_form;03433877;01628197;_hypernym;01621555;9.991577;1;10.546591;1;10.7496;1;0.4494211877418263;1.2162694931030273
01628197;_derivationally_related_form;03433877;01628197;_derivationally_related_form;00922144;9.991577;1;10.546591;1;10.665078;2;1.4704127676024936;1.2175133228302002
01628197;_derivationally_related_form;03433877;01867295;_derivationally_related_form;01628197;9.991577;1;10.546591;1;10.6973295;1;0.46238651564721256;1.2157254219055176
01628197;_derivationally_related_form;03433877;01628197;_derivationally_related_form;01867295;9.991577;1;10.546591;1;10.6976385;2;1.4623097060726502;1.2145202159881592
01031256;_derivationally_related_form;00318186;00318186;_derivationally_related_form;01031256;9.45727;1;10.151457;1;9.754079;1;0.5980575260151239;4.777085304260254
01031256;_derivationally_related_form;00318186;01031256;_hypernym;02232190;9.45727;1;10.151457;1;10.088893;1;0.5156358741623799;1.2776069641113281
01031256;_derivationally_related_form;00318186;01031256;_derivationally_related_form;10578762;9.45727;1;10.151457;1;10.16647;2;1.4962468852180182;1.2752923965454102
01031256;_derivationally_related_form;00318186;10578762;_derivationally_related_form;01031256;9.45727;1;10.151457;1;10.166552;1;0.49622638238180483;1.2771403789520264
01031256;_derivationally_related_form;00318186;08463647;_derivationally_related_form;01031256;9.45727;1;10.151457;1;10.180947;1;0.4926279165549958;1.2774271965026855
01031256;_derivationally_related_form;00318186;01031256;_derivationally_related_form;06264398;9.45727;1;10.151457;1;10.187513;2;1.4909868468195757;1.2729473114013672
01031256;_derivationally_related_form;00318186;01031256;_derivationally_related_form;06796119;9.45727;1;10.151457;1;10.139914;2;1.5028857864379428;1.2729377746582031
01031256;_derivationally_related_form;00318186;01031256;_derivationally_related_form;03709644;9.45727;1;10.151457;1;10.185562;2;1.4914745011429598;1.275848388671875
01031256;_derivationally_related_form;00318186;00121166;_derivationally_related_form;01031256;9.45727;1;10.151457;1;10.171995;1;0.49486559796327345;1.2736611366271973
01031256;_derivationally_related_form;00318186;01031256;_derivationally_related_form;00121166;9.45727;1;10.151457;1;10.17201;2;1.4948617836685603;1.2731122970581055
01687569;_derivationally_related_form;05844105;05844105;_derivationally_related_form;01687569;9.40819;1;10.210088;1;9.64167;1;0.6383979527483322;4.587989091873169
01687569;_derivationally_related_form;05844105;05750163;_derivationally_related_form;01687569;9.40819;1;10.210088;1;10.207239;1;0.5007121558142009;1.1911768913269043
01687569;_derivationally_related_form;05844105;01687569;_derivationally_related_form;05750163;9.40819;1;10.210088;1;10.206616;2;1.5008678427564393;1.2215368747711182
01687569;_derivationally_related_form;05844105;01687569;_derivationally_related_form;04928903;9.40819;1;10.210088;1;10.207732;2;1.5005888936180796;1.221308946609497
01687569;_derivationally_related_form;05844105;01687569;_derivationally_related_form;07066659;9.40819;1;10.210088;1;10.15538;1;0.5136734716670669;1.2214434146881104
01687569;_derivationally_related_form;05844105;04928903;_derivationally_related_form;01687569;9.40819;1;10.210088;1;10.208151;1;0.5004842279827683;1.2227764129638672
01687569;_derivationally_related_form;05844105;01687569;_synset_domain_topic_of;00933420;9.40819;1;10.210088;1;10.368635;1;0.46044597166932794;1.2211964130401611
01687569;_derivationally_related_form;05844105;01687569;_hypernym;01686132;9.40819;1;10.210088;1;10.226183;1;0.49597629650324265;1.2219884395599365
01687569;_derivationally_related_form;05844105;01159964;_derivationally_related_form;01687569;9.40819;1;10.210088;1;10.298456;1;0.4779222612183954;1.2211320400238037
01687569;_derivationally_related_form;05844105;01687569;_derivationally_related_form;01159964;9.40819;1;10.210088;1;10.297994;2;1.478037669955319;1.2222394943237305
01432474;_derivationally_related_form;05301908;05301908;_derivationally_related_form;01432474;9.727443;1;10.96493;1;9.325966;1;0.8373938784885092;4.678640604019165
01432474;_derivationally_related_form;05301908;01432474;_derivationally_related_form;05302499;9.727443;1;10.96493;1;11.162106;2;1.4508650924545188;1.257293701171875
01432474;_derivationally_related_form;05301908;05302499;_derivationally_related_form;01432474;9.727443;1;10.96493;1;11.16086;1;0.4511734790198279;1.2570710182189941
01432474;_derivationally_related_form;05301908;01432474;_hypernym;01206218;9.727443;1;10.96493;1;11.336367;1;0.4081938198190885;1.2593646049499512
09790482;_derivationally_related_form;00644583;00644583;_derivationally_related_form;09790482;9.472303;1;10.729798;1;7.8789454;2;1.9453627569525835;4.906097888946533
09790482;_derivationally_related_form;00644583;09790482;_derivationally_related_form;00643473;9.472303;1;10.729798;1;11.0916395;2;1.4105139360927932;1.2615821361541748
09790482;_derivationally_related_form;00644583;00643473;_derivationally_related_form;09790482;9.472303;1;10.729798;1;11.087991;1;0.41139719462997815;1.2596118450164795
09790482;_derivationally_related_form;00644583;09790482;_hypernym;09617867;9.472303;1;10.729798;1;11.069645;1;0.4158467375621188;1.259751796722412
11447851;_derivationally_related_form;01874875;01874875;_derivationally_related_form;11447851;9.849253;1;10.632592;1;9.475255;1;0.7608485315072224;4.519808292388916
11447851;_derivationally_related_form;01874875;11447851;_derivationally_related_form;01902783;9.849253;1;10.632592;1;10.720615;2;1.4780084011254067;1.2196497917175293
11447851;_derivationally_related_form;01874875;01902783;_derivationally_related_form;11447851;9.849253;1;10.632592;1;10.720236;1;0.47810310894138297;1.2192871570587158
11447851;_derivationally_related_form;01874875;11447851;_hypernym;11458624;9.849253;1;10.632592;1;10.608136;1;0.5061137013299224;1.2191762924194336
11447851;_derivationally_related_form;01874875;01650425;_derivationally_related_form;11447851;9.849253;1;10.632592;1;10.819457;1;0.45341925200625627;1.2182252407073975
11447851;_derivationally_related_form;01874875;11447851;_derivationally_related_form;01650425;9.849253;1;10.632592;1;10.819308;1;0.453456122757012;1.217989206314087
00093327;_derivationally_related_form;00068617;00068617;_derivationally_related_form;00093327;9.900591;1;10.947697;1;9.061448;1;0.8683272050117525;4.511406660079956
00093327;_derivationally_related_form;00068617;00093327;_derivationally_related_form;00068333;9.900591;1;10.947697;1;11.295695;1;0.41386783472906;1.1151173114776611
00093327;_derivationally_related_form;00068617;00068333;_derivationally_related_form;00093327;9.900591;1;10.947697;1;11.2926235;1;0.4146131887872106;1.1907854080200195
00093327;_derivationally_related_form;00068617;00093327;_hypernym;00387310;9.900591;1;10.947697;1;10.909413;1;0.509569668262184;1.2507660388946533
03008207;_derivationally_related_form;14855724;14855724;_derivationally_related_form;03008207;10.316532;1;12.007498;1;0.00066554564;14374;14373.99999389766;3.538233757019043
06203758;_derivationally_related_form;10502950;10502950;_derivationally_related_form;06203758;10.707435;1;11.5917015;1;8.258863;1;0.9655383283251193;4.726408243179321
06203758;_derivationally_related_form;10502950;06203758;_hypernym;06201908;10.707435;1;11.5917015;1;11.997913;1;0.39982079460979586;1.2507076263427734
01134781;_derivationally_related_form;00122954;00122954;_derivationally_related_form;01134781;9.763125;1;10.753354;1;10.433829;1;0.5792084293770161;4.678598403930664
01134781;_derivationally_related_form;00122954;01134781;_verb_group;01137138;9.763125;1;10.753354;1;10.874785;1;0.4696794110410605;1.2242107391357422
01134781;_derivationally_related_form;00122954;01137138;_verb_group;01134781;9.763125;1;10.753354;1;10.879015;1;0.46862604968101795;1.2231545448303223
01134781;_derivationally_related_form;00122954;10593115;_derivationally_related_form;01134781;9.763125;1;10.753354;1;10.723898;1;0.5073635022398627;1.2216510772705078
01134781;_derivationally_related_form;00122954;01134781;_derivationally_related_form;10593115;9.763125;1;10.753354;1;10.723849;2;1.5073756589458647;1.2217292785644531
01134781;_derivationally_related_form;00122954;01135501;_hypernym;01134781;9.763125;1;10.753354;1;10.741758;1;0.502898899020997;1.2188928127288818
01134781;_derivationally_related_form;00122954;01136614;_hypernym;01134781;9.763125;1;10.753354;1;10.666651;1;0.5216622563859674;1.2204930782318115
01134781;_derivationally_related_form;00122954;01134781;_hypernym;01133825;9.763125;1;10.753354;1;10.671063;1;0.520561060797531;1.2219538688659668
01024190;_derivationally_related_form;06763681;06763681;_derivationally_related_form;01024190;8.875248;1;9.5329895;1;9.155173;1;0.5933462892023054;4.828550577163696
01024190;_derivationally_related_form;06763681;01024190;_derivationally_related_form;06613056;8.875248;1;9.5329895;1;9.380833;2;1.5379659876075484;1.2813289165496826
01024190;_derivationally_related_form;06763681;01023574;_hypernym;01024190;8.875248;1;9.5329895;1;9.525292;1;0.5019242668516031;1.2824699878692627
01024190;_derivationally_related_form;06763681;06613056;_derivationally_related_form;01024190;8.875248;1;9.5329895;1;9.380999;1;0.5379247417026706;1.2799179553985596
01024190;_derivationally_related_form;06763681;07180570;_derivationally_related_form;01024190;8.875248;1;9.5329895;1;9.456732;1;0.5190551931105706;1.2827277183532715
01024190;_derivationally_related_form;06763681;01024190;_derivationally_related_form;07180570;8.875248;1;9.5329895;1;9.456535;2;1.519104235820536;1.281381607055664
01024190;_derivationally_related_form;06763681;10309347;_derivationally_related_form;01024190;8.875248;1;9.5329895;1;9.569408;1;0.49089627749629583;1.2803914546966553
01024190;_derivationally_related_form;06763681;01024190;_derivationally_related_form;06766190;8.875248;1;9.5329895;1;9.526412;2;1.501644367011659;1.281400203704834
01024190;_derivationally_related_form;06763681;06766190;_derivationally_related_form;01024190;8.875248;1;9.5329895;1;9.526009;1;0.5017452169115711;1.2818024158477783
01024190;_derivationally_related_form;06763681;01024190;_derivationally_related_form;10309347;8.875248;1;9.5329895;1;9.570125;2;1.4907172856759334;1.27992844581604
00007328;_derivationally_related_form;10803193;10803193;_derivationally_related_form;00007328;10.309782;1;11.084996;1;9.473532;1;0.8336146137784765;4.7016026973724365
00007328;_derivationally_related_form;10803193;00007328;_hypernym;00001740;10.309782;1;11.084996;1;11.314703;1;0.44282449453360095;1.2494964599609375
00007328;_derivationally_related_form;10803193;00007328;_derivationally_related_form;00837293;10.309782;1;11.084996;1;11.106144;1;0.49471326503757385;1.2502779960632324
10724699;_derivationally_related_form;01855155;01855155;_derivationally_related_form;10724699;9.483912;1;10.198404;1;9.225985;1;0.7256015402350348;4.622980833053589
10724699;_derivationally_related_form;01855155;10724699;_derivationally_related_form;02232190;9.483912;1;10.198404;1;10.284074;2;1.4785957100016036;1.2183706760406494
10724699;_derivationally_related_form;01855155;02232190;_derivationally_related_form;10724699;9.483912;1;10.198404;1;10.282502;1;0.4789879168892825;1.2245569229125977
10724699;_derivationally_related_form;01855155;01435380;_derivationally_related_form;10724699;9.483912;1;10.198404;1;10.261787;1;0.4841595271903197;1.2212069034576416
10724699;_derivationally_related_form;01855155;10724699;_derivationally_related_form;01435380;9.483912;1;10.198404;1;10.263669;1;0.483689613610384;1.2189960479736328
10724699;_derivationally_related_form;01855155;10724699;_hypernym;10335931;9.483912;1;10.198404;1;10.204975;1;0.4983573019003622;1.218662977218628
10724699;_derivationally_related_form;01855155;02012344;_derivationally_related_form;10724699;9.483912;1;10.198404;1;10.233263;1;0.49128620644423915;1.2208399772644043
10724699;_derivationally_related_form;01855155;10724699;_derivationally_related_form;02012344;9.483912;1;10.198404;1;10.233878;2;1.4911324739957548;1.2197716236114502
10724699;_derivationally_related_form;01855155;02220461;_derivationally_related_form;10724699;9.483912;1;10.198404;1;10.279562;1;0.4797217080621129;1.2178266048431396
10724699;_derivationally_related_form;01855155;10724699;_derivationally_related_form;02220461;9.483912;1;10.198404;1;10.280201;1;0.4795622324327936;1.2196674346923828
03800933;_derivationally_related_form;01707925;01707925;_derivationally_related_form;03800933;9.332572;1;9.832336;1;8.833181;1;0.7308924178762144;4.640236139297485
03800933;_derivationally_related_form;01707925;02795978;_hypernym;03800933;9.332572;1;9.832336;1;9.795577;1;0.5091888094551903;1.2214598655700684
03800933;_derivationally_related_form;01707925;10340312;_derivationally_related_form;03800933;9.332572;1;9.832336;1;9.9187355;1;0.4784136568832159;1.2226898670196533
03800933;_derivationally_related_form;01707925;03800933;_derivationally_related_form;10340312;9.332572;1;9.832336;1;9.920706;1;0.4779220232646676;1.2202503681182861
03800933;_derivationally_related_form;01707925;03279153;_hypernym;03800933;9.332572;1;9.832336;1;9.851803;1;0.4951335536369717;1.2219369411468506
03800933;_derivationally_related_form;01707925;04338517;_hypernym;03800933;9.332572;1;9.832336;1;9.901471;1;0.4827232027575666;1.2200901508331299
03800933;_derivationally_related_form;01707925;03614532;_hypernym;03800933;9.332572;1;9.832336;1;9.888355;1;0.4859989538731104;1.218421220779419
03800933;_derivationally_related_form;01707925;04586932;_hypernym;03800933;9.332572;1;9.832336;1;9.92033;1;0.47801577780815113;1.2191123962402344
03800933;_derivationally_related_form;01707925;03915437;_hypernym;03800933;9.332572;1;9.832336;1;9.895485;1;0.484218119511311;1.2185804843902588
03800933;_derivationally_related_form;01707925;03800933;_hypernym;03183080;9.332572;1;9.832336;1;10.031525;1;0.45036693673377437;1.22005033493042
02704349;_derivationally_related_form;03735637;03735637;_derivationally_related_form;02704349;9.186432;1;10.356895;1;9.210233;1;0.7589008198681825;4.7360875606536865
02704349;_derivationally_related_form;03735637;00996969;_derivationally_related_form;02704349;9.186432;1;10.356895;1;10.362418;1;0.4986193215177058;1.2111711502075195
02704349;_derivationally_related_form;03735637;02704349;_derivationally_related_form;00996969;9.186432;1;10.356895;1;10.362749;2;1.4985365909401456;1.211501121520996
02704349;_derivationally_related_form;03735637;02704349;_hypernym;02604760;9.186432;1;10.356895;1;10.806463;1;0.3894635316221766;1.2098546028137207
02704349;_derivationally_related_form;03735637;02704928;_hypernym;02704349;9.186432;1;10.356895;1;10.47715;1;0.46997254808519645;1.211848497390747
02704349;_derivationally_related_form;03735637;02704349;_also_see;02679012;9.186432;1;10.356895;1;10.559794;1;0.44944856144434403;1.209601879119873
00339085;_derivationally_related_form;00358089;00358089;_derivationally_related_form;00339085;9.511613;1;11.2106905;1;9.734976;1;0.8139244362397889;4.62382173538208
00339085;_derivationally_related_form;00358089;00339085;_derivationally_related_form;03141702;9.511613;1;11.2106905;1;11.49544;1;0.42928987442226835;1.2526543140411377
00339085;_derivationally_related_form;00358089;03141702;_derivationally_related_form;00339085;9.511613;1;11.2106905;1;11.4958935;1;0.42917866045976044;1.2540993690490723
00339085;_derivationally_related_form;00358089;00339085;_hypernym;00338071;9.511613;1;11.2106905;1;11.309409;1;0.4753403623929834;1.2541735172271729
07411350;_derivationally_related_form;02033295;02033295;_derivationally_related_form;07411350;9.809332;1;11.796753;1;7.039437;2;1.9914845070064675;4.672442436218262
07411350;_derivationally_related_form;02033295;07411350;_hypernym;07351612;9.809332;1;11.796753;1;12.3710375;1;0.36024877542941863;1.2437047958374023
01097500;_derivationally_related_form;15293590;15293590;_derivationally_related_form;01097500;9.379541;1;10.1302;1;9.110756;1;0.7348643739826437;4.5805158615112305
01097500;_derivationally_related_form;15293590;01097500;_derivationally_related_form;01157850;9.379541;1;10.1302;1;10.207562;2;1.4806691249958877;1.2171571254730225
01097500;_derivationally_related_form;15293590;10028765;_derivationally_related_form;01097500;9.379541;1;10.1302;1;10.186937;1;0.48581956726629877;1.223416805267334
01097500;_derivationally_related_form;15293590;01097500;_derivationally_related_form;10028765;9.379541;1;10.1302;1;10.186506;2;1.4859272464408702;1.2193667888641357
01097500;_derivationally_related_form;15293590;01157850;_derivationally_related_form;01097500;9.379541;1;10.1302;1;10.208174;1;0.48051652892888197;1.2196261882781982
01097500;_derivationally_related_form;15293590;01097500;_derivationally_related_form;01263711;9.379541;1;10.1302;1;10.204372;2;1.4814654915135264;1.2184700965881348
01097500;_derivationally_related_form;15293590;01097500;_hypernym;02471327;9.379541;1;10.1302;1;10.218739;1;0.47787990561277716;1.2170696258544922
01097500;_derivationally_related_form;15293590;01097500;_derivationally_related_form;10512201;9.379541;1;10.1302;1;10.20575;2;1.4811214589103225;1.2199089527130127
01097500;_derivationally_related_form;15293590;01098452;_hypernym;01097500;9.379541;1;10.1302;1;10.1153755;1;0.5037061489352873;1.2186322212219238
01097500;_derivationally_related_form;15293590;01263711;_derivationally_related_form;01097500;9.379541;1;10.1302;1;10.204443;1;0.4814478728051496;1.2187533378601074
09797113;_derivationally_related_form;00720808;00720808;_derivationally_related_form;09797113;10.242715;1;11.284121;1;8.742943;1;0.9269785877095628;4.767532587051392
09797113;_derivationally_related_form;00720808;02565491;_derivationally_related_form;09797113;10.242715;1;11.284121;1;11.7140875;1;0.3941342292244641;1.2303814888000488
09797113;_derivationally_related_form;00720808;09797113;_hypernym;10756433;10.242715;1;11.284121;1;11.45731;1;0.4568106089027411;1.2479043006896973
00754873;_derivationally_related_form;04665813;04665813;_derivationally_related_form;00754873;9.370621;1;10.270539;1;8.556213;1;0.8473965324983541;4.5527472496032715
00754873;_derivationally_related_form;04665813;00616153;_derivationally_related_form;00754873;9.370621;1;10.270539;1;10.540439;1;0.43293180014036947;1.2077152729034424
00754873;_derivationally_related_form;04665813;00754873;_derivationally_related_form;00616153;9.370621;1;10.270539;1;10.541464;2;1.4326801289905142;1.2141246795654297
00754873;_derivationally_related_form;04665813;00311663;_also_see;00754873;9.370621;1;10.270539;1;10.376739;1;0.47347510878782045;1.2095057964324951
00754873;_derivationally_related_form;04665813;00754873;_also_see;00311663;9.370621;1;10.270539;1;10.392526;1;0.4695411640261486;1.2141532897949219
00754873;_derivationally_related_form;04665813;00616857;_derivationally_related_form;00754873;9.370621;1;10.270539;1;10.4889965;1;0.4456018620146841;1.210052490234375
07185870;_derivationally_related_form;01824339;01824339;_derivationally_related_form;07185870;9.84606;1;10.881699;1;10.65001;1;0.5576644053495154;4.752833604812622
07185870;_derivationally_related_form;01824339;01824532;_derivationally_related_form;07185870;9.84606;1;10.881699;1;10.764676;1;0.5292222880388778;1.2112128734588623
07185870;_derivationally_related_form;01824339;00903212;_derivationally_related_form;07185870;9.84606;1;10.881699;1;10.970899;1;0.47771476938478397;1.2109742164611816
07185870;_derivationally_related_form;01824339;07185870;_derivationally_related_form;00903212;9.84606;1;10.881699;1;10.971037;2;1.4776802674727754;1.2115049362182617
07185870;_derivationally_related_form;01824339;07185870;_derivationally_related_form;01824532;9.84606;1;10.881699;1;10.764209;2;1.529338712503168;1.2094190120697021
07185870;_derivationally_related_form;01824339;07185870;_hypernym;07185325;9.84606;1;10.881699;1;10.964949;1;0.4791995004452172;1.2149412631988525
01721556;_derivationally_related_form;10201535;10201535;_derivationally_related_form;01721556;8.9547205;1;10.038572;1;7.603682;1;0.9194494604343908;4.530736446380615
01721556;_derivationally_related_form;10201535;01721754;_hypernym;01721556;8.9547205;1;10.038572;1;9.990907;1;0.5119141433340394;1.2544493675231934
01721556;_derivationally_related_form;10201535;00010435;_verb_group;01721556;8.9547205;1;10.038572;1;10.457494;1;0.3967748615206156;1.2541394233703613
01721556;_derivationally_related_form;10201535;01721556;_verb_group;00010435;8.9547205;1;10.038572;1;10.451179;1;0.39828735880709665;1.2554893493652344
01721556;_derivationally_related_form;10201535;07014029;_derivationally_related_form;01721556;8.9547205;1;10.038572;1;10.36749;1;0.41850403455382934;1.25541090965271
00521562;_derivationally_related_form;01711445;01711445;_derivationally_related_form;00521562;8.585854;1;9.412306;1;7.557448;4;3.8646964703497466;4.629335880279541
00521562;_derivationally_related_form;01711445;01688771;_derivationally_related_form;00521562;8.585854;1;9.412306;1;9.547003;1;0.46637658108917524;1.2160170078277588
00521562;_derivationally_related_form;01711445;00550771;_hypernym;00521562;8.585854;1;9.412306;1;9.475133;1;0.4842983869314551;1.2156553268432617
00521562;_derivationally_related_form;01711445;00521562;_derivationally_related_form;01688771;8.585854;1;9.412306;1;9.548002;2;1.4661278567106293;1.2146968841552734
00521562;_derivationally_related_form;01711445;00521562;_derivationally_related_form;02148788;8.585854;1;9.412306;1;9.632942;2;1.4450635880177316;1.216081142425537
00521562;_derivationally_related_form;01711445;02148788;_derivationally_related_form;00521562;8.585854;1;9.412306;1;9.630232;1;0.4457330930578827;1.2127118110656738
00521562;_derivationally_related_form;01711445;00522145;_hypernym;00521562;8.585854;1;9.412306;1;9.578642;1;0.4585115983608279;1.2119927406311035
00521562;_derivationally_related_form;01711445;00522537;_hypernym;00521562;8.585854;1;9.412306;1;9.60305;1;0.4524579578595104;1.2100269794464111
00521562;_derivationally_related_form;01711445;00521562;_hypernym;00520257;8.585854;1;9.412306;1;9.523088;1;0.4723326347038344;1.2162115573883057
02625016;_derivationally_related_form;00050693;00050693;_derivationally_related_form;02625016;9.180766;1;10.445759;1;7.4947643;2;1.9503104698476235;4.730372190475464
02625016;_derivationally_related_form;00050693;02625016;_derivationally_related_form;00003553;9.180766;1;10.445759;1;10.919746;1;0.38367287235298986;1.2534997463226318
02625016;_derivationally_related_form;00050693;00003553;_derivationally_related_form;02625016;9.180766;1;10.445759;1;10.919427;1;0.38374842216841715;1.2531836032867432
02625016;_derivationally_related_form;00050693;02625016;_hypernym;02624263;9.180766;1;10.445759;1;10.505568;1;0.48505227273799495;1.2526218891143799
02072673;_derivationally_related_form;04055180;04055180;_derivationally_related_form;02072673;11.273957;1;12.077002;1;-0.0011276104;34185;34184.999994317586;3.4835634231567383
05747582;_derivationally_related_form;00682592;00682592;_derivationally_related_form;05747582;10.052553;1;10.519698;1;9.891567;1;0.6520655316368607;4.595022439956665
05747582;_derivationally_related_form;00682592;00682781;_derivationally_related_form;05747582;10.052553;1;10.519698;1;10.518463;1;0.500308752020693;1.216400146484375
05747582;_derivationally_related_form;00682592;05747582;_derivationally_related_form;00682781;10.052553;1;10.519698;1;10.518586;2;1.500277996034587;1.2170085906982422
05747582;_derivationally_related_form;00682592;00315810;_derivationally_related_form;05747582;10.052553;1;10.519698;1;10.5959215;1;0.4809533774978208;1.2169482707977295
05747582;_derivationally_related_form;00682592;05747582;_derivationally_related_form;00315810;10.052553;1;10.519698;1;10.596261;2;1.480868624197168;1.2134878635406494
05747582;_derivationally_related_form;00682592;05747582;_derivationally_related_form;00696189;10.052553;1;10.519698;1;10.577041;1;0.48566829454573396;1.2150800228118896
05747582;_derivationally_related_form;00682592;05747582;_derivationally_related_form;00316195;10.052553;1;10.519698;1;10.571064;1;0.4871613596302866;1.2123138904571533
05747582;_derivationally_related_form;00682592;00696189;_derivationally_related_form;05747582;10.052553;1;10.519698;1;10.576335;1;0.48584458111682716;1.2153270244598389
01045419;_derivationally_related_form;10776339;10776339;_derivationally_related_form;01045419;9.096172;1;10.769062;1;7.189052;4;3.972880544984735;4.67280125617981
01045419;_derivationally_related_form;10776339;01045419;_hypernym;00983824;9.096172;1;10.769062;1;11.567161;1;0.3104324012916765;1.2468082904815674
01045419;_derivationally_related_form;10776339;01045419;_derivationally_related_form;10147619;9.096172;1;10.769062;1;11.325295;1;0.3644194240003107;1.2481019496917725
02038791;_derivationally_related_form;05068080;05068080;_derivationally_related_form;02038791;9.846738;1;11.701656;1;8.351476;2;1.966110750170042;4.850703001022339
02038791;_derivationally_related_form;05068080;02038791;_hypernym;02038357;9.846738;1;11.701656;1;12.070299;1;0.4088690079043395;1.2437219619750977
00650353;_derivationally_related_form;04748836;04748836;_derivationally_related_form;00650353;8.919286;1;9.692178;1;9.070547;1;0.6505893277904745;4.639333486557007
00650353;_derivationally_related_form;04748836;00650353;_derivationally_related_form;07366289;8.919286;1;9.692178;1;9.656908;2;1.5088165203841095;1.2713847160339355
00650353;_derivationally_related_form;04748836;07366289;_derivationally_related_form;00650353;8.919286;1;9.692178;1;9.656258;1;0.5089790703604931;1.2708017826080322
00650353;_derivationally_related_form;04748836;00650353;_derivationally_related_form;05748285;8.919286;1;9.692178;1;9.593266;2;1.5247079186227113;1.2707059383392334
00650353;_derivationally_related_form;04748836;05748285;_derivationally_related_form;00650353;8.919286;1;9.692178;1;9.592724;1;0.5248430078745486;1.271909475326538
00650353;_derivationally_related_form;04748836;00661213;_hypernym;00650353;8.919286;1;9.692178;1;9.646495;1;0.5114187410043295;1.2704381942749023
00650353;_derivationally_related_form;04748836;00651759;_hypernym;00650353;8.919286;1;9.692178;1;9.750359;1;0.4854588993234308;1.2693581581115723
00650353;_derivationally_related_form;04748836;00608502;_hypernym;00650353;8.919286;1;9.692178;1;9.7581415;1;0.4835150407550093;1.2706890106201172
00650353;_derivationally_related_form;04748836;02512808;_hypernym;00650353;8.919286;1;9.692178;1;9.772739;1;0.4798704763680427;1.277754783630371
00650353;_derivationally_related_form;04748836;00661584;_hypernym;00650353;8.919286;1;9.692178;1;9.73249;1;0.4899234111980037;1.2690951824188232
01052853;_derivationally_related_form;01494310;01494310;_derivationally_related_form;01052853;8.745885;1;9.693566;1;7.9642878;2;1.8493201174768183;4.662916421890259
01052853;_derivationally_related_form;01494310;01613239;_derivationally_related_form;01052853;8.745885;1;9.693566;1;9.877389;1;0.4541733126410469;1.217677354812622
01052853;_derivationally_related_form;01494310;01052853;_derivationally_related_form;01567275;8.745885;1;9.693566;1;10.001216;2;1.4236885452417296;1.2133045196533203
01052853;_derivationally_related_form;01494310;01567275;_derivationally_related_form;01052853;8.745885;1;9.693566;1;10.001858;1;0.4235318348342555;1.2162754535675049
01052853;_derivationally_related_form;01494310;01052853;_hypernym;01051331;8.745885;1;9.693566;1;9.643167;1;0.5125972786125575;1.2144579887390137
01052853;_derivationally_related_form;01494310;01052853;_derivationally_related_form;01613239;8.745885;1;9.693566;1;9.87691;2;1.4542919959650262;1.2120697498321533
01052853;_derivationally_related_form;01494310;01052853;_derivationally_related_form;01711749;8.745885;1;9.693566;1;9.76149;2;1.483025639126263;1.2145836353302002
01052853;_derivationally_related_form;01494310;01711749;_derivationally_related_form;01052853;8.745885;1;9.693566;1;9.761892;1;0.48292514313140955;1.2153639793395996
01128193;_derivationally_related_form;04014297;04014297;_derivationally_related_form;01128193;8.610218;1;8.757416;1;7.798912;1;0.722822125577133;4.644888877868652
01128193;_derivationally_related_form;04014297;01130169;_hypernym;01128193;8.610218;1;8.757416;1;8.556183;1;0.5501391442216781;1.2257585525512695
01128193;_derivationally_related_form;04014297;01128193;_derivationally_related_form;09614684;8.610218;1;8.757416;1;8.838675;2;1.4796964773133863;1.2240276336669922
01128193;_derivationally_related_form;04014297;09614684;_derivationally_related_form;01128193;8.610218;1;8.757416;1;8.839121;1;0.4795850824173351;1.2264189720153809
01128193;_derivationally_related_form;04014297;01129876;_hypernym;01128193;8.610218;1;8.757416;1;8.853732;1;0.4759395131627015;1.2218873500823975
01128193;_derivationally_related_form;04014297;01128193;_derivationally_related_form;01887076;8.610218;1;8.757416;1;8.819292;2;1.4845358593680964;1.2222943305969238
01128193;_derivationally_related_form;04014297;01129201;_hypernym;01128193;8.610218;1;8.757416;1;8.772735;1;0.49617035725475017;1.2242131233215332
01128193;_derivationally_related_form;04014297;01129337;_hypernym;01128193;8.610218;1;8.757416;1;8.868065;1;0.4723659112247619;1.226395606994629
01128193;_derivationally_related_form;04014297;02251065;_hypernym;01128193;8.610218;1;8.757416;1;8.8174305;1;0.4850008205096185;1.224334478378296
01128193;_derivationally_related_form;04014297;01130455;_hypernym;01128193;8.610218;1;8.757416;1;8.845337;1;0.4780338626193139;1.2238352298736572
00824292;_derivationally_related_form;06713187;06713187;_derivationally_related_form;00824292;9.834282;1;10.709776;1;10.093382;1;0.6493979863501389;4.775702476501465
00824292;_derivationally_related_form;06713187;06712833;_derivationally_related_form;00824292;9.834282;1;10.709776;1;10.732339;1;0.49435949412787195;1.2147924900054932
00824292;_derivationally_related_form;06713187;00824292;_derivationally_related_form;06714288;9.834282;1;10.709776;1;10.748402;2;1.4903447711027458;1.2158730030059814
00824292;_derivationally_related_form;06713187;06714288;_derivationally_related_form;00824292;9.834282;1;10.709776;1;10.748595;1;0.49029639026944877;1.2147629261016846
00824292;_derivationally_related_form;06713187;00824292;_derivationally_related_form;06712833;9.834282;1;10.709776;1;10.732275;2;1.4943754661455464;1.2133901119232178
00824292;_derivationally_related_form;06713187;00824292;_hypernym;00824767;9.834282;1;10.709776;1;10.689423;1;0.5050881536659035;1.2149953842163086
00824292;_derivationally_related_form;06713187;00824292;_derivationally_related_form;01161017;9.834282;1;10.709776;1;10.848979;1;0.46525531939672343;1.2151038646697998
00824292;_derivationally_related_form;06713187;01161017;_derivationally_related_form;00824292;9.834282;1;10.709776;1;10.848856;1;0.46528592701054416;1.2136988639831543
04754440;_derivationally_related_form;00684480;00684480;_derivationally_related_form;04754440;9.84281;1;10.5925255;1;8.402502;1;0.8993500266266051;4.67695164680481
04754440;_derivationally_related_form;00684480;00550282;_derivationally_related_form;04754440;9.84281;1;10.5925255;1;11.054775;1;0.3864522551238247;1.252056360244751
04754440;_derivationally_related_form;00684480;04754440;_derivationally_related_form;00550282;9.84281;1;10.5925255;1;11.056523;2;1.3860378544468666;1.2530477046966553
04754440;_derivationally_related_form;00684480;04754440;_hypernym;04754237;9.84281;1;10.5925255;1;10.6942215;1;0.4745978851835271;1.2530796527862549
02618877;_derivationally_related_form;13534608;13534608;_derivationally_related_form;02618877;10.245079;1;10.954422;1;9.696344;1;0.7786950035192242;4.659823417663574
02618877;_derivationally_related_form;13534608;02618877;_hypernym;02618149;10.245079;1;10.954422;1;10.93274;1;0.505420234059947;1.254913091659546
02618877;_derivationally_related_form;13534608;11553240;_derivationally_related_form;02618877;10.245079;1;10.954422;1;11.173671;1;0.445406325343933;1.2530648708343506
02618877;_derivationally_related_form;13534608;02618877;_derivationally_related_form;11553240;10.245079;1;10.954422;1;11.1752;2;1.4450284927749735;1.2530286312103271
01194483;_derivationally_related_form;04663763;04663763;_derivationally_related_form;01194483;9.692805;1;10.402095;1;9.417697;1;0.7279799813651159;4.757140159606934
01194483;_derivationally_related_form;04663763;01194483;_derivationally_related_form;04662951;9.692805;1;10.402095;1;10.478661;2;1.4808679099886315;1.2130463123321533
01194483;_derivationally_related_form;04663763;04660536;_derivationally_related_form;01194483;9.692805;1;10.402095;1;10.524471;1;0.4694440138505749;1.2141950130462646
01194483;_derivationally_related_form;04663763;01194483;_derivationally_related_form;04660536;9.692805;1;10.402095;1;10.525156;2;1.4692734722039664;1.2124412059783936
01194483;_derivationally_related_form;04663763;01194483;_derivationally_related_form;02170427;9.692805;1;10.402095;1;10.458141;1;0.4859920451584871;1.2122726440429688
01194483;_derivationally_related_form;04663763;04662951;_derivationally_related_form;01194483;9.692805;1;10.402095;1;10.477928;1;0.48105074991789093;1.2126765251159668
01194483;_derivationally_related_form;04663763;02170427;_derivationally_related_form;01194483;9.692805;1;10.402095;1;10.457635;1;0.48611854695121154;1.2107861042022705
04768657;_derivationally_related_form;00404642;00404642;_derivationally_related_form;04768657;9.301975;1;11.060166;1;10.077368;1;0.7276631619870623;4.578176021575928
04768657;_derivationally_related_form;00404642;04768657;_derivationally_related_form;02432530;9.301975;1;11.060166;1;11.108345;1;0.4879576610864724;1.2103271484375
04768657;_derivationally_related_form;00404642;00480969;_derivationally_related_form;04768657;9.301975;1;11.060166;1;11.202399;1;0.46450160107258104;1.2111444473266602
04768657;_derivationally_related_form;00404642;04768657;_derivationally_related_form;00480969;9.301975;1;11.060166;1;11.203669;1;0.46418587975454456;1.2091848850250244
04768657;_derivationally_related_form;00404642;02432530;_derivationally_related_form;04768657;9.301975;1;11.060166;1;11.1082115;1;0.48799102037915093;1.2107117176055908
04768657;_derivationally_related_form;00404642;04768657;_hypernym;04768483;9.301975;1;11.060166;1;11.20285;1;0.46438939931555834;1.2205166816711426
02431320;_derivationally_related_form;07331400;07331400;_derivationally_related_form;02431320;8.860586;1;9.368126;1;8.472354;1;0.7100798689446189;4.991742134094238
02431320;_derivationally_related_form;07331400;02431320;_derivationally_related_form;07313814;8.860586;1;9.368126;1;9.357041;2;1.5027711107716923;1.294304609298706
02431320;_derivationally_related_form;07331400;07313814;_derivationally_related_form;02431320;8.860586;1;9.368126;1;9.356717;1;0.5028521705251139;1.2945771217346191
02431320;_derivationally_related_form;07331400;02431320;_derivationally_related_form;00386676;8.860586;1;9.368126;1;9.30131;1;0.516697870756137;1.2930302619934082
02431320;_derivationally_related_form;07331400;00353639;_hypernym;02431320;8.860586;1;9.368126;1;9.418813;1;0.48733100320828904;1.298903226852417
02431320;_derivationally_related_form;07331400;00368662;_hypernym;02431320;8.860586;1;9.368126;1;9.40974;1;0.4895978680134114;1.3010079860687256
02431320;_derivationally_related_form;07331400;02431834;_hypernym;02431320;8.860586;1;9.368126;1;9.399124;1;0.4922510629847891;1.2507634162902832
02431320;_derivationally_related_form;07331400;02535457;_hypernym;02431320;8.860586;1;9.368126;1;9.426459;1;0.48542078469915134;1.234318494796753
02431320;_derivationally_related_form;07331400;01201429;_derivationally_related_form;02431320;8.860586;1;9.368126;1;9.455622;1;0.4781399930648706;1.23146653175354
02431320;_derivationally_related_form;07331400;02431320;_derivationally_related_form;01201429;8.860586;1;9.368126;1;9.455148;2;1.478258261827677;1.228790044784546
01336587;_derivationally_related_form;10667187;10667187;_derivationally_related_form;01336587;10.14356;1;10.9585;1;9.338637;1;0.8347761737929328;4.637667655944824
01336587;_derivationally_related_form;10667187;00439588;_also_see;01336587;10.14356;1;10.9585;1;11.36035;1;0.4008679996047454;1.105886459350586
01336587;_derivationally_related_form;10667187;01336587;_also_see;00439588;10.14356;1;10.9585;1;11.371688;1;0.39814795010914417;1.106006383895874
01336587;_derivationally_related_form;10667187;05645597;_derivationally_related_form;01336587;10.14356;1;10.9585;1;10.8067;1;0.5378773319753423;1.2304449081420898
00318816;_derivationally_related_form;03281935;03281935;_derivationally_related_form;00318816;10.588356;1;11.168287;1;10.046102;1;0.7543939175648811;4.407636880874634
00318816;_derivationally_related_form;03281935;00318816;_derivationally_related_form;00366521;10.588356;1;11.168287;1;11.386503;2;1.4456614687129314;1.2528955936431885
00318816;_derivationally_related_form;03281935;00366521;_derivationally_related_form;00318816;10.588356;1;11.168287;1;11.386771;1;0.4455952653220799;1.2526025772094727
00318816;_derivationally_related_form;03281935;00318816;_hypernym;00317700;10.588356;1;11.168287;1;11.26802;1;0.4750875462477598;1.253225564956665
05921868;_derivationally_related_form;00692718;00692718;_derivationally_related_form;05921868;10.551328;1;11.451977;1;9.183664;1;0.9062184673392204;4.452353239059448
05921868;_derivationally_related_form;00692718;05921868;_synset_domain_topic_of;06162653;10.551328;1;11.451977;1;11.472305;1;0.49491804457599553;1.0988106727600098
05921868;_derivationally_related_form;00692718;05921868;_hypernym;05921123;10.551328;1;11.451977;1;11.777314;1;0.4193755337193426;1.0982999801635742
05249636;_derivationally_related_form;02358034;02358034;_derivationally_related_form;05249636;9.904293;1;10.54713;1;10.025607;1;0.6275037138969763;4.322604656219482
05249636;_derivationally_related_form;02358034;05246215;_hypernym;05249636;9.904293;1;10.54713;1;10.596541;1;0.48764956929945125;1.0727002620697021
05249636;_derivationally_related_form;02358034;05249636;_derivationally_related_form;02744651;9.904293;1;10.54713;1;10.588106;2;1.4897573020602757;1.07236909866333
05249636;_derivationally_related_form;02358034;05301908;_hypernym;05249636;9.904293;1;10.54713;1;10.578045;1;0.4922718004324932;1.072646141052246
05249636;_derivationally_related_form;02358034;01463115;_hypernym;05249636;9.904293;1;10.54713;1;10.558964;1;0.49704149837928246;1.073277235031128
05249636;_derivationally_related_form;02358034;05512670;_hypernym;05249636;9.904293;1;10.54713;1;10.600513;1;0.4866572117736614;1.072758674621582
05249636;_derivationally_related_form;02358034;05545212;_hypernym;05249636;9.904293;1;10.54713;1;10.555942;1;0.4977970265842441;1.1276121139526367
05249636;_derivationally_related_form;02358034;05610008;_hypernym;05249636;9.904293;1;10.54713;1;10.547852;1;0.49981951714345885;1.2228646278381348
05249636;_derivationally_related_form;02358034;05538016;_hypernym;05249636;9.904293;1;10.54713;1;10.541683;1;0.5013616051394032;1.2210464477539062
05249636;_derivationally_related_form;02358034;05325378;_hypernym;05249636;9.904293;1;10.54713;1;10.577767;1;0.49234116381247706;1.2229366302490234
06721949;_derivationally_related_form;00941990;00941990;_derivationally_related_form;06721949;9.145824;1;10.257263;1;7.6122537;2;1.9337027378124074;4.867702960968018
06721949;_derivationally_related_form;00941990;01040707;_derivationally_related_form;06721949;9.145824;1;10.257263;1;10.262331;1;0.49873304638223515;1.252556562423706
06721949;_derivationally_related_form;00941990;00816143;_derivationally_related_form;06721949;9.145824;1;10.257263;1;10.68367;1;0.39498466574148083;1.2526164054870605
06721949;_derivationally_related_form;00941990;06721949;_hypernym;07199922;9.145824;1;10.257263;1;10.588585;1;0.417919064015532;1.252091646194458
06721949;_derivationally_related_form;00941990;06721949;_derivationally_related_form;00816143;9.145824;1;10.257263;1;10.684415;2;1.3948066887955215;1.2536511421203613
02915055;_derivationally_related_form;05407119;05407119;_derivationally_related_form;02915055;10.062758;1;10.158312;1;5.779934;3;2.9876097519283675;4.656800746917725
02915055;_derivationally_related_form;05407119;02915055;_derivationally_related_form;05329735;10.062758;1;10.158312;1;10.796706;2;1.3456095875968428;1.247818946838379
02915055;_derivationally_related_form;05407119;05329735;_derivationally_related_form;02915055;10.062758;1;10.158312;1;10.794671;1;0.3460700069187764;1.2480108737945557
00152018;_derivationally_related_form;00652346;00652346;_derivationally_related_form;00152018;9.217103;1;10.178318;1;9.331423;1;0.6999154382682571;4.3652403354644775
00152018;_derivationally_related_form;00652346;00152018;_derivationally_related_form;01026095;9.217103;1;10.178318;1;10.114349;2;1.5159867135285587;1.0912647247314453
00152018;_derivationally_related_form;00652346;01026095;_derivationally_related_form;00152018;9.217103;1;10.178318;1;10.1143;1;0.5159990986106137;1.2158701419830322
00152018;_derivationally_related_form;00652346;00152018;_derivationally_related_form;01030132;9.217103;1;10.178318;1;10.301295;2;1.469294373859151;1.2132532596588135
00152018;_derivationally_related_form;00652346;01030132;_derivationally_related_form;00152018;9.217103;1;10.178318;1;10.30113;1;0.46933546492707906;1.2145521640777588
00152018;_derivationally_related_form;00652346;00714531;_derivationally_related_form;00152018;9.217103;1;10.178318;1;10.301663;1;0.4692026923999364;1.2164621353149414
00152018;_derivationally_related_form;00652346;00152727;_hypernym;00152018;9.217103;1;10.178318;1;10.230707;1;0.48690570854589443;1.2191541194915771
00152018;_derivationally_related_form;00652346;00152018;_hypernym;00151497;9.217103;1;10.178318;1;10.205007;1;0.4933282520719014;1.2154603004455566
00152018;_derivationally_related_form;00652346;00152018;_derivationally_related_form;00714531;9.217103;1;10.178318;1;10.300748;2;1.469430712295121;1.2147316932678223
04590746;_derivationally_related_form;01392237;01392237;_derivationally_related_form;04590746;9.696783;1;10.593941;1;4.721187;13;12.997192791697284;4.727529764175415
04590746;_derivationally_related_form;01392237;04590746;_hypernym;03736970;9.696783;1;10.593941;1;11.314748;1;0.32721528416897505;1.2462291717529297
04590746;_derivationally_related_form;01392237;03791235;_has_part;04590746;9.696783;1;10.593941;1;11.210731;1;0.35051190886723177;1.2480053901672363
10502950;_derivationally_related_form;01155044;01155044;_derivationally_related_form;10502950;10.4260235;1;11.288791;1;9.735391;1;0.825404260823761;4.669984340667725
10502950;_derivationally_related_form;01155044;10502950;_hypernym;09853645;10.4260235;1;11.288791;1;11.42006;1;0.46722968002969706;1.2475290298461914
10502950;_derivationally_related_form;01155044;10502950;_derivationally_related_form;06203758;10.4260235;1;11.288791;1;11.552488;1;0.4344549684902636;1.2477483749389648
10771270;_derivationally_related_form;01041415;01041415;_derivationally_related_form;10771270;9.739786;1;10.810617;1;9.131239;1;0.8428222179921929;4.844348192214966
10771270;_derivationally_related_form;01041415;10771270;_hypernym;09610660;9.739786;1;10.810617;1;11.121652;1;0.4228623218440029;1.2536602020263672
10771270;_derivationally_related_form;01041415;10771270;_derivationally_related_form;01446901;9.739786;1;10.810617;1;11.074602;2;1.43438443906129;1.2535808086395264
10771270;_derivationally_related_form;01041415;01446901;_derivationally_related_form;10771270;9.739786;1;10.810617;1;11.073215;1;0.43472539492356144;1.2517330646514893
02409941;_derivationally_related_form;06520944;06520944;_derivationally_related_form;02409941;9.796283;1;10.618327;1;7.175298;2;1.9690225669375065;4.594717979431152
02409941;_derivationally_related_form;06520944;02409941;_derivationally_related_form;10597234;9.796283;1;10.618327;1;11.019285;1;0.4010821771640015;1.2546656131744385
02409941;_derivationally_related_form;06520944;10597234;_derivationally_related_form;02409941;9.796283;1;10.618327;1;11.018467;1;0.40127874981939815;1.252629280090332
02409941;_derivationally_related_form;06520944;02409941;_hypernym;02409412;9.796283;1;10.618327;1;10.855477;1;0.44098876010675303;1.2531604766845703
10014939;_derivationally_related_form;02443049;02443049;_derivationally_related_form;10014939;9.196761;1;10.349268;1;9.093129;1;0.7783607079146316;4.647248029708862
10014939;_derivationally_related_form;02443049;00594836;_derivationally_related_form;10014939;9.196761;1;10.349268;1;10.41064;1;0.484661863132347;1.2129909992218018
10014939;_derivationally_related_form;02443049;10014939;_derivationally_related_form;00594836;9.196761;1;10.349268;1;10.410433;2;1.4847135514417902;1.212069034576416
10014939;_derivationally_related_form;02443049;10014939;_hypernym;09770949;9.196761;1;10.349268;1;10.195569;1;0.538349265138738;1.213881015777588
10014939;_derivationally_related_form;02443049;02439501;_derivationally_related_form;10014939;9.196761;1;10.349268;1;10.510069;1;0.4598861644020952;1.2128970623016357
10014939;_derivationally_related_form;02443049;10014939;_derivationally_related_form;02439501;9.196761;1;10.349268;1;10.50988;2;1.4599330677897981;1.211116075515747
10014939;_derivationally_related_form;02443049;10014939;_derivationally_related_form;00591858;9.196761;1;10.349268;1;10.576504;2;1.4434342452103728;1.2142534255981445
10014939;_derivationally_related_form;02443049;00591858;_derivationally_related_form;10014939;9.196761;1;10.349268;1;10.576601;1;0.4434102378960394;1.2135603427886963
05697363;_derivationally_related_form;00336831;00336831;_derivationally_related_form;05697363;10.690637;1;11.6621685;1;10.822497;1;0.698395948701374;4.774489879608154
05697363;_derivationally_related_form;00336831;05697363;_hypernym;05697135;10.690637;1;11.6621685;1;11.664853;1;0.4993288521029115;1.254408359527588
05697363;_derivationally_related_form;00336831;05697363;_derivationally_related_form;00338817;10.690637;1;11.6621685;1;11.770884;1;0.47284797279242374;1.2536211013793945
05697363;_derivationally_related_form;00336831;00338817;_derivationally_related_form;05697363;10.690637;1;11.6621685;1;11.769791;1;0.473120402811822;1.254194736480713
00305846;_derivationally_related_form;07116304;07116304;_derivationally_related_form;00305846;10.713734;1;11.315595;1;5.242612;5;4.997701007802385;4.604336738586426
00305846;_derivationally_related_form;07116304;00305846;_hypernym;01989053;10.713734;1;11.315595;1;12.091297;1;0.31524683901777706;1.2421257495880127
14042423;_derivationally_related_form;01569181;01569181;_derivationally_related_form;14042423;9.719996;1;10.753631;1;10.103583;1;0.6570211220473834;4.667173147201538
14042423;_derivationally_related_form;01569181;14042423;_derivationally_related_form;00359511;9.719996;1;10.753631;1;10.682569;2;1.5177580497186383;1.128584384918213
14042423;_derivationally_related_form;01569181;00359511;_derivationally_related_form;14042423;9.719996;1;10.753631;1;10.68329;1;0.5175780303349583;1.2123563289642334
14042423;_derivationally_related_form;01569181;01476180;_derivationally_related_form;14042423;9.719996;1;10.753631;1;10.846886;1;0.4767031202447657;1.2098774909973145
14042423;_derivationally_related_form;01569181;14042423;_has_part;14041256;9.719996;1;10.753631;1;10.804788;1;0.487213539013175;1.2110188007354736
14042423;_derivationally_related_form;01569181;14042423;_derivationally_related_form;01476180;9.719996;1;10.753631;1;10.847555;1;0.4765361163695141;1.2121624946594238
14042423;_derivationally_related_form;01569181;14042423;_hypernym;14034177;9.719996;1;10.753631;1;11.130545;1;0.406871411955877;1.2108416557312012
01800422;_derivationally_related_form;00271263;00271263;_derivationally_related_form;01800422;9.193927;1;10.044136;1;8.585877;1;0.8112661921106942;4.628850936889648
01800422;_derivationally_related_form;00271263;14440623;_derivationally_related_form;01800422;9.193927;1;10.044136;1;10.074461;1;0.49241934694463535;1.213388442993164
01800422;_derivationally_related_form;00271263;01800422;_derivationally_related_form;14440623;9.193927;1;10.044136;1;10.075065;2;1.4922684633701457;1.2119946479797363
01800422;_derivationally_related_form;00271263;01800422;_hypernym;01799794;9.193927;1;10.044136;1;10.183213;1;0.46528663881862825;1.2138278484344482
01800422;_derivationally_related_form;00271263;01493741;_also_see;01800422;9.193927;1;10.044136;1;10.116114;1;0.4820133608878116;1.2126209735870361
01800422;_derivationally_related_form;00271263;06716796;_derivationally_related_form;01800422;9.193927;1;10.044136;1;10.296026;1;0.43735831558872273;1.2113604545593262
01800422;_derivationally_related_form;00271263;01801297;_hypernym;01800422;9.193927;1;10.044136;1;10.184757;1;0.46490252034850754;1.2128572463989258
01800422;_derivationally_related_form;00271263;01800422;_derivationally_related_form;06716796;9.193927;1;10.044136;1;10.297413;2;1.4370171258238065;1.214174747467041
07363346;_derivationally_related_form;01970826;01970826;_derivationally_related_form;07363346;10.6544075;1;11.7346945;1;10.604694;1;0.7558389202144625;4.677872896194458
07363346;_derivationally_related_form;01970826;07363883;_hypernym;07363346;10.6544075;1;11.7346945;1;11.598024;1;0.5341144434988856;1.2518718242645264
07363346;_derivationally_related_form;01970826;07362386;_hypernym;07363346;10.6544075;1;11.7346945;1;11.815721;1;0.47975455579562243;1.2523751258850098
07363346;_derivationally_related_form;01970826;07363346;_hypernym;07311115;10.6544075;1;11.7346945;1;11.541632;1;0.5481163340365369;1.2532246112823486
07363346;_derivationally_related_form;01970826;07404944;_hypernym;07363346;10.6544075;1;11.7346945;1;11.958238;1;0.444345776068369;1.2535431385040283
07154330;_derivationally_related_form;02937108;02937108;_derivationally_related_form;07154330;9.633423;1;10.77555;1;9.929288;1;0.699782419672001;4.194380283355713
07154330;_derivationally_related_form;02937108;00980453;_derivationally_related_form;07154330;9.633423;1;10.77555;1;10.76849;1;0.5017650054098038;1.0659143924713135
07154330;_derivationally_related_form;02937108;07154330;_derivationally_related_form;00980453;9.633423;1;10.77555;1;10.769661;1;0.5014722304712574;1.064924716949463
07154330;_derivationally_related_form;02937108;07154330;_derivationally_related_form;03004358;9.633423;1;10.77555;1;10.914517;2;1.4653139249017468;1.0657918453216553
07154330;_derivationally_related_form;02937108;03004358;_derivationally_related_form;07154330;9.633423;1;10.77555;1;10.914142;1;0.4654074109682573;1.0649867057800293
07154330;_derivationally_related_form;02937108;07154330;_hypernym;07151380;9.633423;1;10.77555;1;10.911938;1;0.46595580055155134;1.0648291110992432
07154330;_derivationally_related_form;02937108;07154666;_hypernym;07154330;9.633423;1;10.77555;1;10.851965;1;0.48090552507786266;1.0644376277923584
12163824;_has_part;07755411;12164363;_hypernym;12163824;7.5046177;1;7.786876;1;6.1071076;4;3.8428738825184556;4.728752374649048
12163824;_has_part;07755411;12163824;_hypernym;12157769;7.5046177;1;7.786876;1;8.363277;1;0.3597610894569146;1.2440986633300781
12163824;_has_part;07755411;12164065;_hypernym;12163824;7.5046177;1;7.786876;1;8.186683;1;0.40135883135415723;1.2467010021209717
02394822;_hypernym;01862557;02394068;_member_meronym;02394822;6.7209487;1;7.0296946;2;5.9164953;3;1.7527250663334;4.348220586776733
02394822;_hypernym;01862557;02394822;_member_meronym;02395244;6.7209487;1;7.0296946;2;6.876442;2;0.5382383397340501;1.1053032875061035
02394822;_hypernym;01862557;02394822;_member_meronym;02396667;6.7209487;1;7.0296946;2;6.8061395;2;0.5556571672381194;1.1134004592895508
02394822;_hypernym;01862557;02394822;_member_meronym;02395003;6.7209487;1;7.0296946;2;7.825381;1;-0.689050971710135;1.2477161884307861
11852255;_hypernym;11573660;11841529;_member_meronym;11852255;7.2524467;1;8.554209;1;4.6500115;4;3.980241151848851;4.729295492172241
11852255;_hypernym;11573660;11852255;_member_meronym;11852531;7.2524467;1;8.554209;1;10.402733;1;0.1360462784672941;1.2438790798187256
13727333;_hypernym;13609507;13727478;_has_part;13727333;5.110443;1;5.4718814;3;-0.00068077707;31521;31518.995817114548;3.3724780082702637
02446352;_hypernym;02445715;02446014;_member_meronym;02446352;8.216073;1;10.355758;1;5.9581114e-05;17430;17429.99996819002;3.372681140899658
12299988;_hypernym;11562747;12289744;_member_meronym;12299988;7.250697;1;7.8454995;1;7.1533513;1;0.6664446359532155;4.20160174369812
12299988;_hypernym;11562747;12299988;_member_meronym;12309850;7.250697;1;7.8454995;1;7.840484;1;0.5012538406792404;1.1890649795532227
12299988;_hypernym;11562747;12299988;_member_meronym;12300625;7.250697;1;7.8454995;1;7.896435;1;0.4872689352383302;1.2178287506103516
12299988;_hypernym;11562747;12299988;_member_meronym;12309403;7.250697;1;7.8454995;1;7.832717;1;0.5031955999132345;1.2188479900360107
12299988;_hypernym;11562747;12299988;_member_meronym;12307611;7.250697;1;7.8454995;1;7.8744206;1;0.49277022209770244;1.217463493347168
12299988;_hypernym;11562747;12299988;_member_meronym;12301917;7.250697;1;7.8454995;1;7.845429;1;0.5000176429748462;1.2183725833892822
12299988;_hypernym;11562747;12299988;_member_meronym;12306519;7.250697;1;7.8454995;1;7.867137;1;0.4945908511038099;1.2191762924194336
12299988;_hypernym;11562747;12299988;_member_meronym;12303349;7.250697;1;7.8454995;1;7.878381;1;0.4917804255751777;1.2191991806030273
12299988;_hypernym;11562747;12299988;_member_meronym;12302418;7.250697;1;7.8454995;1;7.843908;1;0.500397920524511;1.2175979614257812
12299988;_hypernym;11562747;12299988;_member_meronym;12302974;7.250697;1;7.8454995;1;8.2067;1;0.4106689149395343;1.2223896980285645
01639714;_hypernym;01631534;05633385;_derivationally_related_form;01639714;7.649218;1;8.77927;1;8.449975;1;0.5815878681431138;4.680197477340698
01639714;_hypernym;01631534;01639714;_derivationally_related_form;05633385;7.649218;1;8.77927;1;8.450108;1;0.5815556100129172;1.2226905822753906
01639714;_hypernym;01631534;10438172;_derivationally_related_form;01639714;7.649218;1;8.77927;1;8.618236;1;0.5401718716343952;1.223853588104248
01639714;_hypernym;01631534;01639714;_derivationally_related_form;10438172;7.649218;1;8.77927;1;8.619666;1;0.5398165319360371;1.2215912342071533
01639714;_hypernym;01631534;00928077;_derivationally_related_form;01639714;7.649218;1;8.77927;1;8.807601;1;0.49291777296754324;1.2199063301086426
01639714;_hypernym;01631534;09805475;_derivationally_related_form;01639714;7.649218;1;8.77927;1;8.905567;1;0.46846765378493993;1.2171566486358643
01639714;_hypernym;01631534;00711550;_hypernym;01639714;7.649218;1;8.77927;1;8.84102;1;0.4845675387690541;1.2201621532440186
01639714;_hypernym;01631534;01683582;_hypernym;01639714;7.649218;1;8.77927;1;8.801274;1;0.494499190071857;1.219733476638794
01639714;_hypernym;01631534;01639714;_derivationally_related_form;00928077;7.649218;1;8.77927;1;8.808092;1;0.492795012463466;1.2197380065917969
01639714;_hypernym;01631534;01639714;_derivationally_related_form;09805475;7.649218;1;8.77927;1;8.906269;1;0.46829287948174364;1.221247911453247
00389638;_hypernym;00224901;07331210;_derivationally_related_form;00389638;6.2016172;1;6.89096;2;6.1864142;5;3.669194901525051;4.72579026222229
00389638;_hypernym;00224901;00389638;_derivationally_related_form;07331210;6.2016172;1;6.89096;2;6.1877503;5;3.668899058616606;1.2585697174072266
00389638;_hypernym;00224901;00389406;_hypernym;00389638;6.2016172;1;6.89096;2;7.179244;1;-0.5715759330417416;1.25667405128479
00389638;_hypernym;00224901;14547643;_derivationally_related_form;00389638;6.2016172;1;6.89096;2;7.369204;1;-0.617333094618367;1.2609529495239258
00389638;_hypernym;00224901;00389638;_derivationally_related_form;14547643;6.2016172;1;6.89096;2;7.372266;1;-0.618056125579507;1.2566587924957275
00810729;_hypernym;00811375;00810729;_derivationally_related_form;00740712;7.587435;1;9.406446;1;9.405126;1;0.5003302096840482;4.747715473175049
00810729;_hypernym;00811375;00740712;_derivationally_related_form;00810729;7.587435;1;9.406446;1;9.40713;1;0.49982905388544485;1.2479217052459717
00396703;_hypernym;00394813;00396703;_derivationally_related_form;00380083;7.169338;1;8.271654;1;7.9799047;1;0.5724243799122147;4.932893514633179
00396703;_hypernym;00394813;00380083;_derivationally_related_form;00396703;7.169338;1;8.271654;1;7.9795437;1;0.5725127256636291;1.2613003253936768
00396703;_hypernym;00394813;00396703;_synset_domain_topic_of;06084469;7.169338;1;8.271654;1;7.547478;4;3.6735259216519145;1.2592308521270752
00396703;_hypernym;00394813;02681084;_derivationally_related_form;00396703;7.169338;1;8.271654;1;8.49679;1;0.4439525849949907;1.2572708129882812
00396703;_hypernym;00394813;00396703;_derivationally_related_form;02681084;7.169338;1;8.271654;1;8.497715;1;0.44372423674441197;1.2572910785675049
01748560;_hypernym;01657723;01744657;_member_meronym;01748560;6.9651947;1;7.909497;1;4.3787293;18;17.971550632052697;4.617525100708008
01748560;_hypernym;01657723;01748560;_member_meronym;01748906;6.9651947;1;7.909497;1;9.760422;1;0.13576433166110347;1.2477951049804688
03328650;_hypernym;02707683;03328650;_hypernym;03850746;8.024303;1;9.388352;2;0.0003507631;14451;14449.999916284396;3.5039565563201904
13999663;_hypernym;13998576;13999663;_derivationally_related_form;01301410;6.3237395;1;7.2105217;2;6.9703064;2;0.5597667062583882;4.726592302322388
13999663;_hypernym;13998576;01301410;_derivationally_related_form;13999663;6.3237395;1;7.2105217;2;6.970753;2;0.5596566001989306;1.2591352462768555
13999663;_hypernym;13998576;13999663;_derivationally_related_form;02495038;6.3237395;1;7.2105217;2;7.3208113;1;-0.5275444786380694;1.2592761516571045
13999663;_hypernym;13998576;02495038;_derivationally_related_form;13999663;6.3237395;1;7.2105217;2;7.3144875;1;-0.5259680535693675;1.257894515991211
12339319;_hypernym;11567411;12329899;_member_meronym;12339319;6.210541;1;7.069333;2;3.2989612;35;33.97747555046309;4.7317421436309814
12339319;_hypernym;11567411;12339319;_member_meronym;12339526;6.210541;1;7.069333;2;9.204658;1;-0.8942894201723994;1.249666690826416
01276436;_instance_hypernym;00956485;01302086;_has_part;01276436;7.4756193;1;8.454365;1;6.1139426;1;0.9121699122882655;4.732670783996582
01276436;_instance_hypernym;00956485;09137869;_member_of_domain_region;01276436;7.4756193;1;8.454365;1;8.677046;1;0.44455864633531395;1.248840570449829
06436443;_instance_hypernym;06394865;06449735;_has_part;06436443;9.252245;1;11.505175;1;10.887686;1;0.6496472140137317;4.906548261642456
06436443;_instance_hypernym;06394865;06453324;_has_part;06436443;9.252245;1;11.505175;1;11.168883;1;0.5832893582208319;1.2493972778320312
08921850;_instance_hypernym;08700255;09207288;_has_part;08921850;5.4573035;1;5.9251156;385;5.41677;385;0.6244185654058008;4.582582950592041
08921850;_instance_hypernym;08700255;08921850;_member_of_domain_region;00710338;5.4573035;1;5.9251156;385;5.854727;385;0.5175899365202761;1.3094522953033447
08921850;_instance_hypernym;08700255;08921850;_member_of_domain_region;08626947;5.4573035;1;5.9251156;385;5.8898897;385;0.5088055565352161;1.3116602897644043
08921850;_instance_hypernym;08700255;08921850;_has_part;08925830;5.4573035;1;5.9251156;385;5.950953;385;0.4935410039622876;1.3112921714782715
08921850;_instance_hypernym;08700255;08921850;_has_part;08926381;5.4573035;1;5.9251156;385;5.941188;385;0.49598201817910376;1.3148272037506104
08921850;_instance_hypernym;08700255;08921850;_has_part;08924023;5.4573035;1;5.9251156;385;5.912267;385;0.5032120501197511;1.3155672550201416
08921850;_instance_hypernym;08700255;08921850;_has_part;08923884;5.4573035;1;5.9251156;385;5.939498;385;0.4964044713869834;1.3116250038146973
08921850;_instance_hypernym;08700255;08921850;_has_part;08925093;5.4573035;1;5.9251156;385;5.930789;385;0.49858165167735424;1.3104119300842285
08921850;_instance_hypernym;08700255;08921850;_has_part;08925700;5.4573035;1;5.9251156;385;5.951823;385;0.49332348454992947;1.3114778995513916
08921850;_instance_hypernym;08700255;08921850;_has_part;08926231;5.4573035;1;5.9251156;385;5.9406595;385;0.4961140938196861;1.3141400814056396
08972521;_member_of_domain_region;10525878;08049989;_member_meronym;08972521;5.656952;1;6.7754416;1;6.417409;1;0.5885641237461633;4.861459016799927
08972521;_member_of_domain_region;10525878;08972521;_instance_hypernym;08544813;5.656952;1;6.7754416;1;7.0605025;1;0.4292134724654044;1.257901668548584
08972521;_member_of_domain_region;10525878;08857682;_member_meronym;08972521;5.656952;1;6.7754416;1;6.3014493;1;0.616328255213673;1.2597901821136475
08972521;_member_of_domain_region;10525878;08972521;_member_meronym;09724533;5.656952;1;6.7754416;1;6.8025703;1;0.49321824181320256;1.2587192058563232
08972521;_member_of_domain_region;10525878;08971914;_has_part;08972521;5.656952;1;6.7754416;1;7.018828;1;0.43945202756707924;1.2580654621124268
01958868;_synset_domain_topic_of;00299217;01958868;_hypernym;01958615;8.438442;1;10.095501;1;10.46825;1;0.40787685426969356;5.1911561489105225
01958868;_synset_domain_topic_of;00299217;01958868;_synset_domain_topic_of;00450335;8.438442;1;10.095501;1;8.001858;2;1.8902837933610785;1.3131294250488281
01733213;_synset_domain_topic_of;00543233;01733213;_verb_group;01732921;6.4087124;1;6.7475996;1;6.909424;1;0.4596319983222513;4.608288526535034
01733213;_synset_domain_topic_of;00543233;01732921;_verb_group;01733213;6.4087124;1;6.7475996;1;6.918677;1;0.4573346950557427;1.254094123840332
01733213;_synset_domain_topic_of;00543233;01133760;_derivationally_related_form;01733213;6.4087124;1;6.7475996;1;6.562551;1;0.5461305827350917;1.1988701820373535
01733213;_synset_domain_topic_of;00543233;09952539;_derivationally_related_form;01733213;6.4087124;1;6.7475996;1;6.658941;1;0.5221501952282339;1.3197245597839355
01733213;_synset_domain_topic_of;00543233;01733213;_derivationally_related_form;09952539;6.4087124;1;6.7475996;1;6.6614056;1;0.5215351784385198;1.3198299407958984
09843956;_synset_domain_topic_of;00471613;09843956;_derivationally_related_form;01413173;7.664176;1;7.3699536;3;7.2214494;3;0.5370579844204968;4.605236053466797
09843956;_synset_domain_topic_of;00471613;09843956;_hypernym;09835506;7.664176;1;7.3699536;3;6.9881907;3;0.5942982421453176;1.1103706359863281
09843956;_synset_domain_topic_of;00471613;10434160;_hypernym;09843956;7.664176;1;7.3699536;3;7.104206;3;0.5660486376246826;1.1107258796691895
09843956;_synset_domain_topic_of;00471613;01413173;_derivationally_related_form;09843956;7.664176;1;7.3699536;3;7.2239323;3;0.5364406149021635;1.1339311599731445
09843956;_synset_domain_topic_of;00471613;09880338;_hypernym;09843956;7.664176;1;7.3699536;3;7.496681;3;0.46836043737867145;1.1958589553833008
09843956;_synset_domain_topic_of;00471613;01415585;_derivationally_related_form;09843956;7.664176;1;7.3699536;3;7.6439443;3;0.4319276644520725;1.2839555740356445
09843956;_synset_domain_topic_of;00471613;09843956;_derivationally_related_form;01415585;7.664176;1;7.3699536;3;7.6417913;3;0.43245599532755713;1.2831001281738281
00740342;_synset_domain_topic_of;08441203;00740342;_hypernym;00739270;4.8365083;1;4.1915817;3;-0.00027104683;27371;27368.98510690623;3.5257821083068848
03421768;_synset_domain_topic_of;08199025;03421768;_hypernym;02866578;4.2170563;1;2.616275;18;0.00092272466;7879;7861.931843121568;3.318385124206543
01190561;_synset_domain_topic_of;08441203;01190561;_hypernym;01187810;7.734917;1;9.128406;1;-0.00070044183;31660;31659.999891549207;3.306976795196533
00912048;_verb_group;00975584;00975584;_verb_group;00912048;10.157522;1;10.703899;1;9.980647;1;0.6733227924734232;4.226795196533203
00912048;_verb_group;00975584;00912048;_verb_group;00913065;10.157522;1;10.703899;1;10.866578;2;1.4594197750683329;1.1141254901885986
00912048;_verb_group;00975584;00913065;_also_see;00912048;10.157522;1;10.703899;1;10.549709;1;0.5384713260992011;1.117168664932251
00912048;_verb_group;00975584;00913065;_verb_group;00912048;10.157522;1;10.703899;1;10.876103;1;0.45705506806120694;1.2532670497894287
00912048;_verb_group;00975584;07120524;_derivationally_related_form;00912048;10.157522;1;10.703899;1;10.788036;1;0.4789781589987917;1.2875816822052002
00912048;_verb_group;00975584;07125523;_derivationally_related_form;00912048;10.157522;1;10.703899;1;10.73498;1;0.4922305639247601;1.2838916778564453
00912048;_verb_group;00975584;00912048;_derivationally_related_form;07125523;10.157522;1;10.703899;1;10.735097;1;0.4922012455471145;1.286778211593628
00912048;_verb_group;00975584;00912048;_hypernym;00940384;10.157522;1;10.703899;1;10.823006;1;0.4702585785912255;1.2870051860809326
00912048;_verb_group;00975584;00865776;_hypernym;00912048;10.157522;1;10.703899;1;10.697969;1;0.5014824823806551;1.286898136138916
00912048;_verb_group;00975584;00865664;_hypernym;00912048;10.157522;1;10.703899;1;10.69507;1;0.5022072648667085;1.289177656173706
02245993;_verb_group;02244956;02244956;_verb_group;02245993;10.0915165;1;11.030469;1;10.240034;2;1.6879246909652788;4.466054677963257
02245993;_verb_group;02244956;02245993;_hypernym;02244956;10.0915165;1;11.030469;1;11.113829;1;0.47917212982209667;1.2498316764831543
02245993;_verb_group;02244956;02245993;_derivationally_related_form;08063446;10.0915165;1;11.030469;1;11.088901;1;0.4853962484994654;1.2345635890960693
02245993;_verb_group;02244956;01110274;_derivationally_related_form;02245993;10.0915165;1;11.030469;1;11.112752;1;0.479440843326019;1.2864110469818115
02245993;_verb_group;02244956;02245993;_derivationally_related_form;01110274;10.0915165;1;11.030469;1;11.111946;1;0.4796419697288383;1.2855682373046875
02245993;_verb_group;02244956;08063446;_derivationally_related_form;02245993;10.0915165;1;11.030469;1;11.088562;1;0.4854808153090075;1.2871530055999756
02245993;_verb_group;02244956;02245993;_synset_domain_topic_of;01090446;10.0915165;1;11.030469;1;10.97622;1;0.5135588773773143;1.2852437496185303
02245993;_verb_group;02244956;02245993;_derivationally_related_form;10721470;10.0915165;1;11.030469;1;11.080489;1;0.48749755220091956;1.2869102954864502
02245993;_verb_group;02244956;10721470;_derivationally_related_form;02245993;10.0915165;1;11.030469;1;11.080118;1;0.4875902394688032;1.2869808673858643
02326355;_verb_group;01315333;01315333;_verb_group;02326355;10.544222;1;11.11176;1;10.623614;1;0.6196695396916946;4.613919973373413
02326355;_verb_group;01315333;02326355;_hypernym;01315613;10.544222;1;11.11176;1;10.825351;1;0.5711168628730059;1.2867746353149414
02326355;_verb_group;01315333;02326355;_derivationally_related_form;09877587;10.544222;1;11.11176;1;10.891924;1;0.554738784926102;1.2894432544708252
02326355;_verb_group;01315333;04202417;_derivationally_related_form;02326355;10.544222;1;11.11176;1;11.198435;1;0.4783448827503836;1.2877655029296875
02326355;_verb_group;01315333;10592397;_derivationally_related_form;02326355;10.544222;1;11.11176;1;11.171963;1;0.4849538944488986;1.2856273651123047
02326355;_verb_group;01315333;02326355;_synset_domain_topic_of;01090446;10.544222;1;11.11176;1;11.25376;1;0.46455948245438683;1.2865543365478516
02326355;_verb_group;01315333;02326795;_hypernym;02326355;10.544222;1;11.11176;1;11.107035;1;0.5011813618611378;1.2865161895751953
02326355;_verb_group;01315333;02326355;_derivationally_related_form;04202417;10.544222;1;11.11176;1;11.198842;1;0.47824326987748905;1.284308671951294
02326355;_verb_group;01315333;02326355;_derivationally_related_form;10592397;10.544222;1;11.11176;1;11.172047;1;0.4849329326394287;1.2869670391082764
02326355;_verb_group;01315333;02326355;_derivationally_related_form;00081836;10.544222;1;11.11176;1;11.2331085;1;0.4697000772322443;1.2885401248931885
00086320;_verb_group;01585523;01585523;_verb_group;00086320;10.765492;1;11.105615;1;9.462143;2;1.8380067812486027;4.612230539321899
00086320;_verb_group;01585523;00086320;_synset_domain_topic_of;00612160;10.765492;1;11.105615;1;11.717718;1;0.35157951919734004;1.2477447986602783
00086320;_verb_group;01585523;00697365;_derivationally_related_form;00086320;10.765492;1;11.105615;1;11.225856;1;0.4699758739083394;1.3210599422454834
00086320;_verb_group;01585523;00086320;_derivationally_related_form;00697365;10.765492;1;11.105615;1;11.22763;1;0.46953403801786;1.3186111450195312
