/m/0qkj7;/people/person/profession;/m/01d_h8;/m/02qr3k8;/film/film/personal_appearances./film/personal_film_appearance/person;/m/0qkj7;5.1665716;1;8.314082;1;8.330767;1;0.4958289637170395;6.235180377960205
/m/0qkj7;/people/person/profession;/m/01d_h8;/m/0qkj7;/people/person/places_lived./people/place_lived/location;/m/0xrzh;5.1665716;1;8.314082;1;9.156101;1;0.3011097126557526;0.8708879947662354
/m/0qkj7;/people/person/profession;/m/01d_h8;/m/0qkj7;/people/person/gender;/m/05zppz;5.1665716;1;8.314082;1;7.6741185;1;0.6547452383623953;0.8619489669799805
/m/0qkj7;/people/person/profession;/m/01d_h8;/m/0qkj7;/people/person/spouse_s./people/marriage/type_of_union;/m/04ztj;5.1665716;1;8.314082;1;7.423341;1;0.7090431371287585;0.960390567779541
/m/0qkj7;/people/person/profession;/m/01d_h8;/m/0gk4g;/people/cause_of_death/people;/m/0qkj7;5.1665716;1;8.314082;1;8.26043;1;0.5134097358983645;0.9824399948120117
/m/0690dn;/sports/sports_team/sport;/m/02vx4;/m/02_j1w;/sports/sports_position/players./sports/sports_team_roster/team;/m/0690dn;9.326143;1;13.640225;1;13.533219;1;0.5267260213687832;7.514420986175537
/m/0690dn;/sports/sports_team/sport;/m/02vx4;/m/0690dn;/soccer/football_team/current_roster./soccer/football_roster_position/position;/m/0dgrmp;9.326143;1;13.640225;1;13.624512;1;0.5039283420959682;1.040649175643921
/m/0690dn;/sports/sports_team/sport;/m/02vx4;/m/0690dn;/sports/sports_team/colors;/m/083jv;9.326143;1;13.640225;1;13.57786;1;0.5155863314406326;1.0356693267822266
/m/0690dn;/sports/sports_team/sport;/m/02vx4;/m/0690dn;/soccer/football_team/current_roster./sports/sports_team_roster/position;/m/0dgrmp;9.326143;1;13.640225;1;13.625536;1;0.5036722953402066;1.0349571704864502
/m/0690dn;/sports/sports_team/sport;/m/02vx4;/m/0690dn;/sports/sports_team/colors;/m/01g5v;9.326143;1;13.640225;1;13.670799;1;0.4923571341170793;1.0356676578521729
/m/0690dn;/sports/sports_team/sport;/m/02vx4;/m/0690dn;/soccer/football_team/current_roster./sports/sports_team_roster/position;/m/02sdk9v;9.326143;1;13.640225;1;13.602631;1;0.509397591977695;1.036717176437378
/m/0690dn;/sports/sports_team/sport;/m/02vx4;/m/02sdk9v;/sports/sports_position/players./sports/sports_team_roster/team;/m/0690dn;9.326143;1;13.640225;1;13.507738;1;0.5330734605271206;1.0411789417266846
/m/0690dn;/sports/sports_team/sport;/m/02vx4;/m/0690dn;/soccer/football_team/current_roster./sports/sports_team_roster/position;/m/02nzb8;9.326143;1;13.640225;1;13.6155;1;0.5061809252061753;1.039233922958374
/m/0690dn;/sports/sports_team/sport;/m/02vx4;/m/0690dn;/soccer/football_team/current_roster./soccer/football_roster_position/position;/m/02nzb8;9.326143;1;13.640225;1;13.621622;1;0.5046506970957708;1.0373120307922363
/m/0690dn;/sports/sports_team/sport;/m/02vx4;/m/0690dn;/soccer/football_team/current_roster./soccer/football_roster_position/position;/m/02sdk9v;9.326143;1;13.640225;1;13.610206;1;0.5075043764715066;1.0371029376983643
/m/023n39;/people/person/places_lived./people/place_lived/location;/m/030qb3t;/m/023n39;/base/popstra/celebrity/dated./base/popstra/dated/participant;/m/01cyjx;5.9249496;1;8.400734;1;8.47777;1;0.48075054278345475;6.506041765213013
/m/023n39;/people/person/places_lived./people/place_lived/location;/m/030qb3t;/m/01cyjx;/base/popstra/celebrity/dated./base/popstra/dated/participant;/m/023n39;5.9249496;1;8.400734;1;8.481639;1;0.47978478538620933;1.0589957237243652
/m/023n39;/people/person/places_lived./people/place_lived/location;/m/030qb3t;/m/023n39;/people/person/place_of_birth;/m/02_286;5.9249496;1;8.400734;1;8.449823;1;0.48773010593128696;1.0621366500854492
/m/023n39;/people/person/places_lived./people/place_lived/location;/m/030qb3t;/m/023n39;/base/schemastaging/person_extra/net_worth./measurement_unit/dated_money_value/currency;/m/09nqf;5.9249496;1;8.400734;1;8.283237;1;0.529340375686703;1.06394624710083
/m/023n39;/people/person/places_lived./people/place_lived/location;/m/030qb3t;/m/023n39;/people/person/places_lived./people/place_lived/location;/m/01mjq;5.9249496;1;8.400734;1;8.653905;1;0.43704317053830005;1.0687990188598633
/m/023n39;/people/person/places_lived./people/place_lived/location;/m/030qb3t;/m/023n39;/film/actor/film./film/performance/film;/m/04jpg2p;5.9249496;1;8.400734;1;8.3474045;1;0.5133292080350936;1.0622024536132812
/m/023n39;/people/person/places_lived./people/place_lived/location;/m/030qb3t;/m/023n39;/film/actor/film./film/performance/film;/m/07nxnw;5.9249496;1;8.400734;1;8.473233;1;0.48188311591704386;1.060798168182373
/m/023n39;/people/person/places_lived./people/place_lived/location;/m/030qb3t;/m/023n39;/film/actor/film./film/performance/film;/m/026hxwx;5.9249496;1;8.400734;1;8.410669;1;0.49751617567477485;1.0627069473266602
/m/023n39;/people/person/places_lived./people/place_lived/location;/m/030qb3t;/m/023n39;/film/actor/film./film/performance/film;/m/0kvgtf;5.9249496;1;8.400734;1;8.456841;1;0.48597679835895413;1.0608983039855957
/m/023n39;/people/person/places_lived./people/place_lived/location;/m/030qb3t;/m/023n39;/people/person/gender;/m/05zppz;5.9249496;1;8.400734;1;8.257079;1;0.5358520712936008;1.0627071857452393
/m/023n39;/people/person/places_lived./people/place_lived/location;/m/030qb3t;/m/065b6q;/people/ethnicity/people;/m/023n39;5.9249496;1;8.400734;1;8.399105;1;0.5004072188430682;1.066077709197998
/m/023n39;/people/person/places_lived./people/place_lived/location;/m/030qb3t;/m/01qhm_;/people/ethnicity/people;/m/023n39;5.9249496;1;8.400734;1;8.312774;1;0.5219758936675486;1.0653557777404785
/m/023n39;/people/person/places_lived./people/place_lived/location;/m/030qb3t;/m/023n39;/people/person/profession;/m/02hrh1q;5.9249496;1;8.400734;1;8.123516;1;0.5688640149174092;1.073615550994873
/m/023n39;/people/person/places_lived./people/place_lived/location;/m/030qb3t;/m/023n39;/film/actor/film./film/performance/film;/m/01kqq7;5.9249496;1;8.400734;1;8.427681;1;0.49326365225270663;1.0735046863555908
/m/023n39;/people/person/places_lived./people/place_lived/location;/m/030qb3t;/m/023n39;/celebrities/celebrity/celebrity_friends./celebrities/friendship/friend;/m/01vvb4m;5.9249496;1;8.400734;1;8.471262;1;0.4823752975329532;1.073472023010254
/m/023n39;/people/person/places_lived./people/place_lived/location;/m/030qb3t;/m/023n39;/people/person/profession;/m/0kyk;5.9249496;1;8.400734;1;8.405586;1;0.49878692864965374;1.0625238418579102
/m/023n39;/people/person/places_lived./people/place_lived/location;/m/030qb3t;/m/023n39;/film/actor/film./film/performance/film;/m/0bt4g;5.9249496;1;8.400734;1;8.423065;1;0.49441742254508525;1.0623621940612793
/m/023n39;/people/person/places_lived./people/place_lived/location;/m/030qb3t;/m/023n39;/film/actor/film./film/performance/film;/m/0170th;5.9249496;1;8.400734;1;8.488827;1;0.4779910302652259;1.060499906539917
/m/023n39;/people/person/places_lived./people/place_lived/location;/m/030qb3t;/m/023n39;/people/person/languages;/m/02h40lc;5.9249496;1;8.400734;1;8.171147;1;0.5571458573391203;1.060730218887329
/m/023n39;/people/person/places_lived./people/place_lived/location;/m/030qb3t;/m/023n39;/people/person/places_lived./people/place_lived/location;/m/02_286;5.9249496;1;8.400734;1;8.406038;2;1.498673918972252;1.0614922046661377
/m/0hv8w;/film/film/release_date_s./film/film_regional_release_date/film_release_region;/m/0d0vqn;/m/0hv8w;/film/film/estimated_budget./measurement_unit/dated_money_value/currency;/m/09nqf;6.0027146;1;8.481523;1;8.485663;1;0.49896478800874383;7.117833137512207
/m/0hv8w;/film/film/release_date_s./film/film_regional_release_date/film_release_region;/m/0d0vqn;/m/0hv8w;/film/film/release_date_s./film/film_regional_release_date/film_release_region;/m/02vzc;6.0027146;1;8.481523;1;8.375575;1;0.5264621254262632;1.142603874206543
/m/0hv8w;/film/film/release_date_s./film/film_regional_release_date/film_release_region;/m/0d0vqn;/m/0hv8w;/film/film/release_date_s./film/film_regional_release_date/film_release_region;/m/05b4w;6.0027146;1;8.481523;1;8.390506;1;0.5227384972773987;1.1460869312286377
/m/0hv8w;/film/film/release_date_s./film/film_regional_release_date/film_release_region;/m/0d0vqn;/m/016tw3;/film/film_distributor/films_distributed./film/film_film_distributor_relationship/film;/m/0hv8w;6.0027146;1;8.481523;1;8.449926;1;0.5078983888626198;1.1439356803894043
/m/0hv8w;/film/film/release_date_s./film/film_regional_release_date/film_release_region;/m/0d0vqn;/m/0hv8w;/film/film/produced_by;/m/02vyw;6.0027146;1;8.481523;1;8.513302;1;0.4920558462594591;1.144892692565918
/m/0hv8w;/film/film/release_date_s./film/film_regional_release_date/film_release_region;/m/0d0vqn;/m/04xvlr;/media_common/netflix_genre/titles;/m/0hv8w;6.0027146;1;8.481523;1;8.478074;1;0.5008621207276657;1.1460936069488525
/m/0hv8w;/film/film/release_date_s./film/film_regional_release_date/film_release_region;/m/0d0vqn;/m/0gq9h;/award/award_category/nominees./award/award_nomination/nominated_for;/m/0hv8w;6.0027146;1;8.481523;1;8.49581;1;0.49642831202015686;1.1508722305297852
/m/0hv8w;/film/film/release_date_s./film/film_regional_release_date/film_release_region;/m/0d0vqn;/m/0gr51;/award/award_category/nominees./award/award_nomination/nominated_for;/m/0hv8w;6.0027146;1;8.481523;1;8.503841;1;0.4944205216004495;1.1427137851715088
/m/0hv8w;/film/film/release_date_s./film/film_regional_release_date/film_release_region;/m/0d0vqn;/m/0hv8w;/film/film/production_companies;/m/02jd_7;6.0027146;1;8.481523;1;8.519722;1;0.49045130490403066;1.1444637775421143
/m/0hv8w;/film/film/release_date_s./film/film_regional_release_date/film_release_region;/m/0d0vqn;/m/0hv8w;/film/film/release_date_s./film/film_regional_release_date/film_release_distribution_medium;/m/07z4p;6.0027146;1;8.481523;1;8.4733;1;0.5020556334071048;1.1456358432769775
/m/0hv8w;/film/film/release_date_s./film/film_regional_release_date/film_release_region;/m/0d0vqn;/m/01520h;/award/award_nominee/award_nominations./award/award_nomination/nominated_for;/m/0hv8w;6.0027146;1;8.481523;1;8.527905;1;0.4884063524347492;1.1441192626953125
/m/0hv8w;/film/film/release_date_s./film/film_regional_release_date/film_release_region;/m/0d0vqn;/m/0343h;/film/director/film;/m/0hv8w;6.0027146;1;8.481523;1;8.519823;1;0.490426041776147;1.1451225280761719
/m/0hv8w;/film/film/release_date_s./film/film_regional_release_date/film_release_region;/m/0d0vqn;/m/0343h;/award/award_nominee/award_nominations./award/award_nomination/nominated_for;/m/0hv8w;6.0027146;1;8.481523;1;8.532681;1;0.4872130624878677;1.1455256938934326
/m/0hv8w;/film/film/release_date_s./film/film_regional_release_date/film_release_region;/m/0d0vqn;/m/0hv8w;/film/film/release_date_s./film/film_regional_release_date/film_release_region;/m/01mjq;6.0027146;1;8.481523;1;8.416305;1;0.5162987163018797;1.1445860862731934
/m/0hv8w;/film/film/release_date_s./film/film_regional_release_date/film_release_region;/m/0d0vqn;/m/0hv8w;/film/film/distributors./film/film_film_distributor_relationship/film_distribution_medium;/m/07z4p;6.0027146;1;8.481523;1;8.541863;1;0.48491935513203366;1.1460156440734863
/m/0hv8w;/film/film/release_date_s./film/film_regional_release_date/film_release_region;/m/0d0vqn;/m/0hv8w;/film/film/release_date_s./film/film_regional_release_date/film_release_region;/m/0k6nt;6.0027146;1;8.481523;1;8.384678;1;0.5241922631947381;1.146127462387085
/m/0hv8w;/film/film/release_date_s./film/film_regional_release_date/film_release_region;/m/0d0vqn;/m/0hv8w;/film/film/written_by;/m/0343h;6.0027146;1;8.481523;1;8.515812;1;0.49142849980768694;1.145003318786621
/m/0hv8w;/film/film/release_date_s./film/film_regional_release_date/film_release_region;/m/0d0vqn;/m/0hv8w;/film/film/release_date_s./film/film_regional_release_date/film_release_region;/m/03_3d;6.0027146;1;8.481523;1;8.405487;1;0.5189997220301197;1.143826961517334
/m/0hv8w;/film/film/release_date_s./film/film_regional_release_date/film_release_region;/m/0d0vqn;/m/0hv8w;/film/film/distributors./film/film_film_distributor_relationship/film_distribution_medium;/m/029j_;6.0027146;1;8.481523;1;8.488717;1;0.4982013779974729;1.143932580947876
/m/0hv8w;/film/film/release_date_s./film/film_regional_release_date/film_release_region;/m/0d0vqn;/m/0hv8w;/film/film/other_crew./film/film_crew_gig/film_crew_role;/m/01pvkk;6.0027146;1;8.481523;1;8.459597;1;0.5054812619625435;1.1437108516693115
/m/03cw411;/film/film/executive_produced_by;/m/06q8hf;/m/03cw411;/film/film/production_companies;/m/061dn_;8.539168;1;11.538494;1;11.381486;1;0.5391716056950033;7.466891765594482
/m/03cw411;/film/film/executive_produced_by;/m/06q8hf;/m/03cw411;/film/film/country;/m/09c7w0;8.539168;1;11.538494;1;11.48595;1;0.5131328886959347;1.3493013381958008
/m/03cw411;/film/film/executive_produced_by;/m/06q8hf;/m/03cw411;/film/film/executive_produced_by;/m/05hj_k;8.539168;1;11.538494;1;11.099275;2;1.608073031506623;1.3476929664611816
/m/03cw411;/film/film/executive_produced_by;/m/06q8hf;/m/03cw411;/film/film/release_date_s./film/film_regional_release_date/film_release_region;/m/09c7w0;8.539168;1;11.538494;1;11.493894;1;0.5111482737347556;1.3538780212402344
/m/03cw411;/film/film/executive_produced_by;/m/06q8hf;/m/061dn_;/award/award_nominee/award_nominations./award/award_nomination/nominated_for;/m/03cw411;8.539168;1;11.538494;1;11.3934;1;0.5362099766313271;1.3531014919281006
/m/03cw411;/film/film/executive_produced_by;/m/06q8hf;/m/061dn_;/film/film_distributor/films_distributed./film/film_film_distributor_relationship/film;/m/03cw411;8.539168;1;11.538494;1;11.417431;1;0.5302288967901849;1.3508317470550537
/m/03cw411;/film/film/executive_produced_by;/m/06q8hf;/m/03cw411;/film/film/release_date_s./film/film_regional_release_date/film_release_region;/m/015qh;8.539168;1;11.538494;1;11.549526;1;0.49724200184927886;1.3528625965118408
/m/03cw411;/film/film/executive_produced_by;/m/06q8hf;/m/099t8j;/award/award_category/nominees./award/award_nomination/nominated_for;/m/03cw411;8.539168;1;11.538494;1;11.533598;1;0.5012240385398444;1.3491368293762207
/m/03cw411;/film/film/executive_produced_by;/m/06q8hf;/m/03cw411;/film/film/release_date_s./film/film_regional_release_date/film_release_region;/m/0k6nt;8.539168;1;11.538494;1;11.553121;1;0.4963434394408189;1.3528902530670166
/m/03cw411;/film/film/executive_produced_by;/m/06q8hf;/m/03cw411;/film/film/release_date_s./film/film_regional_release_date/film_release_region;/m/05r4w;8.539168;1;11.538494;1;11.554415;1;0.49601992430819347;1.3513798713684082
/m/03cw411;/film/film/executive_produced_by;/m/06q8hf;/m/03cw411;/film/film/release_date_s./film/film_regional_release_date/film_release_region;/m/03rt9;8.539168;1;11.538494;1;11.550825;1;0.49691728683363373;1.35097074508667
/m/03cw411;/film/film/executive_produced_by;/m/06q8hf;/m/04xvlr;/media_common/netflix_genre/titles;/m/03cw411;8.539168;1;11.538494;1;11.511322;1;0.5067926042332493;1.3529598712921143
/m/03cw411;/film/film/executive_produced_by;/m/06q8hf;/m/03cw411;/film/film/release_date_s./film/film_regional_release_date/film_release_region;/m/04hqz;8.539168;1;11.538494;1;11.557465;1;0.4952575198504296;1.3512165546417236
/m/03cw411;/film/film/executive_produced_by;/m/06q8hf;/m/01y64_;/film/actor/film./film/performance/film;/m/03cw411;8.539168;1;11.538494;1;11.486218;1;0.5130659390596662;1.3534281253814697
/m/03cw411;/film/film/executive_produced_by;/m/06q8hf;/m/03cw411;/film/film/release_date_s./film/film_regional_release_date/film_release_region;/m/07ssc;8.539168;1;11.538494;1;11.544438;1;0.4985139413721733;1.354668378829956
/m/03cw411;/film/film/executive_produced_by;/m/06q8hf;/m/03cw411;/film/film/language;/m/02h40lc;8.539168;1;11.538494;1;11.497901;1;0.5101468935170785;1.3524212837219238
/m/03cw411;/film/film/executive_produced_by;/m/06q8hf;/m/02hfp_;/award/award_nominee/award_nominations./award/award_nomination/nominated_for;/m/03cw411;8.539168;1;11.538494;1;11.516005;1;0.5056221499702334;1.3535051345825195
/m/03cw411;/film/film/executive_produced_by;/m/06q8hf;/m/03cw411;/film/film/language;/m/04h9h;8.539168;1;11.538494;1;11.573347;1;0.491287636521309;1.3529326915740967
/m/03cw411;/film/film/executive_produced_by;/m/06q8hf;/m/02n9nmz;/award/award_category/nominees./award/award_nomination/nominated_for;/m/03cw411;8.539168;1;11.538494;1;11.538047;1;0.5001118183117345;1.3503448963165283
/m/03cw411;/film/film/executive_produced_by;/m/06q8hf;/m/040njc;/award/award_category/nominees./award/award_nomination/nominated_for;/m/03cw411;8.539168;1;11.538494;1;11.533169;1;0.5013313261994474;1.3541157245635986
/m/0jfx1;/people/person/nationality;/m/09c7w0;/m/0jfx1;/film/actor/film./film/performance/film;/m/02lxrv;7.4341145;1;7.9730997;1;7.9610786;1;0.5030052300001824;7.875028610229492
/m/0jfx1;/people/person/nationality;/m/09c7w0;/m/0jfx1;/film/actor/film./film/performance/film;/m/05nlx4;7.4341145;1;7.9730997;1;7.9869847;1;0.49652880046620806;1.5396044254302979
/m/0jfx1;/people/person/nationality;/m/09c7w0;/m/03qcq;/base/popstra/celebrity/friendship./base/popstra/friendship/participant;/m/0jfx1;7.4341145;1;7.9730997;1;7.974282;1;0.49970448020561475;1.5408763885498047
/m/0jfx1;/people/person/nationality;/m/09c7w0;/m/0jfx1;/celebrities/celebrity/celebrity_friends./celebrities/friendship/friend;/m/01fx2g;7.4341145;1;7.9730997;1;7.9794784;1;0.49840534274051834;1.5391440391540527
/m/0jfx1;/people/person/nationality;/m/09c7w0;/m/01vvb4m;/base/popstra/celebrity/friendship./base/popstra/friendship/participant;/m/0jfx1;7.4341145;1;7.9730997;1;7.9800444;1;0.4982638428846288;1.537651538848877
/m/0jfx1;/people/person/nationality;/m/09c7w0;/m/0jfx1;/award/award_nominee/award_nominations./award/award_nomination/nominated_for;/m/02wwmhc;7.4341145;1;7.9730997;1;7.9841537;1;0.49723651838913746;1.5377848148345947
/m/0jfx1;/people/person/nationality;/m/09c7w0;/m/02wgln;/award/award_nominee/award_nominations./award/award_nomination/award_nominee;/m/0jfx1;7.4341145;1;7.9730997;1;7.978793;1;0.4985766449276243;1.540783166885376
/m/0jfx1;/people/person/nationality;/m/09c7w0;/m/0jfx1;/award/award_nominee/award_nominations./award/award_nomination/nominated_for;/m/01s3vk;7.4341145;1;7.9730997;1;7.974916;1;0.4995459319409262;1.538498878479004
/m/0jfx1;/people/person/nationality;/m/09c7w0;/m/0ds11z;/award/award_winning_work/awards_won./award/award_honor/award_winner;/m/0jfx1;7.4341145;1;7.9730997;1;7.9850454;1;0.4970136043913936;1.5381395816802979
/m/0jfx1;/people/person/nationality;/m/09c7w0;/m/0jfx1;/film/actor/film./film/performance/film;/m/0sxmx;7.4341145;1;7.9730997;1;7.9559584;1;0.5042852306154099;1.5383696556091309
/m/0jfx1;/people/person/nationality;/m/09c7w0;/m/0jfx1;/award/award_nominee/award_nominations./award/award_nomination/nominated_for;/m/09v8clw;7.4341145;1;7.9730997;1;8.007717;1;0.49134650815083336;1.5386531352996826
/m/0jfx1;/people/person/nationality;/m/09c7w0;/m/0jfx1;/award/award_nominee/award_nominations./award/award_nomination/nominated_for;/m/05nlx4;7.4341145;1;7.9730997;1;7.9974847;1;0.49390405820631444;1.5392141342163086
/m/0jfx1;/people/person/nationality;/m/09c7w0;/m/02wwmhc;/award/award_winning_work/awards_won./award/award_honor/award_winner;/m/0jfx1;7.4341145;1;7.9730997;1;7.9829445;1;0.49753882488593043;1.5385322570800781
/m/0jfx1;/people/person/nationality;/m/09c7w0;/m/0jfx1;/award/award_nominee/award_nominations./award/award_nomination/nominated_for;/m/0g3zrd;7.4341145;1;7.9730997;1;7.9795856;1;0.49837852092781104;1.5377779006958008
/m/0jfx1;/people/person/nationality;/m/09c7w0;/m/0jfx1;/award/award_nominee/award_nominations./award/award_nomination/nominated_for;/m/0fg04;7.4341145;1;7.9730997;1;7.987347;1;0.49643820588769866;1.5381243228912354
/m/0jfx1;/people/person/nationality;/m/09c7w0;/m/0jfx1;/award/award_nominee/award_nominations./award/award_nomination/nominated_for;/m/02lxrv;7.4341145;1;7.9730997;1;7.9734592;1;0.49991011619664694;1.5455000400543213
/m/0jfx1;/people/person/nationality;/m/09c7w0;/m/0jfx1;/film/actor/film./film/performance/film;/m/0symg;7.4341145;1;7.9730997;1;7.9601192;1;0.5032450697161551;1.5383000373840332
/m/0jfx1;/people/person/nationality;/m/09c7w0;/m/0bbw2z6;/award/award_winning_work/awards_won./award/award_honor/award_winner;/m/0jfx1;7.4341145;1;7.9730997;1;7.990465;1;0.4956587451879807;1.53798246383667
/m/0jfx1;/people/person/nationality;/m/09c7w0;/m/0jfx1;/award/award_nominee/award_nominations./award/award_nomination/nominated_for;/m/0bbw2z6;7.4341145;1;7.9730997;1;7.9923596;1;0.49518516642132704;1.5379047393798828
/m/0jfx1;/people/person/nationality;/m/09c7w0;/m/0jfx1;/film/actor/film./film/performance/film;/m/09v8clw;7.4341145;1;7.9730997;1;7.9979568;1;0.4937860588937327;1.540956974029541
/m/07c52;/media_common/netflix_genre/titles;/m/030cx;/m/07c52;/media_common/netflix_genre/titles;/m/03d34x8;6.3923583;1;6.95296;1;6.9676185;1;0.49633545284651237;8.008762121200562
/m/07c52;/media_common/netflix_genre/titles;/m/030cx;/m/07c52;/media_common/netflix_genre/titles;/m/02sqkh;6.3923583;1;6.95296;1;6.957166;1;0.49894845640719393;1.758730411529541
/m/07c52;/media_common/netflix_genre/titles;/m/030cx;/m/07c52;/media_common/netflix_genre/titles;/m/01b9w3;6.3923583;1;6.95296;1;6.9421687;2;1.502697799251488;1.7598228454589844
/m/07c52;/media_common/netflix_genre/titles;/m/030cx;/m/0hv27;/film/film/release_date_s./film/film_regional_release_date/film_release_distribution_medium;/m/07c52;6.3923583;1;6.95296;1;6.955761;1;0.4992997650909732;1.7597455978393555
/m/07c52;/media_common/netflix_genre/titles;/m/030cx;/m/07c52;/media_common/netflix_genre/titles;/m/01vnbh;6.3923583;1;6.95296;1;6.9451656;2;1.501948585181911;1.7594356536865234
/m/07c52;/media_common/netflix_genre/titles;/m/030cx;/m/07c52;/media_common/netflix_genre/titles;/m/0hz55;6.3923583;1;6.95296;1;6.961581;2;1.4978447093943017;1.7586514949798584
/m/07c52;/media_common/netflix_genre/titles;/m/030cx;/m/07c52;/media_common/netflix_genre/titles;/m/0jq2r;6.3923583;1;6.95296;1;6.951082;1;0.5004694460443091;1.7588419914245605
/m/07c52;/media_common/netflix_genre/titles;/m/030cx;/m/07c52;/media_common/netflix_genre/titles;/m/0m123;6.3923583;1;6.95296;1;6.965318;1;0.49691049216299127;1.758798360824585
/m/07c52;/media_common/netflix_genre/titles;/m/030cx;/m/07c52;/media_common/netflix_genre/titles;/m/0b005;6.3923583;1;6.95296;1;6.9553614;1;0.4993996623063091;1.7586970329284668
/m/07c52;/media_common/netflix_genre/titles;/m/030cx;/m/07c52;/media_common/netflix_genre/titles;/m/063ykwt;6.3923583;1;6.95296;1;6.951374;1;0.5003964900139393;1.7596666812896729
/m/07c52;/media_common/netflix_genre/titles;/m/030cx;/m/07c52;/media_common/netflix_genre/titles;/m/03y317;6.3923583;1;6.95296;1;6.9507155;1;0.5005611178903556;1.7590763568878174
/m/07c52;/media_common/netflix_genre/titles;/m/030cx;/m/0k5g9;/film/film/release_date_s./film/film_regional_release_date/film_release_distribution_medium;/m/07c52;6.3923583;1;6.95296;1;6.955389;1;0.49939274817759793;1.7600152492523193
/m/07c52;/media_common/netflix_genre/titles;/m/030cx;/m/07c52;/media_common/netflix_genre/titles;/m/08cx5g;6.3923583;1;6.95296;1;6.9668827;1;0.496519383387462;1.7611360549926758
/m/07c52;/media_common/netflix_genre/titles;/m/030cx;/m/0cbn7c;/film/film/release_date_s./film/film_regional_release_date/film_release_distribution_medium;/m/07c52;6.3923583;1;6.95296;1;6.955758;1;0.49930048034530905;1.759213924407959
/m/07c52;/media_common/netflix_genre/titles;/m/030cx;/m/07c52;/media_common/netflix_genre/titles;/m/0330r;6.3923583;1;6.95296;1;6.92863;2;1.5060822347585523;1.7594273090362549
/m/07c52;/media_common/netflix_genre/titles;/m/030cx;/m/07c52;/media_common/netflix_genre/titles;/m/05r1_t;6.3923583;1;6.95296;1;6.961681;1;0.4978197951211011;1.7603144645690918
/m/07c52;/media_common/netflix_genre/titles;/m/030cx;/m/0ckr7s;/film/film/release_date_s./film/film_regional_release_date/film_release_distribution_medium;/m/07c52;6.3923583;1;6.95296;1;6.9548364;1;0.4995309115832445;1.759206771850586
/m/07c52;/media_common/netflix_genre/titles;/m/030cx;/m/07c52;/media_common/netflix_genre/titles;/m/02py9yf;6.3923583;1;6.95296;1;6.9618306;2;1.4977823641281665;1.7585868835449219
/m/07c52;/media_common/netflix_genre/titles;/m/030cx;/m/02h4rq6;/education/educational_degree/people_with_this_degree./education/education/major_field_of_study;/m/07c52;6.3923583;1;6.95296;1;6.9575;1;0.49886501030365377;1.7679319381713867
/m/07c52;/media_common/netflix_genre/titles;/m/030cx;/m/016t_3;/education/educational_degree/people_with_this_degree./education/education/major_field_of_study;/m/07c52;6.3923583;1;6.95296;1;6.9587097;1;0.4985625783465808;1.7591266632080078
/m/06t2t;/organization/organization_member/member_of./organization/organization_membership/organization;/m/02vk52z;/m/02h40lc;/language/human_language/countries_spoken_in;/m/06t2t;8.019491;1;10.392136;2;10.343511;2;0.512153853482995;8.681214570999146
/m/06t2t;/organization/organization_member/member_of./organization/organization_membership/organization;/m/02vk52z;/m/06t2t;/base/aareas/schema/administrative_area/administrative_parent;/m/02j71;8.019491;1;10.392136;2;10.349313;2;0.5107040737505868;1.9180285930633545
/m/06t2t;/organization/organization_member/member_of./organization/organization_membership/organization;/m/02vk52z;/m/060c4;/government/government_office_category/officeholders./government/government_position_held/jurisdiction_of_office;/m/06t2t;8.019491;1;10.392136;2;10.347984;2;0.5110360338498001;1.9181852340698242
/m/06t2t;/organization/organization_member/member_of./organization/organization_membership/organization;/m/02vk52z;/m/09c7w0;/location/statistical_region/places_exported_to./location/imports_and_exports/exported_to;/m/06t2t;8.019491;1;10.392136;2;10.396265;2;0.4989676490194628;1.9171812534332275
/m/06t2t;/organization/organization_member/member_of./organization/organization_membership/organization;/m/02vk52z;/m/05r4w;/location/statistical_region/places_exported_to./location/imports_and_exports/exported_to;/m/06t2t;8.019491;1;10.392136;2;10.376985;2;0.5037876835101223;1.9177603721618652
/m/06t2t;/organization/organization_member/member_of./organization/organization_membership/organization;/m/02vk52z;/m/06t2t;/location/country/official_language;/m/02h40lc;8.019491;1;10.392136;2;10.335243;2;0.5142192636180266;1.9174442291259766
/m/06t2t;/organization/organization_member/member_of./organization/organization_membership/organization;/m/02vk52z;/m/0l3h;/location/statistical_region/places_exported_to./location/imports_and_exports/exported_to;/m/06t2t;8.019491;1;10.392136;2;10.387352;2;0.5011959053122707;1.9179351329803467
/m/06t2t;/organization/organization_member/member_of./organization/organization_membership/organization;/m/02vk52z;/m/06wrt;/olympics/olympic_sport/athletes./olympics/olympic_athlete_affiliation/country;/m/06t2t;8.019491;1;10.392136;2;10.383199;2;0.5022342056346786;1.9169960021972656
/m/06t2t;/organization/organization_member/member_of./organization/organization_membership/organization;/m/02vk52z;/m/07jbh;/olympics/olympic_sport/athletes./olympics/olympic_athlete_affiliation/country;/m/06t2t;8.019491;1;10.392136;2;10.378012;2;0.5035309204595442;1.9190454483032227
/m/06t2t;/organization/organization_member/member_of./organization/organization_membership/organization;/m/02vk52z;/m/06t2t;/base/popstra/location/vacationers./base/popstra/vacation_choice/vacationer;/m/02lnhv;8.019491;1;10.392136;2;10.396208;2;0.4989819540740673;1.9177274703979492
/m/06t2t;/organization/organization_member/member_of./organization/organization_membership/organization;/m/02vk52z;/m/02vr3gz;/film/film/release_date_s./film/film_regional_release_date/film_release_region;/m/06t2t;8.019491;1;10.392136;2;10.39248;2;0.49991393089379443;1.917121171951294
/m/06t2t;/organization/organization_member/member_of./organization/organization_membership/organization;/m/02vk52z;/m/05qbckf;/film/film/release_date_s./film/film_regional_release_date/film_release_region;/m/06t2t;8.019491;1;10.392136;2;10.3896;2;0.5006339546621168;1.91825532913208
/m/06t2t;/organization/organization_member/member_of./organization/organization_membership/organization;/m/02vk52z;/m/0d29z;/people/ethnicity/geographic_distribution;/m/06t2t;8.019491;1;10.392136;2;10.386727;2;0.5013520684664683;1.9177875518798828
/m/06t2t;/organization/organization_member/member_of./organization/organization_membership/organization;/m/02vk52z;/m/0gkz15s;/film/film/release_date_s./film/film_regional_release_date/film_release_region;/m/06t2t;8.019491;1;10.392136;2;10.39186;2;0.5000689029689243;1.9186933040618896
/m/06t2t;/organization/organization_member/member_of./organization/organization_membership/organization;/m/02vk52z;/m/03g90h;/film/film/release_date_s./film/film_regional_release_date/film_release_region;/m/06t2t;8.019491;1;10.392136;2;10.395643;2;0.4991230973651347;1.9179155826568604
/m/06t2t;/organization/organization_member/member_of./organization/organization_membership/organization;/m/02vk52z;/m/06tpmy;/film/film/release_date_s./film/film_regional_release_date/film_release_region;/m/06t2t;8.019491;1;10.392136;2;10.397517;2;0.49865460720517196;1.9174420833587646
/m/06t2t;/organization/organization_member/member_of./organization/organization_membership/organization;/m/02vk52z;/m/0j8f09z;/film/film/release_date_s./film/film_regional_release_date/film_release_region;/m/06t2t;8.019491;1;10.392136;2;10.393029;2;0.4997766018062473;1.9173572063446045
/m/06t2t;/organization/organization_member/member_of./organization/organization_membership/organization;/m/02vk52z;/m/01jrbb;/film/film/release_date_s./film/film_regional_release_date/film_release_region;/m/06t2t;8.019491;1;10.392136;2;10.394008;2;0.49953198446590824;1.9214763641357422
/m/06t2t;/organization/organization_member/member_of./organization/organization_membership/organization;/m/02vk52z;/m/05q4y12;/film/film/release_date_s./film/film_regional_release_date/film_release_region;/m/06t2t;8.019491;1;10.392136;2;10.400735;2;0.49785019291998805;1.9185359477996826
/m/06t2t;/organization/organization_member/member_of./organization/organization_membership/organization;/m/02vk52z;/m/0gkz3nz;/film/film/release_date_s./film/film_regional_release_date/film_release_region;/m/06t2t;8.019491;1;10.392136;2;10.397915;2;0.4985551874320276;1.9170804023742676
/m/0h7x;/base/aareas/schema/administrative_area/administrative_area_type;/m/0hzc9wc;/m/0h7x;/location/location/adjoin_s./location/adjoining_relationship/adjoins;/m/01mjq;8.702604;1;10.986346;1;10.991468;1;0.4987194566114218;8.735989570617676
/m/0h7x;/base/aareas/schema/administrative_area/administrative_area_type;/m/0hzc9wc;/m/0h7x;/location/location/adjoin_s./location/adjoining_relationship/adjoins;/m/06t8v;8.702604;1;10.986346;1;10.988257;1;0.4995222093129098;2.19203782081604
/m/0h7x;/base/aareas/schema/administrative_area/administrative_area_type;/m/0hzc9wc;/m/06npd;/location/location/adjoin_s./location/adjoining_relationship/adjoins;/m/0h7x;8.702604;1;10.986346;1;10.99075;1;0.49889898478129907;2.190913438796997
/m/0h7x;/base/aareas/schema/administrative_area/administrative_area_type;/m/0hzc9wc;/m/06mzp;/location/location/adjoin_s./location/adjoining_relationship/adjoins;/m/0h7x;8.702604;1;10.986346;1;10.990752;1;0.49889850794645396;2.1914877891540527
/m/0h7x;/base/aareas/schema/administrative_area/administrative_area_type;/m/0hzc9wc;/m/0h7x;/location/location/adjoin_s./location/adjoining_relationship/adjoins;/m/04j53;8.702604;1;10.986346;1;10.990811;1;0.49888372606725556;2.191797971725464
/m/0h7x;/base/aareas/schema/administrative_area/administrative_area_type;/m/0hzc9wc;/m/03gj2;/location/location/adjoin_s./location/adjoining_relationship/adjoins;/m/0h7x;8.702604;1;10.986346;1;10.989874;1;0.4991180905904618;2.1945958137512207
/m/0h7x;/base/aareas/schema/administrative_area/administrative_area_type;/m/0hzc9wc;/m/0h7x;/location/location/adjoin_s./location/adjoining_relationship/adjoins;/m/03rjj;8.702604;1;10.986346;1;10.988754;1;0.499397993378668;2.190065860748291
/m/0h7x;/base/aareas/schema/administrative_area/administrative_area_type;/m/0hzc9wc;/m/0h7x;/location/location/adjoin_s./location/adjoining_relationship/adjoins;/m/03gj2;8.702604;1;10.986346;1;10.989812;1;0.4991335877507329;2.191065549850464
/m/0h7x;/base/aareas/schema/administrative_area/administrative_area_type;/m/0hzc9wc;/m/06t8v;/location/location/adjoin_s./location/adjoining_relationship/adjoins;/m/0h7x;8.702604;1;10.986346;1;10.988403;1;0.4994857313062245;2.1915674209594727
/m/0h7x;/base/aareas/schema/administrative_area/administrative_area_type;/m/0hzc9wc;/m/0h7x;/location/location/adjoin_s./location/adjoining_relationship/adjoins;/m/06npd;8.702604;1;10.986346;1;10.99089;1;0.4988641758429299;2.191974639892578
/m/0h7x;/base/aareas/schema/administrative_area/administrative_area_type;/m/0hzc9wc;/m/0h7x;/olympics/olympic_participating_country/medals_won./olympics/olympic_medal_honor/olympics;/m/01f1jy;8.702604;1;10.986346;1;10.999113;1;0.49680833383282835;2.18997859954834
/m/0h7x;/base/aareas/schema/administrative_area/administrative_area_type;/m/0hzc9wc;/m/02rb607;/film/film/country;/m/0h7x;8.702604;1;10.986346;1;10.992188;1;0.49853945193863447;2.1917364597320557
/m/0h7x;/base/aareas/schema/administrative_area/administrative_area_type;/m/0hzc9wc;/m/04hwbq;/film/film/release_date_s./film/film_regional_release_date/film_release_region;/m/0h7x;8.702604;1;10.986346;1;10.983338;1;0.5007519716315377;2.191073417663574
/m/0h7x;/base/aareas/schema/administrative_area/administrative_area_type;/m/0hzc9wc;/m/0cy__l;/film/film/release_date_s./film/film_regional_release_date/film_release_region;/m/0h7x;8.702604;1;10.986346;1;10.99588;1;0.4976165475183357;2.1916379928588867
/m/0h7x;/base/aareas/schema/administrative_area/administrative_area_type;/m/0hzc9wc;/m/02v_r7d;/film/film/release_date_s./film/film_regional_release_date/film_release_region;/m/0h7x;8.702604;1;10.986346;1;10.993032;1;0.4983284535691787;2.1912953853607178
/m/0h7x;/base/aareas/schema/administrative_area/administrative_area_type;/m/0hzc9wc;/m/05qbckf;/film/film/release_date_s./film/film_regional_release_date/film_release_region;/m/0h7x;8.702604;1;10.986346;1;10.980827;1;0.5013797248152445;2.1911284923553467
/m/0h7x;/base/aareas/schema/administrative_area/administrative_area_type;/m/0hzc9wc;/m/03qnc6q;/film/film/release_date_s./film/film_regional_release_date/film_release_region;/m/0h7x;8.702604;1;10.986346;1;10.985463;1;0.5002207755899001;2.1908838748931885
/m/0h7x;/base/aareas/schema/administrative_area/administrative_area_type;/m/0hzc9wc;/m/027pfg;/film/film/release_date_s./film/film_regional_release_date/film_release_region;/m/0h7x;8.702604;1;10.986346;1;10.979124;1;0.5018055360515066;2.1937286853790283
/m/0h7x;/base/aareas/schema/administrative_area/administrative_area_type;/m/0hzc9wc;/m/06wrt;/olympics/olympic_sport/athletes./olympics/olympic_athlete_affiliation/country;/m/0h7x;8.702604;1;10.986346;1;10.974107;1;0.5030598258463655;2.1917755603790283
/m/0h7x;/base/aareas/schema/administrative_area/administrative_area_type;/m/0hzc9wc;/m/02ln1;/people/person/nationality;/m/0h7x;8.702604;1;10.986346;1;10.990894;1;0.49886298375619254;2.1920697689056396
/m/0ck27z;/award/award_category/winners./award/award_honor/ceremony;/m/09g90vz;/m/0d810y;/award/award_nominee/award_nominations./award/award_nomination/award;/m/0ck27z;7.1001444;1;8.09611;1;8.092559;1;0.5008878698553468;9.265647172927856
/m/0ck27z;/award/award_category/winners./award/award_honor/ceremony;/m/09g90vz;/m/0ck27z;/award/award_category/nominees./award/award_nomination/nominated_for;/m/0hz55;7.1001444;1;8.09611;1;8.083735;1;0.5030936800026274;2.3937690258026123
/m/0ck27z;/award/award_category/winners./award/award_honor/ceremony;/m/09g90vz;/m/02rzdcp;/award/award_winning_work/awards_won./award/award_honor/award;/m/0ck27z;7.1001444;1;8.09611;1;8.089101;1;0.5017523693814461;2.397369384765625
/m/0ck27z;/award/award_category/winners./award/award_honor/ceremony;/m/09g90vz;/m/0ck27z;/award/award_category/nominees./award/award_nomination/nominated_for;/m/0fhzwl;7.1001444;1;8.09611;1;8.084457;1;0.5029132036525077;2.406290292739868
/m/0ck27z;/award/award_category/winners./award/award_honor/ceremony;/m/09g90vz;/m/0ck27z;/award/award_category/winners./award/award_honor/award_winner;/m/0382m4;7.1001444;1;8.09611;1;8.089256;1;0.501713507619897;2.406301259994507
/m/0ck27z;/award/award_category/winners./award/award_honor/ceremony;/m/09g90vz;/m/09r9dp;/award/award_nominee/award_nominations./award/award_nomination/award;/m/0ck27z;7.1001444;1;8.09611;1;8.086884;1;0.5023066833881001;2.4048309326171875
/m/0ck27z;/award/award_category/winners./award/award_honor/ceremony;/m/09g90vz;/m/0ck27z;/award/award_category/nominees./award/award_nomination/nominated_for;/m/02rzdcp;7.1001444;1;8.09611;1;8.09041;1;0.5014250239888889;2.4065282344818115
/m/0ck27z;/award/award_category/winners./award/award_honor/ceremony;/m/09g90vz;/m/03v1jf;/award/award_nominee/award_nominations./award/award_nomination/award;/m/0ck27z;7.1001444;1;8.09611;1;8.091542;1;0.5011420230079632;2.407200336456299
/m/0ck27z;/award/award_category/winners./award/award_honor/ceremony;/m/09g90vz;/m/0ck27z;/award/award_category/winners./award/award_honor/award_winner;/m/01z_g6;7.1001444;1;8.09611;1;8.088898;1;0.5018031518967639;2.405702590942383
/m/0ck27z;/award/award_category/winners./award/award_honor/ceremony;/m/09g90vz;/m/08pth9;/award/award_nominee/award_nominations./award/award_nomination/award;/m/0ck27z;7.1001444;1;8.09611;1;8.088837;1;0.5018184104856954;2.4047038555145264
/m/0ck27z;/award/award_category/winners./award/award_honor/ceremony;/m/09g90vz;/m/0ck27z;/award/award_category/winners./award/award_honor/award_winner;/m/08pth9;7.1001444;1;8.09611;1;8.086244;1;0.5024666586082269;2.4058220386505127
/m/0ck27z;/award/award_category/winners./award/award_honor/ceremony;/m/09g90vz;/m/01z_g6;/award/award_nominee/award_nominations./award/award_nomination/award;/m/0ck27z;7.1001444;1;8.09611;1;8.09094;1;0.5012924642386117;2.4038007259368896
/m/0ck27z;/award/award_category/winners./award/award_honor/ceremony;/m/09g90vz;/m/0ck27z;/award/award_category/winners./award/award_honor/award_winner;/m/0gd_b_;7.1001444;1;8.09611;1;8.085725;1;0.5025963549897947;2.4053947925567627
/m/0ck27z;/award/award_category/winners./award/award_honor/ceremony;/m/09g90vz;/m/0ck27z;/award/award_category/winners./award/award_honor/award_winner;/m/09r9dp;7.1001444;1;8.09611;1;8.08474;1;0.5028426340912344;2.4059884548187256
/m/0ck27z;/award/award_category/winners./award/award_honor/ceremony;/m/09g90vz;/m/0ck27z;/award/award_category/winners./award/award_honor/award_winner;/m/03v1jf;7.1001444;1;8.09611;1;8.089452;1;0.5016646323689824;2.4049596786499023
/m/0ck27z;/award/award_category/winners./award/award_honor/ceremony;/m/09g90vz;/m/027n4zv;/award/award_nominee/award_nominations./award/award_nomination/award;/m/0ck27z;7.1001444;1;8.09611;1;8.090043;1;0.5015168143471866;2.4057669639587402
/m/0ck27z;/award/award_category/winners./award/award_honor/ceremony;/m/09g90vz;/m/0ck27z;/award/award_category/winners./award/award_honor/award_winner;/m/0d810y;7.1001444;1;8.09611;1;8.089858;1;0.5015630671127568;2.405679225921631
/m/0ck27z;/award/award_category/winners./award/award_honor/ceremony;/m/09g90vz;/m/06_vpyq;/award/award_nominee/award_nominations./award/award_nomination/award;/m/0ck27z;7.1001444;1;8.09611;1;8.091495;1;0.501153943874077;2.406447649002075
/m/0ck27z;/award/award_category/winners./award/award_honor/ceremony;/m/09g90vz;/m/07s95_l;/award/award_nominee/award_nominations./award/award_nomination/award;/m/0ck27z;7.1001444;1;8.09611;1;8.090365;1;0.5014362295703679;2.407179117202759
/m/0ck27z;/award/award_category/winners./award/award_honor/ceremony;/m/09g90vz;/m/0ck27z;/award/award_category/winners./award/award_honor/award_winner;/m/06_vpyq;7.1001444;1;8.09611;1;8.088789;1;0.5018303312559428;2.4055979251861572
