/m/07z2lx;/award/award_category/category_of;/m/0gcf2r;/m/0bxtg;/award/award_nominee/award_nominations./award/award_nomination/award;/m/07z2lx;;;;;;;;;;8.901481;8.950608;1;1
/m/0fm3kw;/award/award_category/disciplines_or_subjects;/m/02vxn;/m/0fm3kw;/award/award_category/nominees./award/award_nomination/nominated_for;/m/0gpx6;;;;;;;;;;7.5022554;7.55217;1;1
/m/0fm3b5;/award/award_category/nominees./award/award_nomination/nominated_for;/m/06823p;/m/0fm3b5;/award/award_category/nominees./award/award_nomination/nominated_for;/m/0cvkv5;;;;;;;;;;6.280915;6.4118547;1;2
/m/0fbtbt;/award/award_category/nominees./award/award_nomination/nominated_for;/m/039fgy;/m/04g3p5;/award/award_nominee/award_nominations./award/award_nomination/award;/m/0fbtbt;;;;;;;;;;6.4939213;6.3456306;1;1
/m/0gs96;/award/award_category/winners./award/award_honor/ceremony;/m/05qb8vx;/m/02z0f6l;/award/award_winning_work/awards_won./award/award_honor/award;/m/0gs96;;;;;;;;;;6.310187;6.2898493;1;3
/m/0257__;/award/award_category/winners./award/award_honor/ceremony;/m/02rjjll;/m/0257__;/award/award_category/winners./award/award_honor/ceremony;/m/01mh_q;;;;;;;;;;6.7829776;6.8012896;1;2
/m/01c92g;/award/award_category/winners./award/award_honor/ceremony;/m/01mhwk;/m/01c92g;/award/award_category/winners./award/award_honor/award_winner;/m/012x4t;;;;;;;;;;6.28211;6.4859395;1;1
/m/023vrq;/award/award_category/winners./award/award_honor/ceremony;/m/056878;/m/023vrq;/award/award_category/category_of;/m/0c4ys;;;;;;;;;;6.769189;6.8292036;1;1
/m/0gq_d;/award/award_category/winners./award/award_honor/ceremony;/m/073hmq;/m/0gq_d;/award/award_category/winners./award/award_honor/ceremony;/m/0bzm81;;;;;;;;;;6.5318217;6.534582;1;2
/m/03nc9d;/award/award_category/winners./award/award_honor/ceremony;/m/09n4nb;/m/03nc9d;/award/award_category/winners./award/award_honor/ceremony;/m/013b2h;;;;;;;;;;6.95832;6.973337;1;2
/m/02gx2k;/award/award_category/winners./award/award_honor/ceremony;/m/0gpjbt;/m/02gx2k;/award/award_category/winners./award/award_honor/ceremony;/m/02rjjll;;;;;;;;;;7.1025677;6.974681;1;2
/m/019bnn;/award/award_category/winners./award/award_honor/ceremony;/m/09n4nb;/m/019bnn;/award/award_category/winners./award/award_honor/ceremony;/m/0466p0j;;;;;;;;;;6.369121;6.047556;1;3
/m/0gqzz;/award/award_category/winners./award/award_honor/ceremony;/m/04110lv;/m/0gqzz;/award/award_category/winners./award/award_honor/ceremony;/m/02hn5v;;;;;;;;;;6.0465775;6.1519785;1;1
/m/0bzkgg;/award/award_ceremony/awards_presented./award/award_honor/honored_for;/m/01jc6q;/m/0bzkgg;/award/award_ceremony/awards_presented./award/award_honor/award_winner;/m/0jf1b;;;;;;;;;;9.541165;9.086794;1;1
/m/0bxs_d;/award/award_ceremony/awards_presented./award/award_honor/honored_for;/m/015g28;/m/0bxs_d;/award/award_ceremony/awards_presented./award/award_honor/award_winner;/m/0h5j77;;;;;;;;;;7.291349;6.852317;1;2
/m/0f502;/award/award_nominee/award_nominations./award/award_nomination/award;/m/09sb52;/m/0f502;/award/award_nominee/award_nominations./award/award_nomination/award_nominee;/m/02bkdn;;;;;;;;;;6.396143;6.371617;1;1
/m/015bwt;/award/award_nominee/award_nominations./award/award_nomination/award;/m/01d38g;/m/015bwt;/award/award_nominee/award_nominations./award/award_nomination/award;/m/03qbh5;;;;;;;;;;7.0548368;6.9738827;1;1
/m/07xr3w;/award/award_nominee/award_nominations./award/award_nomination/award;/m/0gr0m;/m/07xr3w;/people/person/gender;/m/05zppz;;;;;;;;;;7.382904;7.3796787;1;1
/m/05txrz;/award/award_nominee/award_nominations./award/award_nomination/award;/m/05zvj3m;/m/05txrz;/people/person/places_lived./people/place_lived/location;/m/030qb3t;;;;;;;;;;6.519089;6.324794;1;1
/m/0d35y;/base/petbreeds/city_with_dogs/top_breeds./base/petbreeds/dog_city_relationship/dog_breed;/m/01t032;/m/0d35y;/base/petbreeds/city_with_dogs/top_breeds./base/petbreeds/dog_city_relationship/dog_breed;/m/01_gx_;;;;;;;;;;7.4895215;7.3300323;1;1
/m/05xvj;/baseball/baseball_team/team_stats./baseball/baseball_team_stats/season;/m/027pwzc;/m/05xvj;/sports/sports_team/roster./baseball/baseball_roster_position/position;/m/01z9v6;;;;;;;;;;8.532683;8.346805;1;1
/m/01gb54;/business/business_operation/industry;/m/02vxn;/m/0872p_c;/film/film/production_companies;/m/01gb54;;;;;;;;;;7.7995796;7.6241384;1;1
/m/027b43;/education/educational_institution/school_type;/m/05jxkf;/m/027b43;/common/topic/webpage./common/webpage/category;/m/08mbj5d;;;;;;;;;;7.7709193;7.8693256;1;1
/m/017y6l;/education/educational_institution/students_graduates./education/education/major_field_of_study;/m/02j62;/m/017y6l;/common/topic/webpage./common/webpage/category;/m/08mbj5d;;;;;;;;;;6.677817;6.436372;1;1
/m/062z7;/education/field_of_study/students_majoring./education/education/major_field_of_study;/m/02j62;/m/062z7;/user/tsegaran/random/taxonomy_subject/entry./user/tsegaran/random/taxonomy_entry/taxonomy;/m/04n6k;;;;;;;;;;6.347962;6.316656;1;2
/m/06w2sn5;/film/actor/film./film/performance/special_performance_type;/m/01pb34;/m/06w2sn5;/base/schemastaging/person_extra/net_worth./measurement_unit/dated_money_value/currency;/m/09nqf;;;;;;;;;;7.2799425;7.323292;1;1
/m/06rmdr;/film/film/costume_design_by;/m/06w33f8;/m/06rmdr;/film/film/production_companies;/m/05h4t7;;;;;;;;;;7.3641987;7.3101263;1;1
/m/027m5wv;/film/film/executive_produced_by;/m/05hj_k;/m/027m5wv;/film/film/language;/m/02h40lc;;;;;;;;;;8.726238;8.365698;1;1
/m/0hmm7;/film/film/film_format;/m/0cj16;/m/0hmm7;/film/film/genre;/m/07s9rl0;;;;;;;;;;7.883586;7.2927227;1;2
/m/06kl78;/film/film/film_production_design_by;/m/03mdw3c;/m/06kl78;/film/film/written_by;/m/026fd;;;;;;;;;;9.195055;9.4244375;1;1
/m/03hkch7;/film/film/genre;/m/0219x_;/m/03hkch7;/award/award_winning_work/awards_won./award/award_honor/award_winner;/m/01g1lp;;;;;;;;;;6.380606;6.6225157;1;2
/m/01chpn;/film/film/genre;/m/01t_vv;/m/01chpn;/film/film/release_date_s./film/film_regional_release_date/film_release_region;/m/09c7w0;;;;;;;;;;6.644459;6.7871003;1;1
/m/048rn;/film/film/genre;/m/02kdv5l;/m/048rn;/film/film/genre;/m/0hcr;;;;;;;;;;7.0746117;7.0409627;1;1
/m/0418wg;/film/film/language;/m/02bjrlw;/m/0418wg;/film/film/genre;/m/05p553;;;;;;;;;;6.7771096;6.9640026;1;1
/m/048rn;/film/film/music;/m/01pr6q7;/m/048rn;/film/film/executive_produced_by;/m/0hqcy;;;;;;;;;;8.695478;7.805317;1;2
/m/083skw;/film/film/other_crew./film/film_crew_gig/film_crew_role;/m/09zzb8;/m/083skw;/film/film/genre;/m/02l7c8;;;;;;;;;;6.292764;6.2531896;1;1
/m/02fj8n;/film/film/other_crew./film/film_crew_gig/film_crew_role;/m/01vx2h;/m/02fj8n;/film/film/other_crew./film/film_crew_gig/film_crew_role;/m/09vw2b7;;;;;;;;;;6.7517524;6.7328506;1;2
/m/031ldd;/film/film/other_crew./film/film_crew_gig/film_crew_role;/m/02r96rf;/m/031ldd;/film/film/release_date_s./film/film_regional_release_date/film_release_region;/m/0jgd;;;;;;;;;;6.5291457;6.5391865;1;1
/m/02xs6_;/film/film/other_crew./film/film_crew_gig/film_crew_role;/m/02r96rf;/m/02xs6_;/film/film/other_crew./film/film_crew_gig/film_crew_role;/m/0ch6mp2;;;;;;;;;;7.239138;6.9208317;1;2
/m/02nczh;/film/film/other_crew./film/film_crew_gig/film_crew_role;/m/09zzb8;/m/02nczh;/film/film/other_crew./film/film_crew_gig/film_crew_role;/m/0ch6mp2;;;;;;;;;;7.111789;6.8999367;1;2
/m/02c7k4;/film/film/production_companies;/m/01795t;/m/02jyhv;/film/actor/film./film/performance/film;/m/02c7k4;;;;;;;;;;8.379817;8.25563;1;1
/m/0407yfx;/film/film/release_date_s./film/film_regional_release_date/film_release_region;/m/0k6nt;/m/0407yfx;/film/film/release_date_s./film/film_regional_release_date/film_release_region;/m/0154j;;;;;;;;;;5.9090176;5.7301598;1;1
/m/0dlngsd;/film/film/release_date_s./film/film_regional_release_date/film_release_region;/m/05qhw;/m/0dlngsd;/film/film/release_date_s./film/film_regional_release_date/film_release_region;/m/0345h;;;;;;;;;;6.094829;5.936878;1;2
/m/0c3ybss;/film/film/release_date_s./film/film_regional_release_date/film_release_region;/m/0jgd;/m/0c3ybss;/film/film/release_date_s./film/film_regional_release_date/film_release_region;/m/015fr;;;;;;;;;;6.1919403;5.845983;1;2
/m/064lsn;/film/film/release_date_s./film/film_regional_release_date/film_release_region;/m/03rjj;/m/064lsn;/film/film/release_date_s./film/film_regional_release_date/film_release_region;/m/0f8l9c;;;;;;;;;;6.1620283;5.909733;1;2
/m/0j43swk;/film/film/release_date_s./film/film_regional_release_date/film_release_region;/m/015fr;/m/0j43swk;/film/film/release_date_s./film/film_regional_release_date/film_release_region;/m/0jgd;;;;;;;;;;5.82887;5.656918;1;2
/m/07f_7h;/film/film/release_date_s./film/film_regional_release_date/film_release_region;/m/01znc_;/m/07f_7h;/film/film/release_date_s./film/film_regional_release_date/film_release_region;/m/015fr;;;;;;;;;;5.987952;5.819901;1;2
/m/07s846j;/film/film/release_date_s./film/film_regional_release_date/film_release_region;/m/05b4w;/m/07s846j;/film/film/release_date_s./film/film_regional_release_date/film_release_region;/m/0d0vqn;;;;;;;;;;5.8155646;5.45187;1;2
/m/07bzz7;/film/film/release_date_s./film/film_regional_release_date/film_release_region;/m/03rjj;/m/07bzz7;/film/film/release_date_s./film/film_regional_release_date/film_release_region;/m/07ssc;;;;;;;;;;5.7150974;5.7240043;1;2
/m/024mxd;/film/film/story_by;/m/011s9r;/m/024mxd;/film/film/country;/m/09c7w0;;;;;;;;;;9.47568;9.27865;1;1
/m/0fbw6;/food/food/nutrients./food/nutrition_fact/nutrient;/m/0h1tz;/m/0fbw6;/food/food/nutrients./food/nutrition_fact/nutrient;/m/06jry;;;;;;;;;;7.1939135;6.9907494;1;1
/m/01nkt;/food/food/nutrients./food/nutrition_fact/nutrient;/m/0f4hc;/m/01nkt;/food/food/nutrients./food/nutrition_fact/nutrient;/m/0838f;;;;;;;;;;7.0482645;7.1112704;1;2
/m/01grr2;/government/legislative_session/members./government/government_position_held/district_represented;/m/05k7sb;/m/01grr2;/government/legislative_session/members./government/government_position_held/legislative_sessions;/m/01grpc;;;;;;;;;;6.84001;6.7966595;1;1
/m/01gsvb;/government/legislative_session/members./government/government_position_held/district_represented;/m/04rrd;/m/01gsvb;/government/legislative_session/members./government/government_position_held/district_represented;/m/05tbn;;;;;;;;;;6.7556653;6.667557;1;2
/m/070mff;/government/legislative_session/members./government/government_position_held/district_represented;/m/05fhy;/m/070mff;/government/legislative_session/members./government/government_position_held/district_represented;/m/04ych;;;;;;;;;;6.574419;6.6631627;1;2
/m/01h7xx;/government/legislative_session/members./government/government_position_held/legislative_sessions;/m/043djx;/m/01h7xx;/government/legislative_session/members./government/government_position_held/legislative_sessions;/m/01gtbb;;;;;;;;;;7.837267;7.643554;1;4
/m/06n8j;/location/location/time_zones;/m/02llzg;/m/027jq2;/people/person/place_of_birth;/m/06n8j;;;;;;;;;;6.5633163;6.2994823;1;1
/m/050ks;/location/statistical_region/religions./location/religion_percentage/religion;/m/01y0s9;/m/050ks;/location/statistical_region/religions./location/religion_percentage/religion;/m/072w0;;;;;;;;;;6.8763723;7.029645;1;1
/m/0781g;/music/genre/artists;/m/02vgh;/m/0781g;/music/genre/artists;/m/01mxnvc;;;;;;;;;;6.7003317;6.51696;1;1
/m/0296y;/music/genre/artists;/m/016lj_;/m/0296y;/music/genre/parent_genre;/m/03lty;;;;;;;;;;6.9987755;7.208727;1;1
/m/0lbd9;/olympics/olympic_games/medals_awarded./olympics/olympic_medal_honor/medal;/m/02lq5w;/m/09c7w0;/olympics/olympic_participating_country/athletes./olympics/olympic_athlete_affiliation/olympics;/m/0lbd9;;;;;;;;;;8.386744;8.312376;1;1
/m/0h3y;/olympics/olympic_participating_country/athletes./olympics/olympic_athlete_affiliation/olympics;/m/0kbvb;/m/01cgz;/olympics/olympic_sport/athletes./olympics/olympic_athlete_affiliation/country;/m/0h3y;;;;;;;;;;6.631877;6.659011;1;1
/m/01d8l;/olympics/olympic_participating_country/medals_won./olympics/olympic_medal_honor/medal;/m/02lq67;/m/016r9z;/olympics/olympic_games/participating_countries;/m/01d8l;;;;;;;;;;6.1723084;5.911511;1;2
/m/01cf5;/organization/non_profit_organization/registered_with./organization/non_profit_registration/registering_agency;/m/03z19;/m/09c7w0;/location/location/contains;/m/01cf5;;;;;;;;;;9.647508;9.598178;1;1
/m/06wvfq;/people/person/gender;/m/02zsn;/m/03r8v_;/award/award_category/winners./award/award_honor/award_winner;/m/06wvfq;;;;;;;;;;8.233344;8.302683;1;1
/m/05slvm;/people/person/gender;/m/02zsn;/m/05slvm;/award/award_nominee/award_nominations./award/award_nomination/award_nominee;/m/029_l;;;;;;;;;;6.5281367;6.9679704;1;1
/m/02cvp8;/people/person/places_lived./people/place_lived/location;/m/0cr3d;/m/02cvp8;/people/person/profession;/m/02hrh1q;;;;;;;;;;7.7986846;7.327238;1;1
/m/045cq;/people/person/profession;/m/02jknp;/m/045cq;/people/person/profession;/m/01d_h8;;;;;;;;;;7.5298715;6.9696293;1;3
/m/06p0s1;/people/person/profession;/m/0dgd_;/m/06p0s1;/award/award_nominee/award_nominations./award/award_nomination/award;/m/0gr0m;;;;;;;;;;7.2644095;6.5487375;1;1
/m/01pcvn;/people/person/profession;/m/0d1pc;/m/01pgzn_;/base/popstra/celebrity/friendship./base/popstra/friendship/participant;/m/01pcvn;;;;;;;;;;6.766906;6.9348173;1;1
/m/016hvl;/people/person/profession;/m/0dxtg;/m/016hvl;/people/person/profession;/m/0cbd2;;;;;;;;;;6.8656454;6.892293;1;2
/m/0565cz;/people/person/profession;/m/09jwl;/m/0565cz;/people/person/gender;/m/05zppz;;;;;;;;;;7.3580422;7.069334;1;1
/m/099d4;/people/person/profession;/m/01d_h8;/m/099d4;/people/person/gender;/m/05zppz;;;;;;;;;;6.8894377;6.824792;1;1
/m/01ggc9;/people/person/profession;/m/03gjzk;/m/04ljl_l;/award/award_category/winners./award/award_honor/award_winner;/m/01ggc9;;;;;;;;;;5.543079;5.5477524;1;1
/m/0ckm4x;/people/person/profession;/m/0np9r;/m/0ckm4x;/common/topic/webpage./common/webpage/category;/m/08mbj5d;;;;;;;;;;7.022689;7.0334244;1;1
/m/035sc2;/people/person/profession;/m/01d_h8;/m/035sc2;/people/person/profession;/m/03gjzk;;;;;;;;;;7.2276335;6.9354553;1;1
/m/01t6xz;/people/person/profession;/m/01d_h8;/m/014zcr;/award/award_winner/awards_won./award/award_honor/award_winner;/m/01t6xz;;;;;;;;;;5.8937483;6.057645;1;1
/m/04l19_;/people/person/profession;/m/0dxtg;/m/04l19_;/people/person/profession;/m/01d_h8;;;;;;;;;;7.297355;7.2879844;1;1
/m/0259r0;/people/person/profession;/m/09jwl;/m/0259r0;/people/person/spouse_s./people/marriage/type_of_union;/m/04ztj;;;;;;;;;;7.5960054;7.477366;1;1
/m/01r4zfk;/people/person/profession;/m/01d_h8;/m/01r4zfk;/people/person/profession;/m/02hrh1q;;;;;;;;;;6.560897;6.6587753;1;2
/m/05wdgq;/people/person/religion;/m/03j6c;/m/05wdgq;/people/person/gender;/m/05zppz;;;;;;;;;;8.150432;8.132408;1;1
/m/01y665;/people/person/religion;/m/03_gx;/m/02kxwk;/award/award_nominee/award_nominations./award/award_nomination/award_nominee;/m/01y665;;;;;;;;;;6.129638;6.4890165;1;1
/m/01y3c;/sports/professional_sports_team/draft_picks./sports/sports_league_draft_pick/draft;/m/02qw1zx;/m/01y3c;/sports/sports_team/colors;/m/083jv;;;;;;;;;;8.15834;8.011558;1;1
/m/01slc;/sports/sports_team/colors;/m/083jv;/m/028c_8;/sports/sports_position/players./sports/sports_team_roster/team;/m/01slc;;;;;;;;;;6.5499387;6.726582;1;1
/m/04zxrt;/sports/sports_team/colors;/m/083jv;/m/02sdk9v;/sports/sports_position/players./sports/sports_team_roster/team;/m/04zxrt;;;;;;;;;;6.604818;6.4321136;1;1
/m/04c9bn;/sports/sports_team/roster./baseball/baseball_roster_position/position;/m/02wszf;/m/04c9bn;/sports/sports_team/roster./baseball/baseball_roster_position/position;/m/01z9v6;;;;;;;;;;7.930232;7.779851;1;1
/m/071vr;/travel/travel_destination/climate./travel/travel_destination_monthly_climate/month;/m/03_ly;/m/071vr;/travel/travel_destination/climate./travel/travel_destination_monthly_climate/month;/m/06vkl;;;;;;;;;;7.40599;7.4094324;1;1
/m/02q4mt;/tv/tv_producer/programs_produced./tv/tv_producer_term/producer_type;/m/0ckd1;/m/02q4mt;/people/person/spouse_s./people/marriage/type_of_union;/m/04ztj;;;;;;;;;;7.9232435;7.610106;1;1
/m/0sw0q;/tv/tv_program/genre;/m/01z4y;/m/0sw0q;/tv/tv_program/country_of_origin;/m/09c7w0;;;;;;;;;;6.5969872;6.5960126;1;1
/m/02k_4g;/tv/tv_program/tv_producer./tv/tv_producer_term/producer_type;/m/0ckd1;/m/02k_4g;/tv/tv_program/languages;/m/02h40lc;;;;;;;;;;9.111819;8.753365;1;1
