/m/0gkts9;/award/award_category/nominees./award/award_nomination/award_nominee;/m/03z509;/m/03z509;/award/award_nominee/award_nominations./award/award_nomination/award;/m/0gkts9;/m/0gkts9;/award/award_category/nominees./award/award_nomination/award_nominee;/m/01gvyp;/m/0gkts9;/award/award_category/nominees./award/award_nomination/award_nominee;/m/05ggt_;/m/0gkts9;/award/award_category/nominees./award/award_nomination/award_nominee;/m/05typm;9.946302;8.34792;1;4
/m/0bfvw2;/award/award_category/nominees./award/award_nomination/award_nominee;/m/01p7yb;/m/0bfvw2;/award/award_category/nominees./award/award_nomination/award_nominee;/m/019f2f;/m/0bfvw2;/award/award_category/nominees./award/award_nomination/award_nominee;/m/01j5ts;/m/0bfvw2;/award/award_category/nominees./award/award_nomination/award_nominee;/m/02jsgf;/m/0bfvw2;/award/award_category/nominees./award/award_nomination/award_nominee;/m/0h1nt;9.178026;9.314726;1;3
/m/02f72_;/award/award_category/nominees./award/award_nomination/award_nominee;/m/07r1_;/m/07r1_;/award/award_nominee/award_nominations./award/award_nomination/award;/m/02f72_;/m/02f72_;/award/award_category/nominees./award/award_nomination/award_nominee;/m/0b1zz;/m/02f72_;/award/award_category/nominees./award/award_nomination/award_nominee;/m/0kr_t;/m/02f72_;/award/award_category/nominees./award/award_nomination/award_nominee;/m/09jm8;9.5924015;8.510801;1;4
/m/09sdmz;/award/award_category/nominees./award/award_nomination/award_nominee;/m/01swck;/m/01swck;/award/award_nominee/award_nominations./award/award_nomination/award;/m/09sdmz;/m/09sdmz;/award/award_category/nominees./award/award_nomination/award_nominee;/m/02t_v1;;;;;;;8.820211;5.6196165;1;99
/m/05b1610;/award/award_category/nominees./award/award_nomination/nominated_for;/m/026n4h6;/m/05b1610;/award/award_category/nominees./award/award_nomination/nominated_for;/m/06krf3;/m/05b1610;/award/award_category/nominees./award/award_nomination/nominated_for;/m/05b_gq;/m/05b1610;/award/award_category/nominees./award/award_nomination/nominated_for;/m/082scv;/m/05b1610;/award/award_category/nominees./award/award_nomination/nominated_for;/m/02krdz;9.224213;8.727958;1;4
/m/05zvj3m;/award/award_category/nominees./award/award_nomination/nominated_for;/m/034qzw;/m/034qzw;/award/award_nominated_work/award_nominations./award/award_nomination/award;/m/05zvj3m;/m/05zvj3m;/award/award_category/nominees./award/award_nomination/nominated_for;/m/013q07;/m/05zvj3m;/award/award_category/nominees./award/award_nomination/nominated_for;/m/04gv3db;/m/05zvj3m;/award/award_category/nominees./award/award_nomination/nominated_for;/m/03lrht;8.671169;6.2856655;1;10
/m/05b4l5x;/award/award_category/winners./award/award_honor/award_winner;/m/01yf85;/m/01yf85;/award/award_winner/awards_won./award/award_honor/award;/m/05b4l5x;/m/01yf85;/award/award_nominee/award_nominations./award/award_nomination/award;/m/05b4l5x;/m/026c1;/award/award_nominee/award_nominations./award/award_nomination/award;/m/05b4l5x;/m/0f7hc;/award/award_winner/awards_won./award/award_honor/award;/m/05b4l5x;10.077408;5.7776203;1;87
/m/099jhq;/award/award_category/winners./award/award_honor/award_winner;/m/017149;/m/017149;/award/award_winner/awards_won./award/award_honor/award;/m/099jhq;/m/099jhq;/award/award_category/winners./award/award_honor/award_winner;/m/02qgqt;;;;;;;10.313467;7.4617805;1;32
/m/02z1nbg;/award/award_category/winners./award/award_honor/honored_for;/m/0kvb6p;/m/0kvb6p;/award/award_winning_work/awards_won./award/award_honor/award;/m/02z1nbg;;;;;;;;;;10.490056;4.20378;1;397
/m/0jzphpx;/award/award_ceremony/awards_presented./award/award_honor/award;/m/02wh75;/m/02wh75;/award/award_category/winners./award/award_honor/ceremony;/m/0jzphpx;/m/0jzphpx;/award/award_ceremony/awards_presented./award/award_honor/award;/m/01ck6v;/m/0jzphpx;/award/award_ceremony/awards_presented./award/award_honor/award;/m/025m8l;;;;7.610877;6.574008;1;5
/m/034hzj;/award/award_nominated_work/award_nominations./award/award_nomination/award;/m/02pqp12;/m/02pqp12;/award/award_category/nominees./award/award_nomination/nominated_for;/m/034hzj;/m/034hzj;/award/award_nominated_work/award_nominations./award/award_nomination/award;/m/02qvyrt;/m/034hzj;/award/award_nominated_work/award_nominations./award/award_nomination/award;/m/027dtxw;/m/034hzj;/award/award_nominated_work/award_nominations./award/award_nomination/award;/m/02qyntr;8.453077;7.036318;1;4
/m/0k5g9;/award/award_nominated_work/award_nominations./award/award_nomination/award;/m/0gq_v;/m/0gq_v;/award/award_category/nominees./award/award_nomination/nominated_for;/m/0k5g9;/m/0k5g9;/award/award_nominated_work/award_nominations./award/award_nomination/award;/m/0p9sw;/m/0k5g9;/common/topic/webpage./common/webpage/category;/m/08mbj32;/m/08mbj32;/common/annotation_category/annotations./common/webpage/topic;/m/0k5g9;8.866075;6.8886647;1;1
/m/060v34;/award/award_nominated_work/award_nominations./award/award_nomination/award_nominee;/m/046b0s;/m/046b0s;/award/award_nominee/award_nominations./award/award_nomination/nominated_for;/m/060v34;/m/060v34;/award/award_nominated_work/award_nominations./award/award_nomination/award_nominee;/m/086k8;/m/060v34;/award/award_nominated_work/award_nominations./award/award_nomination/award_nominee;/m/01f7j9;/m/060v34;/award/award_nominated_work/award_nominations./award/award_nomination/award_nominee;/m/03ktjq;10.926275;7.499692;1;5
/m/022yb4;/award/award_nominee/award_nominations./award/award_nomination/award;/m/0bdw6t;/m/0bdw6t;/award/award_category/nominees./award/award_nomination/award_nominee;/m/022yb4;/m/022yb4;/award/award_nominee/award_nominations./award/award_nomination/award;/m/0fbvqf;/m/022yb4;/award/award_nominee/award_nominations./award/award_nomination/award;/m/0cqhb3;/m/022yb4;/award/award_nominee/award_nominations./award/award_nomination/award;/m/0ck27z;9.816149;7.490384;1;4
/m/0h32q;/award/award_nominee/award_nominations./award/award_nomination/award;/m/0cqgl9;/m/0h32q;/award/award_nominee/award_nominations./award/award_nomination/award;/m/0bfvw2;/m/0h32q;/award/award_nominee/award_nominations./award/award_nomination/award;/m/0bdwft;/m/0h32q;/award/award_nominee/award_nominations./award/award_nomination/award;/m/0bb57s;/m/0h32q;/award/award_nominee/award_nominations./award/award_nomination/award;/m/02y_rq5;9.522532;9.395195;1;5
/m/01hxs4;/award/award_nominee/award_nominations./award/award_nomination/award;/m/09qrn4;/m/09qrn4;/award/award_category/nominees./award/award_nomination/award_nominee;/m/01hxs4;/m/01hxs4;/award/award_nominee/award_nominations./award/award_nomination/award;/m/0bp_b2;/m/01hxs4;/award/award_nominee/award_nominations./award/award_nomination/award;/m/0cqh46;/m/01hxs4;/award/award_nominee/award_nominations./award/award_nomination/award;/m/0cqhk0;9.444464;6.508122;1;7
/m/03wd5tk;/award/award_nominee/award_nominations./award/award_nomination/award_nominee;/m/0c0tzp;/m/0c0tzp;/award/award_winner/awards_won./award/award_honor/award_winner;/m/03wd5tk;/m/0c0tzp;/award/award_nominee/award_nominations./award/award_nomination/award_nominee;/m/03wd5tk;/m/03wd5tk;/award/award_winner/awards_won./award/award_honor/award_winner;/m/0c0tzp;/m/03wd5tk;/award/award_nominee/award_nominations./award/award_nomination/award_nominee;/m/05b49tt;10.296026;4.7257338;1;15
/m/016gr2;/award/award_nominee/award_nominations./award/award_nomination/award_nominee;/m/018db8;/m/018db8;/award/award_nominee/award_nominations./award/award_nomination/award_nominee;/m/016gr2;/m/016gr2;/award/award_nominee/award_nominations./award/award_nomination/award_nominee;/m/010xjr;/m/016gr2;/award/award_nominee/award_nominations./award/award_nomination/award_nominee;/m/0kszw;/m/016gr2;/award/award_nominee/award_nominations./award/award_nomination/award_nominee;/m/01wskg;8.24748;4.6171575;1;7
/m/01gvyp;/award/award_nominee/award_nominations./award/award_nomination/nominated_for;/m/030p35;/m/030p35;/award/award_nominated_work/award_nominations./award/award_nomination/award_nominee;/m/01gvyp;;;;;;;;;;11.383417;3.8293216;1;132
/m/06mn7;/award/award_winner/awards_won./award/award_honor/award;/m/040njc;/m/040njc;/award/award_category/winners./award/award_honor/award_winner;/m/06mn7;/m/06mn7;/award/award_nominee/award_nominations./award/award_nomination/award;/m/040njc;/m/040njc;/award/award_category/nominees./award/award_nomination/award_nominee;/m/06mn7;/m/06mn7;/award/award_winner/awards_won./award/award_honor/award;/m/02pqp12;9.970874;7.2591987;1;12
/m/05cj4r;/award/award_winner/awards_won./award/award_honor/award;/m/0bfvw2;/m/05cj4r;/award/award_nominee/award_nominations./award/award_nomination/award;/m/0bfvw2;/m/0bfvw2;/award/award_category/nominees./award/award_nomination/award_nominee;/m/05cj4r;/m/0bfvw2;/award/award_category/winners./award/award_honor/award_winner;/m/05cj4r;/m/05cj4r;/award/award_winner/awards_won./award/award_honor/award;/m/09sb52;10.054995;6.7952366;1;5
/m/0kryqm;/award/award_winner/awards_won./award/award_honor/award_winner;/m/06lgq8;/m/0kryqm;/award/award_winner/awards_won./award/award_honor/award_winner;/m/04mz10g;/m/0kryqm;/award/award_winner/awards_won./award/award_honor/award_winner;/m/06w2yp9;/m/0kryqm;/award/award_winner/awards_won./award/award_honor/award_winner;/m/04myfb7;/m/0kryqm;/award/award_winner/awards_won./award/award_honor/award_winner;/m/065ydwb;9.392545;9.350178;1;2
/m/05lb65;/award/award_winner/awards_won./award/award_honor/award_winner;/m/0308kx;/m/05lb65;/award/award_winner/awards_won./award/award_honor/award_winner;/m/06b0d2;/m/05lb65;/award/award_winner/awards_won./award/award_honor/award_winner;/m/05lb30;/m/05lb65;/award/award_winner/awards_won./award/award_honor/award_winner;/m/038g2x;/m/05lb65;/award/award_winner/awards_won./award/award_honor/award_winner;/m/05683p;9.744665;9.350305;1;1
/m/02q3bb;/award/award_winner/awards_won./award/award_honor/award_winner;/m/02rmfm;/m/02q3bb;/award/award_nominee/award_nominations./award/award_nomination/award_nominee;/m/02rmfm;/m/02rmfm;/award/award_winner/awards_won./award/award_honor/award_winner;/m/02q3bb;/m/02q3bb;/award/award_winner/awards_won./award/award_honor/award_winner;/m/0311wg;/m/02q3bb;/award/award_winner/awards_won./award/award_honor/award_winner;/m/04vq3h;9.972874;5.454621;1;4
/m/0bhvtc;/award/award_winner/awards_won./award/award_honor/ceremony;/m/056878;/m/056878;/award/award_ceremony/awards_presented./award/award_honor/award_winner;/m/0bhvtc;/m/0bhvtc;/award/award_winner/awards_won./award/award_honor/ceremony;/m/013b2h;/m/08mbj5d;/common/annotation_category/annotations./common/webpage/topic;/m/0bhvtc;/m/0bhvtc;/common/topic/webpage./common/webpage/category;/m/08mbj5d;11.661482;6.864776;1;5
/m/0136g9;/award/award_winner/awards_won./award/award_honor/ceremony;/m/0gx_st;/m/0gx_st;/award/award_ceremony/awards_presented./award/award_honor/award_winner;/m/0136g9;/m/0136g9;/people/person/profession;/m/02hrh1q;/m/0b13g7;/award/award_nominee/award_nominations./award/award_nomination/award_nominee;/m/0136g9;/m/0136g9;/award/award_nominee/award_nominations./award/award_nomination/award_nominee;/m/0b13g7;11.777477;4.3074155;1;66
/m/025st2z;/award/award_winner/awards_won./award/award_honor/honored_for;/m/01b65l;/m/025st2z;/tv/tv_writer/tv_programs./tv/tv_program_writer_relationship/tv_program;/m/01b65l;/m/01b65l;/award/award_winning_work/awards_won./award/award_honor/award_winner;/m/025st2z;/m/025st2z;/award/award_nominee/award_nominations./award/award_nomination/nominated_for;/m/01b65l;/m/01b65l;/award/award_nominated_work/award_nominations./award/award_nomination/award_nominee;/m/025st2z;13.264958;11.153396;1;1
/m/01srq2;/award/award_winning_work/awards_won./award/award_honor/award_winner;/m/09d5d5;/m/09d5d5;/award/award_winner/awards_won./award/award_honor/honored_for;/m/01srq2;/m/01srq2;/award/award_nominated_work/award_nominations./award/award_nomination/award_nominee;/m/09d5d5;/m/01srq2;/award/award_winning_work/awards_won./award/award_honor/award_winner;/m/026fd;/m/01srq2;/award/award_winning_work/awards_won./award/award_honor/award_winner;/m/01jmv8;11.344833;7.9040427;1;5
/m/02qd04y;/award/award_winning_work/awards_won./award/award_honor/award_winner;/m/04dz_y7;/m/04dz_y7;/award/award_nominee/award_nominations./award/award_nomination/nominated_for;/m/02qd04y;/m/04dz_y7;/award/award_winner/awards_won./award/award_honor/honored_for;/m/02qd04y;/m/02qd04y;/award/award_nominated_work/award_nominations./award/award_nomination/award_nominee;/m/04dz_y7;/m/02qd04y;/award/award_winning_work/awards_won./award/award_honor/award_winner;/m/0451j;11.075052;8.312881;1;3
/m/01ptsx;/award/ranked_list/ranked_list_items./award/ranking/item;/m/03y7ml;/m/01ptsx;/award/ranked_list/ranked_list_items./award/ranking/item;/m/01npw8;/m/01ptsx;/award/ranked_list/ranked_list_items./award/ranking/item;/m/0300cp;/m/01ptsx;/award/ranked_list/ranked_list_items./award/ranking/item;/m/01pf21;/m/01ptsx;/award/ranked_list/ranked_list_items./award/ranking/item;/m/060ppp;12.3769865;12.331612;1;3
/m/0fqxw;/base/aareas/schema/administrative_area/administrative_children;/m/05g2b;/m/05g2b;/base/aareas/schema/administrative_area/administrative_parent;/m/0fqxw;/m/0fqxw;/location/administrative_division/capital./location/administrative_division_capital_relationship/capital;/m/0flsf;/m/0flsf;/base/aareas/schema/administrative_area/administrative_parent;/m/0fqxw;/m/0fqxw;/base/aareas/schema/administrative_area/administrative_children;/m/0flsf;17.324654;12.861793;1;2
/m/04q42;/base/aareas/schema/administrative_area/administrative_parent;/m/059j2;/m/059j2;/location/country/first_level_divisions;/m/04q42;/m/04q42;/location/location/containedby;/m/059j2;/m/059j2;/location/location/contains;/m/04q42;/m/059j2;/base/aareas/schema/administrative_area/administrative_children;/m/04q42;15.335754;12.72203;1;1
/m/029q_y;/base/popstra/celebrity/friendship./base/popstra/friendship/participant;/m/0151w_;/m/0151w_;/base/popstra/celebrity/friendship./base/popstra/friendship/participant;/m/029q_y;;;;;;;;;;10.693123;4.9302464;1;155
/m/016lj_;/broadcast/artist/content;/m/04y652m;/m/016lj_;/music/artist/genre;/m/04f73rc;/m/0jrv_;/music/genre/artists;/m/016lj_;/m/016lj_;/music/artist/label;/m/01p2b_;/m/016lj_;/music/musical_group/member./music/group_membership/role;/m/02hnl;14.641734;10.616553;1;1
/m/01n073;/business/employer/employees./business/employment_tenure/title;/m/05_wyz;/m/05_wyz;/business/job_title/people_with_this_title./business/employment_tenure/company;/m/01n073;/m/01n073;/business/employer/employees./business/employment_tenure/title;/m/0krdk;/m/01n073;/business/employer/employees./business/employment_tenure/title;/m/09d6p2;/m/01n073;/business/employer/employees./business/employment_tenure/title;/m/0dq_5;12.1638975;9.322779;1;4
/m/02md_2;/business/job_title/people_with_this_title./business/employment_tenure/company;/m/0175rc;/m/02md_2;/business/job_title/people_with_this_title./business/employment_tenure/company;/m/02hzx8;/m/02md_2;/business/job_title/people_with_this_title./business/employment_tenure/company;/m/03mp37;/m/02md_2;/business/job_title/people_with_this_title./business/employment_tenure/company;/m/01l3wr;/m/02md_2;/business/job_title/people_with_this_title./business/employment_tenure/company;/m/0jnmj;10.742046;10.652534;1;5
/m/0bkj86;/education/educational_degree/people_with_this_degree./education/education/institution;/m/07tds;/m/0bkj86;/education/educational_degree/people_with_this_degree./education/education/institution;/m/052nd;/m/0bkj86;/education/educational_degree/people_with_this_degree./education/education/institution;/m/01w3v;/m/0bkj86;/education/educational_degree/people_with_this_degree./education/education/institution;/m/01bm_;/m/0bkj86;/education/educational_degree/people_with_this_degree./education/education/institution;/m/07szy;10.0294695;9.620624;1;2
/m/0234_c;/education/educational_institution/students_graduates./education/education/student;/m/01dy7j;/m/01dy7j;/people/person/education./education/education/institution;/m/0234_c;/m/03yj_0n;/people/person/education./education/education/institution;/m/0234_c;;;;;;;13.856963;5.6433086;1;867
/m/06q83;/education/field_of_study/students_majoring./education/education/degree;/m/02h4rq6;/m/02h4rq6;/education/educational_degree/people_with_this_degree./education/education/specialization;/m/06q83;/m/02h4rq6;/education/educational_degree/people_with_this_degree./education/education/major_field_of_study;/m/06q83;/m/06q83;/education/field_of_study/students_majoring./education/education/degree;/m/019v9k;/m/06q83;/people/person/gender;/m/05zppz;12.198325;8.815097;1;3
/m/0h5k;/education/field_of_study/students_majoring./education/education/institution;/m/07vk2;/m/07vk2;/education/educational_institution/students_graduates./education/education/major_field_of_study;/m/0h5k;;;;;;;;;;11.950988;6.597675;1;263
/m/03g3w;/education/field_of_study/students_majoring./education/education/institution;/m/01swxv;/m/03g3w;/education/field_of_study/students_majoring./education/education/institution;/m/07wlf;/m/03g3w;/education/field_of_study/students_majoring./education/education/institution;/m/0hd7j;/m/03g3w;/education/field_of_study/students_majoring./education/education/institution;/m/07xpm;/m/03g3w;/education/field_of_study/students_majoring./education/education/institution;/m/0l2tk;10.529107;10.029428;1;2
/m/01chc7;/film/actor/film./film/performance/film;/m/076xkps;/m/076xkps;/film/film/starring./film/performance/actor;/m/01chc7;;;;;;;;;;10.540648;4.114222;1;575
/m/0fthdk;/film/actor/film./film/performance/film;/m/02mmwk;/m/0fthdk;/film/actor/film./film/performance/film;/m/05q7874;/m/0fthdk;/film/actor/film./film/performance/film;/m/075wx7_;/m/0fthdk;/film/actor/film./film/performance/film;/m/0cn_b8;/m/0fthdk;/film/actor/film./film/performance/film;/m/0cfhfz;9.676171;9.453127;1;5
/m/084m3;/film/actor/film./film/performance/film;/m/034qrh;/m/084m3;/film/actor/film./film/performance/film;/m/015bpl;/m/084m3;/film/actor/film./film/performance/film;/m/07gghl;/m/084m3;/film/actor/film./film/performance/film;/m/012gk9;/m/084m3;/film/actor/film./film/performance/film;/m/0m5s5;12.003456;11.5440445;1;3
/m/04vr_f;/film/film/cinematography;/m/0bqytm;/m/0bqytm;/film/cinematographer/film;/m/04vr_f;/m/04vr_f;/film/film/edited_by;/m/08h79x;/m/08h79x;/award/award_winner/awards_won./award/award_honor/honored_for;/m/04vr_f;/m/04sry;/award/award_winner/awards_won./award/award_honor/honored_for;/m/04vr_f;15.546358;9.60327;1;7
/m/0kb07;/film/film/distributors./film/film_film_distributor_relationship/distributor;/m/05qd_;/m/0kb07;/film/film/production_companies;/m/05qd_;/m/05qd_;/award/award_nominee/award_nominations./award/award_nomination/nominated_for;/m/0kb07;/m/05qd_;/film/production_company/films;/m/0kb07;/m/0kb07;/award/award_nominated_work/award_nominations./award/award_nomination/award_nominee;/m/05qd_;11.13501;7.3578787;1;2
/m/0pv54;/film/film/distributors./film/film_film_distributor_relationship/distributor;/m/086k8;/m/086k8;/film/film_distributor/films_distributed./film/film_film_distributor_relationship/film;/m/0pv54;/m/0pv54;/film/film/starring./film/performance/actor;/m/045c66;/m/045c66;/film/actor/film./film/performance/film;/m/0pv54;/m/0pv54;/award/award_nominated_work/award_nominations./award/award_nomination/award_nominee;/m/09y20;11.182228;7.113966;1;1
/m/02r8hh_;/film/film/executive_produced_by;/m/02q_cc;/m/02q_cc;/film/producer/films_executive_produced;/m/02r8hh_;/m/0cbkc;/film/actor/film./film/performance/film;/m/02r8hh_;/m/03bxz7;/film/film_genre/films_in_this_genre;/m/02r8hh_;/m/09tqxt;/award/award_category/nominees./award/award_nomination/nominated_for;/m/02r8hh_;12.603124;4.6644964;1;40
/m/0b2qtl;/film/film/genre;/m/060__y;/m/0b2qtl;/film/film/genre;/m/04xvh5;/m/0b2qtl;/film/film/genre;/m/082gq;/m/0b2qtl;/film/film/genre;/m/02l7c8;/m/0b2qtl;/film/film/genre;/m/04xvlr;9.624819;9.198344;1;5
/m/0421v9q;/film/film/genre;/m/02l7c8;/m/0421v9q;/film/film/genre;/m/06cvj;/m/0421v9q;/film/film/genre;/m/05p553;/m/0421v9q;/film/film/genre;/m/07s9rl0;/m/0421v9q;/media_common/netflix_title/netflix_genres;/m/01z4y;7.5631247;6.5482674;1;4
/m/05nlx4;/film/film/other_crew./film/film_crew_gig/crewmember;/m/0g9zcgx;/m/05nlx4;/award/award_nominated_work/award_nominations./award/award_nomination/award_nominee;/m/0g9zcgx;/m/0g9zcgx;/film/film_crewmember/films_crewed./film/film_crew_gig/film;/m/05nlx4;/m/0g9zcgx;/award/award_nominee/award_nominations./award/award_nomination/nominated_for;/m/05nlx4;/m/05nlx4;/film/film/other_crew./film/film_crew_gig/crewmember;/m/04ktcgn;14.0216055;12.005616;1;2
/m/0h1cdwq;/film/film/production_companies;/m/016tt2;/m/016tt2;/film/production_company/films;/m/0h1cdwq;/m/016tt2;/film/film_distributor/films_distributed./film/film_film_distributor_relationship/film;/m/0h1cdwq;/m/0h1cdwq;/film/film/production_companies;/m/0c41qv;/m/04pqqb;/film/producer/films_executive_produced;/m/0h1cdwq;11.442198;8.797811;1;2
/m/04gv3db;/film/film/starring./film/performance/actor;/m/01rcmg;/m/01rcmg;/film/actor/film./film/performance/film;/m/04gv3db;;;;;;;;;;11.242655;7.4622717;1;23
/m/03shpq;/film/film/starring./film/performance/actor;/m/059_gf;/m/059_gf;/award/award_nominee/award_nominations./award/award_nomination/nominated_for;/m/03shpq;/m/059_gf;/film/actor/film./film/performance/film;/m/03shpq;/m/03shpq;/film/film/starring./film/performance/actor;/m/046qq;/m/03shpq;/film/film/starring./film/performance/actor;/m/03cglm;11.913842;6.0475903;1;57
/m/05nlx4;/film/film/starring./film/performance/actor;/m/01tsbmv;/m/05nlx4;/film/film/starring./film/performance/actor;/m/0m9v7;/m/05nlx4;/film/film/starring./film/performance/actor;/m/01l2fn;/m/05nlx4;/film/film/starring./film/performance/actor;/m/02cllz;/m/05nlx4;/film/film/starring./film/performance/actor;/m/09wj5;8.462453;8.030405;1;5
/m/07ghv5;/film/film/starring./film/performance/actor;/m/01rddlc;/m/01rddlc;/film/actor/film./film/performance/film;/m/07ghv5;/m/07ghv5;/film/film/starring./film/performance/actor;/m/0dt645q;/m/07ghv5;/film/film/starring./film/performance/actor;/m/01wphh2;/m/01wphh2;/film/actor/film./film/performance/film;/m/07ghv5;12.230342;6.0892496;1;25
/m/0jvt9;/film/film/starring./film/performance/actor;/m/01csrl;/m/01csrl;/film/actor/film./film/performance/film;/m/0jvt9;;;;;;;;;;12.116371;7.4932365;1;38
/m/02wgk1;/film/film/starring./film/performance/actor;/m/044mrh;/m/044mrh;/film/actor/film./film/performance/film;/m/02wgk1;;;;;;;;;;11.359819;4.9935308;1;330
/m/0fvr1;/film/film/starring./film/performance/actor;/m/01t6xz;/m/01t6xz;/film/actor/film./film/performance/film;/m/0fvr1;;;;;;;;;;11.383594;4.0585403;1;590
/m/0_7w6;/film/film/starring./film/performance/actor;/m/01v3vp;/m/01v3vp;/film/actor/film./film/performance/film;/m/0_7w6;/m/0_7w6;/film/film/starring./film/performance/actor;/m/024my5;/m/0_7w6;/film/film/starring./film/performance/actor;/m/0161h5;/m/0_7w6;/film/film/starring./film/performance/actor;/m/02sjf5;12.070822;7.55306;1;6
/m/01qncf;/film/film/written_by;/m/01g1lp;/m/01g1lp;/award/award_winner/awards_won./award/award_honor/honored_for;/m/01qncf;/m/01g1lp;/film/writer/film;/m/01qncf;/m/01qncf;/film/film/directed_by;/m/01g1lp;/m/01g1lp;/film/director/film;/m/01qncf;14.33173;11.142719;1;1
/m/03mfqm;/film/film_costumer_designer/costume_design_for_film;/m/027pfg;/m/027pfg;/film/film/costume_design_by;/m/03mfqm;/m/03mfqm;/film/film_costumer_designer/costume_design_for_film;/m/0g5qs2k;/m/03mfqm;/film/film_costumer_designer/costume_design_for_film;/m/09g7vfw;;;;13.105489;8.743726;1;21
/m/03_gd;/film/film_story_contributor/film_story_credits;/m/01gwk3;/m/01gwk3;/film/film/story_by;/m/03_gd;/m/03_gd;/film/film_story_contributor/film_story_credits;/m/0bth54;/m/01f8hf;/film/film/story_by;/m/03_gd;/m/03_gd;/film/film_story_contributor/film_story_credits;/m/01f8hf;12.701074;8.229756;1;8
/m/03c_8t;/film/music_contributor/film;/m/0ddf2bm;/m/0ddf2bm;/film/film/music;/m/03c_8t;/m/03c_8t;/film/music_contributor/film;/m/02bqvs;/m/03c_8t;/film/music_contributor/film;/m/05p1tzf;;;;13.410962;7.4896383;1;211
/m/01pb34;/film/special_film_performance_type/film_performance_type./film/performance/film;/m/013q07;/m/01pb34;/film/special_film_performance_type/film_performance_type./film/performance/film;/m/01l_pn;/m/01pb34;/film/special_film_performance_type/film_performance_type./film/performance/film;/m/03177r;/m/01pb34;/film/special_film_performance_type/film_performance_type./film/performance/film;/m/012s1d;/m/01pb34;/film/special_film_performance_type/film_performance_type./film/performance/film;/m/013q0p;9.974803;8.758217;1;4
/m/026zt;/geography/river/basin_countries;/m/077qn;/m/026zt;/geography/river/basin_countries;/m/01pj7;/m/026zt;/geography/river/basin_countries;/m/07t21;;;;;;;8.017589;7.6110444;1;6
/m/0226cw;/government/politician/government_positions_held./government/government_position_held/legislative_sessions;/m/04gp1d;/m/0226cw;/government/politician/government_positions_held./government/government_position_held/legislative_sessions;/m/0495ys;/m/0226cw;/government/politician/government_positions_held./government/government_position_held/legislative_sessions;/m/04h1rz;/m/0226cw;/government/politician/government_positions_held./government/government_position_held/legislative_sessions;/m/060ny2;/m/0226cw;/government/politician/government_positions_held./government/government_position_held/legislative_sessions;/m/032ft5;12.320753;11.139276;1;4
/m/0q9t7;/influence/influence_node/influenced_by;/m/014z8v;/m/014z8v;/influence/influence_node/influenced;/m/0q9t7;/m/0q9t7;/influence/influence_node/influenced_by;/m/0683n;/m/0q9t7;/people/person/profession;/m/01d_h8;/m/0q9t7;/common/topic/webpage./common/webpage/category;/m/08mbj5d;12.121616;8.565042;1;3
/m/07lp1;/influence/influence_node/influenced_by;/m/0hcvy;/m/0hcvy;/influence/influence_node/influenced;/m/07lp1;;;;;;;;;;11.15215;5.536648;1;83
/m/07f5x;/location/location/adjoin_s./location/adjoining_relationship/adjoins;/m/0164v;/m/0164v;/location/location/adjoin_s./location/adjoining_relationship/adjoins;/m/07f5x;;;;;;;;;;12.916813;7.6978416;1;16
/m/05nrg;/location/location/contains;/m/05br2;/m/05nrg;/location/location/contains;/m/06s9y;/m/05nrg;/location/location/contains;/m/05tr7;/m/05nrg;/location/location/contains;/m/02wt0;/m/05nrg;/location/location/contains;/m/01n8qg;13.464586;13.224902;1;3
/m/01gf5;/location/location/people_born_here;/m/0149xx;/m/0149xx;/people/person/place_of_birth;/m/01gf5;/m/01gf5;/common/topic/webpage./common/webpage/category;/m/08mbj5d;/m/08mbj5d;/common/annotation_category/annotations./common/webpage/topic;/m/01gf5;;;;15.59836;2.829712;1;1098
/m/0f__1;/location/location/people_born_here;/m/02mxw0;/m/02mxw0;/people/person/place_of_birth;/m/0f__1;/m/0f__1;/location/location/people_born_here;/m/02x0dzw;/m/0f__1;/location/location/people_born_here;/m/03qcq;/m/0f__1;/location/location/people_born_here;/m/01ws9n6;12.480278;9.933502;1;8
/m/01c7qd;/music/artist/contribution./music/recording_contribution/performance_role;/m/03bx0bm;/m/03bx0bm;/music/performance_role/guest_performances./music/recording_contribution/contributor;/m/01c7qd;/m/01c7qd;/people/person/nationality;/m/09c7w0;/m/054ks3;/award/award_category/nominees./award/award_nomination/award_nominee;/m/01c7qd;/m/025m8l;/award/award_category/nominees./award/award_nomination/award_nominee;/m/01c7qd;12.236715;6.17464;1;1
/m/04bbv7;/music/artist/genre;/m/06by7;/m/06by7;/music/genre/artists;/m/04bbv7;/m/04bbv7;/music/artist/genre;/m/016clz;/m/04bbv7;/music/artist/genre;/m/064t9;/m/09jwl;/people/profession/people_with_this_profession;/m/04bbv7;10.378661;7.7778053;1;3
/m/0gg8l;/music/genre/artists;/m/02cx90;/m/0gg8l;/music/genre/artists;/m/0x3b7;/m/0gg8l;/music/genre/artists;/m/01m15br;/m/0gg8l;/music/genre/artists;/m/01m1dzc;/m/0gg8l;/music/genre/artists;/m/0ggjt;10.451439;10.490791;1;3
/m/08cyft;/music/genre/subgenre;/m/03mb9;/m/03mb9;/music/genre/parent_genre;/m/08cyft;/m/08cyft;/music/genre/subgenre;/m/07gxw;/m/08cyft;/music/genre/subgenre;/m/035wcs;/m/08cyft;/music/genre/subgenre;/m/02cqny;12.47981;9.83482;1;11
/m/0frsw;/music/musical_group/member./music/group_membership/member;/m/0lbj1;/m/0lbj1;/music/group_member/membership./music/group_membership/group;/m/0frsw;/m/0frsw;/music/musical_group/member./music/group_membership/member;/m/0fp_v1x;;;;;;;15.065043;12.094708;1;2
/m/0bxl5;/music/performance_role/track_performances./music/track_contribution/contributor;/m/0fpjd_g;/m/0fpjd_g;/music/artist/track_contributions./music/track_contribution/role;/m/0bxl5;/m/0bxl5;/music/performance_role/track_performances./music/track_contribution/contributor;/m/01vsnff;/m/0bxl5;/music/performance_role/track_performances./music/track_contribution/contributor;/m/09hnb;/m/0bxl5;/music/performance_role/track_performances./music/track_contribution/contributor;/m/01wzlxj;10.604671;7.2573223;1;34
/m/02w3w;/music/performance_role/track_performances./music/track_contribution/role;/m/042v_gx;/m/042v_gx;/music/performance_role/track_performances./music/track_contribution/role;/m/02w3w;/m/02w3w;/music/performance_role/track_performances./music/track_contribution/role;/m/02sgy;;;;;;;7.3272147;5.898779;1;5
/m/0879xc;/olympics/olympic_athlete/country./olympics/olympic_athlete_affiliation/sport;/m/02vx4;/m/02vx4;/sports/sport/pro_athletes./sports/pro_sports_played/athlete;/m/0879xc;/m/0879xc;/sports/pro_athlete/sports_played_professionally./sports/pro_sports_played/sport;/m/02vx4;/m/0879xc;/olympics/olympic_athlete/country./olympics/olympic_athlete_affiliation/country;/m/0chghy;/m/0chghy;/olympics/olympic_participating_country/athletes./olympics/olympic_athlete_affiliation/athlete;/m/0879xc;10.928027;9.626439;1;1
/m/06mkj;/olympics/olympic_participating_country/athletes./olympics/olympic_athlete_affiliation/olympics;/m/0kbws;/m/0kbws;/olympics/olympic_games/athletes./olympics/olympic_athlete_affiliation/country;/m/06mkj;/m/0kbws;/olympics/olympic_games/participating_countries;/m/06mkj;/m/06mkj;/olympics/olympic_participating_country/athletes./olympics/olympic_athlete_affiliation/olympics;/m/09n48;/m/06mkj;/olympics/olympic_participating_country/athletes./olympics/olympic_athlete_affiliation/olympics;/m/0sx8l;8.9959545;8.073692;1;2
/m/0jgd;/olympics/olympic_participating_country/medals_won./olympics/olympic_medal_honor/olympics;/m/0l6mp;/m/0jgd;/olympics/olympic_participating_country/medals_won./olympics/olympic_medal_honor/olympics;/m/0jhn7;/m/0jgd;/olympics/olympic_participating_country/medals_won./olympics/olympic_medal_honor/olympics;/m/0blg2;/m/0jgd;/olympics/olympic_participating_country/medals_won./olympics/olympic_medal_honor/olympics;/m/0l998;/m/0jgd;/olympics/olympic_participating_country/medals_won./olympics/olympic_medal_honor/olympics;/m/0ldqf;9.398163;9.337326;1;2
/m/071t0;/olympics/olympic_sport/athletes./olympics/olympic_athlete_affiliation/country;/m/07ww5;/m/07ww5;/olympics/olympic_participating_country/athletes./olympics/olympic_athlete_affiliation/sport;/m/071t0;;;;;;;;;;6.9172406;4.081185;1;75
/m/07f3xb;/people/person/places_lived./people/place_lived/location;/m/0nq_b;/m/07f3xb;/people/person/place_of_birth;/m/0nq_b;/m/0nq_b;/location/location/people_born_here;/m/07f3xb;/m/014xf6;/education/educational_institution/students_graduates./education/education/student;/m/07f3xb;/m/07f3xb;/people/person/nationality;/m/07ssc;10.453919;1.0521556;1;661
/m/048hf;/people/person/places_lived./people/place_lived/location;/m/0kf9p;/m/048hf;/people/person/place_of_birth;/m/0kf9p;/m/048hf;/people/person/spouse_s./people/marriage/location_of_ceremony;/m/0f2v0;/m/048hf;/people/person/places_lived./people/place_lived/location;/m/0f2wj;/m/07t90;/education/educational_institution/students_graduates./education/education/student;/m/048hf;9.931446;-0.91303146;1;1541
/m/019fz;/people/person/profession;/m/03sbb;/m/03sbb;/people/profession/people_with_this_profession;/m/019fz;/m/019fz;/people/person/profession;/m/080ntlp;/m/019fz;/people/person/profession;/m/01l5t6;/m/019fz;/people/person/profession;/m/06q2q;9.3972225;5.1857557;1;7
/m/022_q8;/people/person/profession;/m/0q04f;/m/0q04f;/people/profession/people_with_this_profession;/m/022_q8;/m/022_q8;/people/person/profession;/m/02krf9;/m/022_q8;/people/person/profession;/m/02hrh1q;/m/022_q8;/people/person/profession;/m/0dxtg;8.614717;4.3208256;1;10
/m/0f13b;/people/person/profession;/m/0lgw7;/m/0lgw7;/people/profession/people_with_this_profession;/m/0f13b;;;;;;;;;;8.250664;2.4315605;1;23
/m/02t_99;/people/person/religion;/m/0c8wxp;/m/02t_99;/people/person/profession;/m/02hrh1q;/m/02hrh1q;/people/profession/people_with_this_profession;/m/02t_99;/m/02t_99;/people/person/ethnicity;/m/033tf_;/m/01_d4;/location/location/people_born_here;/m/02t_99;13.655861;12.370034;1;1
/m/029bkp;/people/profession/people_with_this_profession;/m/0fpjd_g;/m/0fpjd_g;/people/person/profession;/m/029bkp;/m/029bkp;/people/profession/people_with_this_profession;/m/01qdjm;/m/029bkp;/people/profession/people_with_this_profession;/m/0407f;/m/029bkp;/people/profession/people_with_this_profession;/m/02pbrn;9.40121;7.066164;1;5
/m/0kyk;/people/profession/people_with_this_profession;/m/02465;/m/0kyk;/people/profession/people_with_this_profession;/m/06hgj;/m/0kyk;/people/profession/people_with_this_profession;/m/0yxl;/m/0kyk;/people/profession/people_with_this_profession;/m/0kc6;/m/0kyk;/people/profession/people_with_this_profession;/m/06crng;8.143645;8.093742;1;2
/m/0d8qb;/people/profession/people_with_this_profession;/m/01k70_;/m/0d8qb;/people/profession/people_with_this_profession;/m/06n7h7;/m/0d8qb;/people/profession/people_with_this_profession;/m/05sj55;/m/0d8qb;/people/profession/people_with_this_profession;/m/06jvj7;/m/0d8qb;/people/profession/people_with_this_profession;/m/06jw0s;9.083624;8.777253;1;5
/m/05snw;/people/profession/people_with_this_profession;/m/0gz_;/m/0gz_;/people/person/profession;/m/05snw;/m/05snw;/people/profession/people_with_this_profession;/m/04jzj;/m/05snw;/people/profession/people_with_this_profession;/m/034ks;/m/05snw;/people/profession/people_with_this_profession;/m/0jcx;10.810668;8.541427;1;4
/m/0bgv4g;/sports/sports_position/players./american_football/football_historical_roster_position/position_s;/m/023wyl;/m/023wyl;/sports/sports_position/players./sports/sports_team_roster/position;/m/0bgv4g;/m/0bgv4g;/sports/sports_position/players./american_football/football_historical_roster_position/position_s;/m/01r3hr;/m/0bgv4g;/sports/sports_position/players./american_football/football_historical_roster_position/position_s;/m/0bgv8y;/m/0bgv4g;/sports/sports_position/players./american_football/football_historical_roster_position/position_s;/m/03h42s4;10.482457;10.673461;1;2
/m/0cqt41;/sports/sports_team/roster./baseball/baseball_historical_roster_position/player;/m/06s27s;/m/0cqt41;/baseball/baseball_team/historical_roster./sports/sports_team_roster/player;/m/06s27s;/m/06s27s;/baseball/baseball_player/former_teams./baseball/baseball_historical_roster_position/team;/m/0cqt41;/m/06s27s;/baseball/baseball_player/former_teams./sports/sports_team_roster/team;/m/0cqt41;/m/0cqt41;/sports/sports_team/roster./baseball/baseball_historical_roster_position/player;/m/040j2_;12.036612;13.019974;1;3
/m/01dtl;/sports/sports_team/roster./soccer/football_roster_position/player;/m/05s_c38;/m/01dtl;/sports/sports_team/roster./sports/sports_team_roster/player;/m/05s_c38;/m/01dtl;/soccer/football_team/current_roster./sports/sports_team_roster/player;/m/05s_c38;/m/05s_c38;/soccer/football_player/current_team./sports/sports_team_roster/team;/m/01dtl;/m/01dtl;/sports/sports_team/roster./soccer/football_roster_position/player;/m/06sy4c;13.881124;13.378981;1;2
/m/0ws7;/sports/sports_team/roster./sports/sports_team_roster/position;/m/05zm34;/m/05zm34;/sports/sports_position/players./sports/sports_team_roster/team;/m/0ws7;/m/0ws7;/american_football/football_team/historical_roster./sports/sports_team_roster/position;/m/05zm34;/m/0ws7;/sports/sports_team/roster./american_football/football_historical_roster_position/position_s;/m/05zm34;/m/0ws7;/sports/sports_team/roster./sports/sports_team_roster/position;/m/047g8h;8.49217;7.8777165;1;2
/m/06n7h7;/tv/tv_actor/starring_roles./tv/regular_tv_appearance/series;/m/01h1bf;/m/01h1bf;/tv/tv_program/regular_cast./tv/regular_tv_appearance/actor;/m/06n7h7;/m/01h1bf;/award/award_nominated_work/award_nominations./award/award_nomination/award_nominee;/m/06n7h7;/m/06n7h7;/award/award_nominee/award_nominations./award/award_nomination/nominated_for;/m/01h1bf;/m/06n7h7;/people/person/place_of_birth;/m/0ftkx;15.931928;12.88766;1;1
/m/0q9nj;/tv/tv_program/original_network./tv/tv_network_duration/network;/m/04rqd;/m/04rqd;/tv/tv_network/programs./tv/tv_network_duration/program;/m/0q9nj;;;;;;;;;;13.610844;10.346077;1;21
