billy_halop;actedin;hell's_kitchen_(1939_film);billy_halop;actedin;the_angels_wash_their_faces;billy_halop;actedin;on_dress_parade;billy_halop;actedin;crime_school;;;;11.186904;10.459985;1;2
laotian_civil_war;happenedin;north_vietnam;north_vietnam;participatedin;laotian_civil_war;laotian_civil_war;happenedin;kingdom_of_laos;pathet_lao;participatedin;laotian_civil_war;laotian_civil_war;happenedin;south_vietnam;9.956259;8.679829;1;5
rekha;haswonprize;filmfare_awards;rekha;actedin;vijeta;rekha;hasgender;female;rekha;actedin;umrao_jaan;rekha;wasbornin;chennai;9.715776;9.981018;1;1
doug_gilmour;isaffiliatedto;toronto_maple_leafs;doug_gilmour;isaffiliatedto;st._louis_blues;doug_gilmour;haswonprize;frank_j._selke_trophy;doug_gilmour;isaffiliatedto;cornwall_royals;;;;7.3466196;7.30865;1;1
petar_borota;isaffiliatedto;f.c._porto;petar_borota;playsfor;f.c._porto;petar_borota;isaffiliatedto;chelsea_f.c.;petar_borota;isaffiliatedto;fk_partizan;;;;9.646544;5.858945;1;5
lorgio_álvarez;isaffiliatedto;bolivia_national_football_team;lorgio_álvarez;isaffiliatedto;cerro_porteño;lorgio_álvarez;isaffiliatedto;club_atlético_independiente;lorgio_álvarez;isaffiliatedto;club_bolívar;lorgio_álvarez;isaffiliatedto;c.a._independiente;7.527174;7.0999365;1;4
yaroslav_svorak;isaffiliatedto;fc_krymteplytsia_molodizhne;yaroslav_svorak;playsfor;fc_krymteplytsia_molodizhne;yaroslav_svorak;isaffiliatedto;ukraine_national_under-18_football_team;yaroslav_svorak;isaffiliatedto;fc_nyva_ternopil;;;;9.899039;9.536856;1;2
manfred_schwabl;isaffiliatedto;1._fc_nuremberg;manfred_schwabl;isaffiliatedto;germany_national_under-21_football_team;manfred_schwabl;isaffiliatedto;1._fc_nürnberg;manfred_schwabl;isaffiliatedto;bayern_munich_junior_team;manfred_schwabl;isaffiliatedto;germany_national_football_team;8.362648;8.488236;1;3
gábor_bardi;isaffiliatedto;zalaegerszegi_te;gábor_bardi;playsfor;zalaegerszegi_te;gábor_bardi;isaffiliatedto;újpest_fc;gábor_bardi;isaffiliatedto;apop_kinyras_fc;;;;9.410549;9.22571;1;2
imre_deme;isaffiliatedto;hungary_national_under-21_football_team;imre_deme;playsfor;hungary_national_under-21_football_team;imre_deme;isaffiliatedto;hungary_national_under-19_football_team;imre_deme;isaffiliatedto;ferencvárosi_tc;imre_deme;wasbornin;zalaegerszeg;9.084066;7.100813;1;2
andrea_esposito;isaffiliatedto;u.s._lecce;andrea_esposito;playsfor;u.s._lecce;andrea_esposito;isaffiliatedto;genoa_c.f.c.;andrea_esposito;isaffiliatedto;a.s._livorno_calcio;andrea_esposito;isaffiliatedto;bologna_f.c._1909;9.867696;5.6347494;1;5
nicole_barnhart;isaffiliatedto;united_states_women's_national_soccer_team;nicole_barnhart;isaffiliatedto;california_storm;nicole_barnhart;isaffiliatedto;philadelphia_independence;nicole_barnhart;isaffiliatedto;fc_gold_pride;nicole_barnhart;isaffiliatedto;fc_kansas_city;10.029223;9.563921;1;3
héctor_scarone;isaffiliatedto;uruguay_national_football_team;héctor_scarone;playsfor;uruguay_national_football_team;héctor_scarone;isaffiliatedto;club_nacional_de_football;héctor_scarone;isaffiliatedto;u.s._città_di_palermo;héctor_scarone;isaffiliatedto;inter_milan;8.9994335;7.5088983;1;2
attila_polonkai;isaffiliatedto;videoton_fc;attila_polonkai;playsfor;videoton_fc;attila_polonkai;isaffiliatedto;vasas_sc;attila_polonkai;isaffiliatedto;újpest_fc;attila_polonkai;playsfor;puskás_akadémia_fc;9.833277;9.870575;1;2
markus_heppke;isaffiliatedto;rot-weiss_essen;markus_heppke;playsfor;rot-weiss_essen;markus_heppke;isaffiliatedto;fc_schalke_04_ii;markus_heppke;isaffiliatedto;rot-weiß_oberhausen;markus_heppke;isaffiliatedto;de/deutsche_fußballnationalmannschaft_(u-19-junioren);9.501045;6.6293;1;4
césar_pellegrín;isaffiliatedto;deportivo_maldonado;césar_pellegrín;isaffiliatedto;central_español;césar_pellegrín;isaffiliatedto;danubio_f.c.;césar_pellegrín;isaffiliatedto;club_nacional_de_football;césar_pellegrín;isaffiliatedto;uruguay_national_football_team;9.972735;9.839402;1;2
darnell_mee;isaffiliatedto;continental_basketball_association;darnell_mee;isaffiliatedto;yakima_sun_kings;darnell_mee;isaffiliatedto;lega_basket_serie_a;darnell_mee;isaffiliatedto;lnb_pro_a;darnell_mee;isaffiliatedto;national_basketball_league_(australia);8.506543;7.4548626;1;1
dado_pršo;isaffiliatedto;nk_pazinka;dado_pršo;isaffiliatedto;hnk_hajduk_split;dado_pršo;isaffiliatedto;a.c._ajaccio;dado_pršo;isaffiliatedto;a.s._monaco_f.c.;dado_pršo;isaffiliatedto;as_monaco_fc;9.456433;9.413059;1;1
alan_sunderland;isaffiliatedto;england_national_football_b_team;alan_sunderland;playsfor;england_national_football_b_team;alan_sunderland;isaffiliatedto;ipswich_town_f.c.;alan_sunderland;isaffiliatedto;england_national_football_team;alan_sunderland;isaffiliatedto;arsenal_f.c.;9.534371;9.355822;1;3
gérald_passi;isaffiliatedto;montpellier_hsc;gérald_passi;playsfor;montpellier_hsc;gérald_passi;isaffiliatedto;as_monaco_fc;gérald_passi;isaffiliatedto;montpellier_h.s.c.;gérald_passi;isaffiliatedto;as_saint-étienne;9.810753;5.663111;1;12
santiago_cañizares;isaffiliatedto;spain_national_football_team;santiago_cañizares;isaffiliatedto;elche_c.f.;santiago_cañizares;isaffiliatedto;real_madrid_c.f.;santiago_cañizares;isaffiliatedto;spain_national_under-21_football_team;santiago_cañizares;isaffiliatedto;spain_national_under-18_football_team;8.723976;8.455302;1;3
mariusz_ujek;isaffiliatedto;zagłębie_sosnowiec;mariusz_ujek;playsfor;zagłębie_sosnowiec;mariusz_ujek;isaffiliatedto;polonia_bytom;mariusz_ujek;isaffiliatedto;gks_bełchatów;mariusz_ujek;isaffiliatedto;zagłębie_lubin;10.112757;7.527972;1;3
jordy_clasie;isaffiliatedto;feyenoord;jordy_clasie;playsfor;feyenoord;jordy_clasie;playsfor;s.b.v._excelsior;jordy_clasie;hasgender;male;jordy_clasie;isaffiliatedto;netherlands_national_football_team;9.742217;6.257057;1;4
abdikokhor_marifaliev;isaffiliatedto;navbahor_namangan;abdikokhor_marifaliev;playsfor;navbahor_namangan;abdikokhor_marifaliev;isaffiliatedto;fc_kyzylzhar;abdikokhor_marifaliev;isaffiliatedto;pakhtakor_tashkent_fk;abdikokhor_marifaliev;isaffiliatedto;lokomotiv_tashkent_fk;9.579202;9.289192;1;2
colorado_springs_airport;isconnectedto;salt_lake_city_international_airport;salt_lake_city_international_airport;isconnectedto;colorado_springs_airport;colorado_springs_airport;isconnectedto;seattle–tacoma_international_airport;colorado_springs_airport;isconnectedto;san_francisco_international_airport;colorado_springs_airport;isconnectedto;dallas/fort_worth_international_airport;10.049369;7.714406;1;6
saint-augustin_airport;isconnectedto;tête-à-la-baleine_airport;saint-augustin_airport;isconnectedto;la_tabatière_airport;saint-augustin_airport;isconnectedto;lourdes-de-blanc-sablon_airport;saint-augustin_airport;isconnectedto;kegaska_airport;;;;10.340545;11.092583;1;3
jürgen_habermas;isinterestedin;political_philosophy;john_rawls;influences;jürgen_habermas;jürgen_habermas;hasgender;male;immanuel_kant;influences;jürgen_habermas;karl_marx;influences;jürgen_habermas;11.6608925;12.333717;1;1
maitland_florida;islocatedin;florida;maitland_florida;islocatedin;orange_county_(florida);maitland_florida;islocatedin;united_states;maitland_florida;islocatedin;orange_county_florida;;;;8.905711;8.385939;1;1
penarth;islocatedin;wales;penarth;islocatedin;south_wales;penarth;islocatedin;united_kingdom;penarth;islocatedin;glamorgan;penarth;islocatedin;vale_of_glamorgan;9.030948;8.700136;1;1
wallace_mccain;livesin;ontario;wallace_mccain;livesin;toronto;wallace_mccain;diedin;toronto;wallace_mccain;haswonprize;order_of_canada;;;;8.378561;8.6524;1;1
cristian_ianu;playsfor;fc_wohlen;cristian_ianu;isaffiliatedto;fc_wohlen;cristian_ianu;playsfor;fc_aarau;cristian_ianu;playsfor;ac_bellinzona;;;;10.176399;10.061976;1;2
alan_o'neill_(footballer_born_1957);playsfor;shamrock_rovers_f.c.;alan_o'neill_(footballer_born_1957);isaffiliatedto;shamrock_rovers_f.c.;alan_o'neill_(footballer_born_1957);playsfor;sligo_rovers_f.c.;alan_o'neill_(footballer_born_1957);playsfor;dundalk_f.c.;alan_o'neill_(footballer_born_1957);hasgender;male;10.659552;10.367988;1;2
srdjan_luchin;playsfor;romania_national_football_team;srdjan_luchin;isaffiliatedto;romania_national_football_team;srdjan_luchin;playsfor;romania_national_under-21_football_team;srdjan_luchin;playsfor;fc_politehnica_timișoara;srdjan_luchin;playsfor;pfc_botev_plovdiv;9.221159;8.984927;1;2
ian_bogie;playsfor;bedlington_terriers_f.c.;ian_bogie;playsfor;newcastle_united_f.c.;ian_bogie;playsfor;gateshead_f.c.;ian_bogie;playsfor;kidderminster_harriers_f.c.;ian_bogie;playsfor;leyton_orient_f.c.;9.551779;9.852385;1;3
dean_gordon;playsfor;crystal_palace_f.c.;dean_gordon;isaffiliatedto;crystal_palace_f.c.;dean_gordon;playsfor;middlesbrough_f.c.;dean_gordon;playsfor;coventry_city_f.c.;dean_gordon;playsfor;reading_f.c.;10.391138;10.307463;1;3
andrea_orlandi;playsfor;fc_barcelona;andrea_orlandi;playsfor;deportivo_alavés_b;andrea_orlandi;playsfor;deportivo_alavés;andrea_orlandi;playsfor;swansea_city_a.f.c.;andrea_orlandi;playsfor;fc_barcelona_b;9.749031;9.466036;1;1
sven_benken;playsfor;f.c._hansa_rostock;sven_benken;isaffiliatedto;f.c._hansa_rostock;sven_benken;playsfor;fc_energie_cottbus;sven_benken;isaffiliatedto;hansa_rostock;;;;10.2759075;8.597044;1;1
kenneth_udjus;playsfor;sk_brann;kenneth_udjus;isaffiliatedto;sk_brann;kenneth_udjus;playsfor;lillestrøm_sk;kenneth_udjus;playsfor;fk_tønsberg;kenneth_udjus;playsfor;tromsø_il;10.285641;10.361498;1;1
florin_stângă;playsfor;fc_brașov;florin_stângă;playsfor;cs_juventus_bucurești;florin_stângă;playsfor;cs_pandurii_târgu_jiu;florin_stângă;playsfor;asa_târgu_mureș_(2013);florin_stângă;playsfor;as_cimentul_fieni;9.972214;9.493238;1;2
joseph_kamwendo;playsfor;mighty_wanderers_f.c.;joseph_kamwendo;playsfor;malawi_national_football_team;joseph_kamwendo;playsfor;caps_united_f.c.;joseph_kamwendo;playsfor;liga_muçulmana_de_maputo;joseph_kamwendo;playsfor;vasco_da_gama_(south_africa);9.881428;9.338701;1;2
i̇skender_alın;wasbornin;istanbul;i̇skender_alın;isaffiliatedto;i̇stanbul_büyükşehir_belediyespor_(football);i̇skender_alın;playsfor;i̇stanbul_başakşehir_f.k.;i̇skender_alın;hasgender;male;i̇skender_alın;playsfor;fenerbahçe_s.k.;9.54673;9.388164;1;1
