/m/0cm19f;/people/deceased_person/place_of_death;/m/04vmp;/m/0cm19f;/people/person/nationality;/m/03rk0;7.376556;1;9.315473;1;6.9331326;1;0.915470685681303;6.355817079544067
/m/0cm19f;/people/deceased_person/place_of_death;/m/04vmp;/m/01k6nm;/people/person/sibling_s./people/sibling_relationship/sibling;/m/0cm19f;7.376556;1;9.315473;1;9.736187;1;0.3963458183124549;1.0094802379608154
/m/0cm19f;/people/deceased_person/place_of_death;/m/04vmp;/m/0cm19f;/people/person/sibling_s./people/sibling_relationship/sibling;/m/01k6nm;7.376556;1;9.315473;1;9.762789;1;0.38999905989214323;0.9677731990814209
/m/0cm19f;/people/deceased_person/place_of_death;/m/04vmp;/m/0cm19f;/people/person/profession;/m/02hrh1q;7.376556;1;9.315473;1;9.276763;1;0.5096762018915857;0.9663326740264893
/m/0cm19f;/people/deceased_person/place_of_death;/m/04vmp;/m/0cm19f;/people/person/gender;/m/05zppz;7.376556;1;9.315473;1;9.369386;1;0.4865249846285239;0.976393461227417
/m/02qfh;/tv/tv_program/tv_producer./tv/tv_producer_term/producer_type;/m/0ckd1;/m/02qfh;/tv/tv_program/country_of_origin;/m/02jx1;8.202738;1;10.697967;1;10.722057;1;0.49397759953639375;6.993088483810425
/m/02qfh;/tv/tv_program/tv_producer./tv/tv_producer_term/producer_type;/m/0ckd1;/m/02qfh;/tv/tv_program/genre;/m/06q7n;8.202738;1;10.697967;1;10.286205;1;0.6015101263931255;1.0859994888305664
/m/02qfh;/tv/tv_program/tv_producer./tv/tv_producer_term/producer_type;/m/0ckd1;/m/02qfh;/tv/tv_program/country_of_origin;/m/07ssc;8.202738;1;10.697967;1;10.572937;1;0.531216735546934;1.087153434753418
/m/02qfh;/tv/tv_program/tv_producer./tv/tv_producer_term/producer_type;/m/0ckd1;/m/0g5lhl7;/tv/tv_network/programs./tv/tv_network_duration/program;/m/02qfh;8.202738;1;10.697967;1;10.496766;1;0.5501311194910617;1.0911660194396973
/m/02qfh;/tv/tv_program/tv_producer./tv/tv_producer_term/producer_type;/m/0ckd1;/m/02qfh;/tv/tv_program/genre;/m/07s9rl0;8.202738;1;10.697967;1;10.151711;1;0.6332663126584346;1.091088056564331
/m/02qfh;/tv/tv_program/tv_producer./tv/tv_producer_term/producer_type;/m/0ckd1;/m/02qfh;/tv/tv_program/languages;/m/02h40lc;8.202738;1;10.697967;1;10.133429;1;0.6375018947993732;1.093536615371704
/m/02qfh;/tv/tv_program/tv_producer./tv/tv_producer_term/producer_type;/m/0ckd1;/m/02qfh;/tv/tv_program/country_of_origin;/m/04jpl;8.202738;1;10.697967;1;11.202398;1;0.3764997636869351;1.0876696109771729
/m/02qfh;/tv/tv_program/tv_producer./tv/tv_producer_term/producer_type;/m/0ckd1;/m/02qfh;/tv/tv_program/regular_cast./tv/regular_tv_appearance/actor;/m/01qrbf;8.202738;1;10.697967;1;10.850961;1;0.46182589444355643;1.0843188762664795
/m/02qfh;/tv/tv_program/tv_producer./tv/tv_producer_term/producer_type;/m/0ckd1;/m/01f2w0;/tv/tv_network/programs./tv/tv_network_duration/program;/m/02qfh;8.202738;1;10.697967;1;10.925504;1;0.4433598704682086;1.0846433639526367
/m/02qfh;/tv/tv_program/tv_producer./tv/tv_producer_term/producer_type;/m/0ckd1;/m/02qfh;/tv/tv_program/regular_cast./tv/regular_tv_appearance/actor;/m/02_j7t;8.202738;1;10.697967;1;10.852741;1;0.4613833918199883;1.0838079452514648
/m/071cn;/location/location/time_zones;/m/02hcv8;/m/071cn;/location/capital_of_administrative_division/capital_of./location/administrative_division_capital_relationship/administrative_division;/m/0fc_p;7.5893087;1;8.771202;1;8.763445;1;0.5019392869978755;6.439434051513672
/m/071cn;/location/location/time_zones;/m/02hcv8;/m/071cn;/base/biblioness/bibs_location/country;/m/09c7w0;7.5893087;1;8.771202;1;8.535405;1;0.5586776098439568;1.0765807628631592
/m/071cn;/location/location/time_zones;/m/02hcv8;/m/0fc_p;/location/us_county/county_seat;/m/071cn;7.5893087;1;8.771202;1;8.768819;1;0.5005958077471693;1.0739820003509521
/m/071cn;/location/location/time_zones;/m/02hcv8;/m/09c7w0;/location/location/contains;/m/071cn;7.5893087;1;8.771202;1;8.447603;1;0.5802010710638023;1.0766284465789795
/m/071cn;/location/location/time_zones;/m/02hcv8;/m/059rby;/location/location/contains;/m/071cn;7.5893087;1;8.771202;1;8.307338;1;0.6139305004716594;1.0752644538879395
/m/071cn;/location/location/time_zones;/m/02hcv8;/m/01lly5;/people/person/places_lived./people/place_lived/location;/m/071cn;7.5893087;1;8.771202;1;8.863225;1;0.47701049709213034;1.0768747329711914
/m/071cn;/location/location/time_zones;/m/02hcv8;/m/01lly5;/people/person/place_of_birth;/m/071cn;7.5893087;1;8.771202;1;8.867707;1;0.475892415811731;1.073439359664917
/m/071cn;/location/location/time_zones;/m/02hcv8;/m/078bz;/organization/organization/headquarters./location/mailing_address/citytown;/m/071cn;7.5893087;1;8.771202;1;8.799078;1;0.4930314761771547;1.0773966312408447
/m/071cn;/location/location/time_zones;/m/02hcv8;/m/0b_6s7;/time/event/locations;/m/071cn;7.5893087;1;8.771202;1;8.818465;1;0.4881864126605616;1.077326774597168
/m/071cn;/location/location/time_zones;/m/02hcv8;/m/071cn;/common/topic/webpage./common/webpage/category;/m/08mbj5d;7.5893087;1;8.771202;1;8.167993;1;0.6463902444923036;1.0779497623443604
/m/071cn;/location/location/time_zones;/m/02hcv8;/m/0bv7t;/people/person/places_lived./people/place_lived/location;/m/071cn;7.5893087;1;8.771202;1;8.749622;1;0.5053947262558162;1.0809073448181152
/m/071cn;/location/location/time_zones;/m/02hcv8;/m/071cn;/location/location/contains;/m/078bz;7.5893087;1;8.771202;1;8.878924;1;0.4730954412776179;1.0790419578552246
/m/071cn;/location/location/time_zones;/m/02hcv8;/m/07r1h;/people/person/place_of_birth;/m/071cn;7.5893087;1;8.771202;1;8.817269;1;0.4884852268429006;1.0782341957092285
/m/071cn;/location/location/time_zones;/m/02hcv8;/m/0bzrsh;/time/event/locations;/m/071cn;7.5893087;1;8.771202;1;8.850194;1;0.48026228959112843;1.0833652019500732
/m/071cn;/location/location/time_zones;/m/02hcv8;/m/07r1h;/people/person/places_lived./people/place_lived/location;/m/071cn;7.5893087;1;8.771202;1;8.802212;1;0.4922482026492659;1.074951171875
/m/071cn;/location/location/time_zones;/m/02hcv8;/m/0b_6jz;/time/event/locations;/m/071cn;7.5893087;1;8.771202;1;8.718567;1;0.5131557610616585;1.0524137020111084
/m/071cn;/location/location/time_zones;/m/02hcv8;/m/04mby;/people/person/places_lived./people/place_lived/location;/m/071cn;7.5893087;1;8.771202;1;8.919746;1;0.4629320570203317;1.0553193092346191
/m/071cn;/location/location/time_zones;/m/02hcv8;/m/0b_6x2;/time/event/locations;/m/071cn;7.5893087;1;8.771202;1;8.79549;1;0.4939282541092912;1.0525529384613037
/m/071cn;/location/location/time_zones;/m/02hcv8;/m/0pqzh;/people/person/place_of_birth;/m/071cn;7.5893087;1;8.771202;1;8.828348;1;0.4857173685592288;1.0541956424713135
/m/071cn;/location/location/time_zones;/m/02hcv8;/m/0pqzh;/people/person/places_lived./people/place_lived/location;/m/071cn;7.5893087;1;8.771202;1;8.816098;1;0.48877785349294006;1.0501112937927246
/m/02_sr1;/film/film/language;/m/0653m;/m/012d40;/film/actor/film./film/performance/film;/m/02_sr1;7.167171;1;9.354173;1;9.325025;1;0.5072865095668991;6.988668203353882
/m/02_sr1;/film/film/language;/m/0653m;/m/02_sr1;/award/award_winning_work/awards_won./award/award_honor/award_winner;/m/012d40;7.167171;1;9.354173;1;9.371229;1;0.49573598708722083;1.1420795917510986
/m/02_sr1;/film/film/language;/m/0653m;/m/012d40;/award/award_nominee/award_nominations./award/award_nomination/nominated_for;/m/02_sr1;7.167171;1;9.354173;1;9.374507;1;0.49491661421234173;1.1401090621948242
/m/02_sr1;/film/film/language;/m/0653m;/m/02_sr1;/film/film/genre;/m/04t2t;7.167171;1;9.354173;1;9.264806;1;0.5223268708272677;1.140554428100586
/m/02_sr1;/film/film/language;/m/0653m;/m/02_sr1;/film/film/other_crew./film/film_crew_gig/film_crew_role;/m/02r96rf;7.167171;1;9.354173;1;9.306254;1;0.5119772881937144;1.141817331314087
/m/02_sr1;/film/film/language;/m/0653m;/m/02_sr1;/film/film/estimated_budget./measurement_unit/dated_money_value/currency;/m/09nqf;7.167171;1;9.354173;1;9.328231;1;0.5064850984979288;1.1404485702514648
/m/02_sr1;/film/film/language;/m/0653m;/m/02_sr1;/film/film/other_crew./film/film_crew_gig/film_crew_role;/m/01vx2h;7.167171;1;9.354173;1;9.310683;1;0.5108706507633343;1.1520726680755615
/m/02_sr1;/film/film/language;/m/0653m;/m/02_sr1;/film/film/produced_by;/m/03h40_7;7.167171;1;9.354173;1;9.359772;1;0.4986002481788332;1.1427130699157715
/m/02_sr1;/film/film/language;/m/0653m;/m/01900g;/award/award_nominee/award_nominations./award/award_nomination/nominated_for;/m/02_sr1;7.167171;1;9.354173;1;9.409826;1;0.4860901970533852;1.1399948596954346
/m/02_sr1;/film/film/language;/m/0653m;/m/02_sr1;/film/film/featured_film_locations;/m/0cv3w;7.167171;1;9.354173;1;9.349988;1;0.5010461791983821;1.142333984375
/m/02_sr1;/film/film/language;/m/0653m;/m/02_sr1;/film/film/featured_film_locations;/m/030qb3t;7.167171;1;9.354173;1;9.345591;1;0.5021455156247661;1.141871452331543
/m/02_sr1;/film/film/language;/m/0653m;/m/02_sr1;/film/film/genre;/m/0556j8;7.167171;1;9.354173;1;9.404739;1;0.48736102470834897;1.1443707942962646
/m/02_sr1;/film/film/language;/m/0653m;/m/09_gdc;/film/special_film_performance_type/film_performance_type./film/performance/film;/m/02_sr1;7.167171;1;9.354173;1;9.345658;1;0.5021285882148865;1.1423664093017578
/m/02_sr1;/film/film/language;/m/0653m;/m/02p65p;/film/actor/film./film/performance/film;/m/02_sr1;7.167171;1;9.354173;1;9.345013;1;0.5022899944402003;1.1418704986572266
/m/02_sr1;/film/film/language;/m/0653m;/m/02_sr1;/film/film/country;/m/03h64;7.167171;1;9.354173;1;9.26353;1;0.5226452296927777;1.1612963676452637
/m/02_sr1;/film/film/language;/m/0653m;/m/02_sr1;/film/film/other_crew./film/film_crew_gig/film_crew_role;/m/09zzb8;7.167171;1;9.354173;1;9.320525;1;0.5084110907667276;1.153010368347168
/m/02_sr1;/film/film/language;/m/0653m;/m/02_sr1;/film/film/other_crew./film/film_crew_gig/film_crew_role;/m/09vw2b7;7.167171;1;9.354173;1;9.333496;1;0.5051689690606764;1.1490538120269775
/m/02_sr1;/film/film/language;/m/0653m;/m/02_sr1;/film/film/genre;/m/01jfsb;7.167171;1;9.354173;1;9.326;1;0.5070426574445438;1.1413235664367676
/m/02_sr1;/film/film/language;/m/0653m;/m/02_sr1;/film/film/prequel;/m/02gpkt;7.167171;1;9.354173;1;9.446984;1;0.4768137453403852;1.1386425495147705
/m/02_sr1;/film/film/language;/m/0653m;/m/02_sr1;/film/film/genre;/m/02kdv5l;7.167171;1;9.354173;1;9.306828;1;0.5118340798711533;1.142221450805664
/m/0lbj1;/people/person/gender;/m/05zppz;/m/02lfwp;/award/award_winner/awards_won./award/award_honor/award_winner;/m/0lbj1;7.504761;1;8.095512;1;8.097461;1;0.4995129109969818;7.289355754852295
/m/0lbj1;/people/person/gender;/m/05zppz;/m/0lbj1;/award/award_nominee/award_nominations./award/award_nomination/award_nominee;/m/01k_n63;7.504761;1;8.095512;1;8.118807;1;0.4941766511121216;1.3493945598602295
/m/0lbj1;/people/person/gender;/m/05zppz;/m/0lbj1;/award/award_nominee/award_nominations./award/award_nomination/award_nominee;/m/0qf11;7.504761;1;8.095512;1;8.128135;1;0.4918451388635945;1.3490774631500244
/m/0lbj1;/people/person/gender;/m/05zppz;/m/0lbj1;/award/award_nominee/award_nominations./award/award_nomination/award_nominee;/m/02qwg;7.504761;1;8.095512;1;8.131262;1;0.4910635928673691;1.3492443561553955
/m/0lbj1;/people/person/gender;/m/05zppz;/m/0lbj1;/award/award_nominee/award_nominations./award/award_nomination/award_nominee;/m/01c8v0;7.504761;1;8.095512;1;8.123317;1;0.4930493541061855;1.355008602142334
/m/0lbj1;/people/person/gender;/m/05zppz;/m/0lbj1;/award/award_nominee/award_nominations./award/award_nomination/award_nominee;/m/02lfwp;7.504761;1;8.095512;1;8.108913;1;0.49664979226430794;1.350719928741455
/m/0lbj1;/people/person/gender;/m/05zppz;/m/0lbj1;/award/award_winner/awards_won./award/award_honor/award_winner;/m/02lfwp;7.504761;1;8.095512;1;8.099056;1;0.4991140374872846;1.351557970046997
/m/0lbj1;/people/person/gender;/m/05zppz;/m/01ycfv;/award/award_nominee/award_nominations./award/award_nomination/award_nominee;/m/0lbj1;7.504761;1;8.095512;1;8.116191;1;0.49483055415313104;1.347090482711792
/m/0lbj1;/people/person/gender;/m/05zppz;/m/01k_n63;/award/award_nominee/award_nominations./award/award_nomination/award_nominee;/m/0lbj1;7.504761;1;8.095512;1;8.11947;1;0.4940109733217785;1.3481228351593018
/m/0lbj1;/people/person/gender;/m/05zppz;/m/0lbj1;/award/award_nominee/award_nominations./award/award_nomination/award_nominee;/m/01ycfv;7.504761;1;8.095512;1;8.116195;1;0.4948296005807743;1.3472115993499756
/m/0lbj1;/people/person/gender;/m/05zppz;/m/02lfwp;/award/award_nominee/award_nominations./award/award_nomination/award_nominee;/m/0lbj1;7.504761;1;8.095512;1;8.109414;1;0.4965246283424087;1.3526744842529297
/m/0lbj1;/people/person/gender;/m/05zppz;/m/02wh75;/award/award_category/winners./award/award_honor/award_winner;/m/0lbj1;7.504761;1;8.095512;1;8.083336;1;0.503044090806421;1.3534090518951416
/m/0lbj1;/people/person/gender;/m/05zppz;/m/0lbj1;/people/person/profession;/m/01c72t;7.504761;1;8.095512;1;8.033802;1;0.5154226953755547;1.3500847816467285
/m/0lbj1;/people/person/gender;/m/05zppz;/m/0lbj1;/people/person/profession;/m/0dz3r;7.504761;1;8.095512;1;8.062731;1;0.508194666396023;1.3481626510620117
/m/0lbj1;/people/person/gender;/m/05zppz;/m/059kh;/music/genre/artists;/m/0lbj1;7.504761;1;8.095512;1;8.121815;1;0.4934247946517009;1.3503944873809814
/m/0lbj1;/people/person/gender;/m/05zppz;/m/0lbj1;/award/award_winner/awards_won./award/award_honor/award_winner;/m/01vvyvk;7.504761;1;8.095512;1;8.118272;1;0.49431038620548906;1.349459171295166
/m/0lbj1;/people/person/gender;/m/05zppz;/m/0lbj1;/award/award_nominee/award_nominations./award/award_nomination/award;/m/01by1l;7.504761;1;8.095512;1;8.07555;1;0.5049904119781469;1.3472340106964111
/m/0lbj1;/people/person/gender;/m/05zppz;/m/019pm_;/base/popstra/celebrity/friendship./base/popstra/friendship/participant;/m/0lbj1;7.504761;1;8.095512;1;8.147178;1;0.4870865458438;1.3471803665161133
/m/0lbj1;/people/person/gender;/m/05zppz;/m/0lbj1;/award/award_nominee/award_nominations./award/award_nomination/award;/m/03qbh5;7.504761;1;8.095512;1;8.132395;1;0.49078044497033485;1.353900671005249
/m/0lbj1;/people/person/gender;/m/05zppz;/m/0lbj1;/award/award_nominee/award_nominations./award/award_nomination/award;/m/01c92g;7.504761;1;8.095512;1;8.045481;1;0.5125053070327807;1.362553596496582
/m/0lpjn;/people/person/profession;/m/02hrh1q;/m/0lpjn;/award/award_nominee/award_nominations./award/award_nomination/award_nominee;/m/01kj0p;6.4486103;1;6.672717;1;6.6850743;1;0.4969107305724681;8.087984800338745
/m/0lpjn;/people/person/profession;/m/02hrh1q;/m/0lpjn;/award/award_winner/awards_won./award/award_honor/award_winner;/m/03y_46;6.4486103;1;6.672717;1;6.6847425;1;0.49699369715498415;1.557567834854126
/m/0lpjn;/people/person/profession;/m/02hrh1q;/m/0170pk;/award/award_nominee/award_nominations./award/award_nomination/award_nominee;/m/0lpjn;6.4486103;1;6.672717;1;6.6832156;1;0.4973753931787111;1.5561614036560059
/m/0lpjn;/people/person/profession;/m/02hrh1q;/m/01qq_lp;/award/award_winner/awards_won./award/award_honor/award_winner;/m/0lpjn;6.4486103;1;6.672717;1;6.6815686;1;0.49778713240614847;1.5551090240478516
/m/0lpjn;/people/person/profession;/m/02hrh1q;/m/0m31m;/award/award_nominee/award_nominations./award/award_nomination/award_nominee;/m/0lpjn;6.4486103;1;6.672717;1;6.6899257;1;0.49569796211424433;1.561549186706543
/m/0lpjn;/people/person/profession;/m/02hrh1q;/m/02cgb8;/award/award_nominee/award_nominations./award/award_nomination/award_nominee;/m/0lpjn;6.4486103;1;6.672717;1;6.6853395;1;0.4968444527923591;1.5616710186004639
/m/0lpjn;/people/person/profession;/m/02hrh1q;/m/0lpjn;/award/award_winner/awards_won./award/award_honor/award_winner;/m/016xk5;6.4486103;1;6.672717;1;6.6909866;1;0.4954327423162141;1.5671641826629639
/m/0lpjn;/people/person/profession;/m/02hrh1q;/m/02cgb8;/award/award_winner/awards_won./award/award_honor/award_winner;/m/0lpjn;6.4486103;1;6.672717;1;6.685579;1;0.49678461215803493;1.5650043487548828
/m/0lpjn;/people/person/profession;/m/02hrh1q;/m/0lpjn;/award/award_winner/awards_won./award/award_honor/award_winner;/m/02cgb8;6.4486103;1;6.672717;1;6.686009;1;0.4966770899759734;1.5605318546295166
/m/0lpjn;/people/person/profession;/m/02hrh1q;/m/02ply6j;/award/award_nominee/award_nominations./award/award_nomination/award_nominee;/m/0lpjn;6.4486103;1;6.672717;1;6.6781406;1;0.49864411686423926;1.5564112663269043
/m/0lpjn;/people/person/profession;/m/02hrh1q;/m/0lpjn;/award/award_winner/awards_won./award/award_honor/award_winner;/m/05dbf;6.4486103;1;6.672717;1;6.6905932;1;0.4955310819494465;1.5550308227539062
/m/0lpjn;/people/person/profession;/m/02hrh1q;/m/0lpjn;/award/award_nominee/award_nominations./award/award_nomination/award_nominee;/m/04y9dk;6.4486103;1;6.672717;1;6.6826777;1;0.49750985773874046;1.5608530044555664
/m/0lpjn;/people/person/profession;/m/02hrh1q;/m/0lpjn;/award/award_winner/awards_won./award/award_honor/award_winner;/m/0171cm;6.4486103;1;6.672717;1;6.682528;1;0.4975472885411176;1.5590333938598633
/m/0lpjn;/people/person/profession;/m/02hrh1q;/m/0lpjn;/award/award_winner/awards_won./award/award_honor/award_winner;/m/01tspc6;6.4486103;1;6.672717;1;6.6905417;1;0.4955439555271914;1.5514326095581055
/m/0lpjn;/people/person/profession;/m/02hrh1q;/m/04y9dk;/award/award_nominee/award_nominations./award/award_nomination/award_nominee;/m/0lpjn;6.4486103;1;6.672717;1;6.6830983;1;0.4974047178648937;1.5390141010284424
/m/0lpjn;/people/person/profession;/m/02hrh1q;/m/07lt7b;/award/award_nominee/award_nominations./award/award_nomination/award_nominee;/m/0lpjn;6.4486103;1;6.672717;1;6.685827;1;0.49672262594074645;1.541273832321167
/m/0lpjn;/people/person/profession;/m/02hrh1q;/m/01kj0p;/award/award_nominee/award_nominations./award/award_nomination/award_nominee;/m/0lpjn;6.4486103;1;6.672717;1;6.6855593;1;0.49678949953708834;1.5590379238128662
/m/0lpjn;/people/person/profession;/m/02hrh1q;/m/0lpjn;/award/award_nominee/award_nominations./award/award_nomination/award_nominee;/m/017gxw;6.4486103;1;6.672717;1;6.6751595;1;0.49938941032244105;1.557990312576294
/m/0lpjn;/people/person/profession;/m/02hrh1q;/m/017gxw;/award/award_nominee/award_nominations./award/award_nomination/award_nominee;/m/0lpjn;6.4486103;1;6.672717;1;6.6757464;1;0.4992426639626528;1.5603482723236084
/m/0lpjn;/people/person/profession;/m/02hrh1q;/m/0lpjn;/award/award_nominee/award_nominations./award/award_nomination/award_nominee;/m/02cllz;6.4486103;1;6.672717;1;6.6795397;1;0.498294360101234;1.5624761581420898
/m/0bxtg;/base/schemastaging/person_extra/net_worth./measurement_unit/dated_money_value/currency;/m/09nqf;/m/0bxtg;/award/award_nominee/award_nominations./award/award_nomination/award_nominee;/m/019vgs;7.3543153;1;7.8452477;1;7.856365;1;0.4972206640407339;8.304483890533447
/m/0bxtg;/base/schemastaging/person_extra/net_worth./measurement_unit/dated_money_value/currency;/m/09nqf;/m/0bxtg;/film/director/film;/m/0pvms;7.3543153;1;7.8452477;1;7.847067;1;0.49954521668577967;1.767153263092041
/m/0bxtg;/base/schemastaging/person_extra/net_worth./measurement_unit/dated_money_value/currency;/m/09nqf;/m/0bxtg;/award/award_nominee/award_nominations./award/award_nomination/nominated_for;/m/03s9kp;7.3543153;1;7.8452477;1;7.8527126;1;0.49813378723822505;1.7704544067382812
/m/0bxtg;/base/schemastaging/person_extra/net_worth./measurement_unit/dated_money_value/currency;/m/09nqf;/m/025j1t;/award/award_winner/awards_won./award/award_honor/award_winner;/m/0bxtg;7.3543153;1;7.8452477;1;7.857334;1;0.4969784389203531;1.770470142364502
/m/0bxtg;/base/schemastaging/person_extra/net_worth./measurement_unit/dated_money_value/currency;/m/09nqf;/m/0bxtg;/award/award_nominee/award_nominations./award/award_nomination/award_nominee;/m/024bbl;7.3543153;1;7.8452477;1;7.8517356;1;0.49837804409566905;1.7696211338043213
/m/0bxtg;/base/schemastaging/person_extra/net_worth./measurement_unit/dated_money_value/currency;/m/09nqf;/m/04wp3s;/award/award_nominee/award_nominations./award/award_nomination/award_nominee;/m/0bxtg;7.3543153;1;7.8452477;1;7.8559055;1;0.4973355783898252;1.7707483768463135
/m/0bxtg;/base/schemastaging/person_extra/net_worth./measurement_unit/dated_money_value/currency;/m/09nqf;/m/015g28;/award/award_winning_work/awards_won./award/award_honor/award_winner;/m/0bxtg;7.3543153;1;7.8452477;1;7.8471227;1;0.4995312692107986;1.7694957256317139
/m/0bxtg;/base/schemastaging/person_extra/net_worth./measurement_unit/dated_money_value/currency;/m/09nqf;/m/0bxtg;/film/actor/film./film/performance/film;/m/03s9kp;7.3543153;1;7.8452477;1;7.840499;1;0.5011872030835557;1.767547607421875
/m/0bxtg;/base/schemastaging/person_extra/net_worth./measurement_unit/dated_money_value/currency;/m/09nqf;/m/011yd2;/award/award_winning_work/awards_won./award/award_honor/award_winner;/m/0bxtg;7.3543153;1;7.8452477;1;7.852425;1;0.49820566947649586;1.7705695629119873
/m/0bxtg;/base/schemastaging/person_extra/net_worth./measurement_unit/dated_money_value/currency;/m/09nqf;/m/0bxtg;/award/award_nominee/award_nominations./award/award_nomination/award_nominee;/m/0pmhf;7.3543153;1;7.8452477;1;7.8557367;1;0.4973777772988673;1.7694807052612305
/m/0bxtg;/base/schemastaging/person_extra/net_worth./measurement_unit/dated_money_value/currency;/m/09nqf;/m/03h3x5;/film/film/produced_by;/m/0bxtg;7.3543153;1;7.8452477;1;7.842042;1;0.5008014433672805;1.768038272857666
/m/0bxtg;/base/schemastaging/person_extra/net_worth./measurement_unit/dated_money_value/currency;/m/09nqf;/m/0272_vz;/film/film/executive_produced_by;/m/0bxtg;7.3543153;1;7.8452477;1;7.8404737;1;0.5011935211400917;1.7685577869415283
/m/0bxtg;/base/schemastaging/person_extra/net_worth./measurement_unit/dated_money_value/currency;/m/09nqf;/m/0bxtg;/film/actor/film./film/performance/film;/m/065dc4;7.3543153;1;7.8452477;1;7.8474064;1;0.4994603397557597;1.7694549560546875
/m/0bxtg;/base/schemastaging/person_extra/net_worth./measurement_unit/dated_money_value/currency;/m/09nqf;/m/0bxtg;/film/actor/film./film/performance/film;/m/01flv_;7.3543153;1;7.8452477;1;7.8411903;1;0.5010143504532213;1.7698583602905273
/m/0bxtg;/base/schemastaging/person_extra/net_worth./measurement_unit/dated_money_value/currency;/m/09nqf;/m/0bxtg;/film/actor/film./film/performance/film;/m/011yd2;7.3543153;1;7.8452477;1;7.8427114;1;0.5006340738712147;1.7712576389312744
/m/0bxtg;/base/schemastaging/person_extra/net_worth./measurement_unit/dated_money_value/currency;/m/09nqf;/m/0bxtg;/award/award_winner/awards_won./award/award_honor/award_winner;/m/06pj8;7.3543153;1;7.8452477;1;7.8562565;1;0.4972478429271156;1.7749402523040771
/m/0bxtg;/base/schemastaging/person_extra/net_worth./measurement_unit/dated_money_value/currency;/m/09nqf;/m/02d413;/award/award_winning_work/awards_won./award/award_honor/award_winner;/m/0bxtg;7.3543153;1;7.8452477;1;7.852256;1;0.4982479882420307;1.7689735889434814
/m/0bxtg;/base/schemastaging/person_extra/net_worth./measurement_unit/dated_money_value/currency;/m/09nqf;/m/0bxtg;/award/award_nominee/award_nominations./award/award_nomination/award_nominee;/m/04wp3s;7.3543153;1;7.8452477;1;7.855751;1;0.49737420111867775;1.7694945335388184
/m/0bxtg;/base/schemastaging/person_extra/net_worth./measurement_unit/dated_money_value/currency;/m/09nqf;/m/0bxtg;/award/award_nominee/award_nominations./award/award_nomination/award_nominee;/m/025j1t;7.3543153;1;7.8452477;1;7.8565006;1;0.497186809661389;1.7689781188964844
/m/0bxtg;/base/schemastaging/person_extra/net_worth./measurement_unit/dated_money_value/currency;/m/09nqf;/m/03s9kp;/award/award_winning_work/awards_won./award/award_honor/award_winner;/m/0bxtg;7.3543153;1;7.8452477;1;7.8506203;1;0.49865687216530186;1.772167444229126
/m/02_xgp2;/education/educational_degree/people_with_this_degree./education/education/major_field_of_study;/m/01540;/m/02_xgp2;/education/educational_degree/people_with_this_degree./education/education/institution;/m/01lhdt;6.2704725;1;7.895274;1;7.8906264;1;0.50116193085364;8.994093894958496
/m/02_xgp2;/education/educational_degree/people_with_this_degree./education/education/major_field_of_study;/m/01540;/m/02_xgp2;/education/educational_degree/people_with_this_degree./education/education/institution;/m/02sjgpq;6.2704725;1;7.895274;1;7.8873425;1;0.5019829169266241;2.039412021636963
/m/02_xgp2;/education/educational_degree/people_with_this_degree./education/education/major_field_of_study;/m/01540;/m/02_xgp2;/education/educational_degree/people_with_this_degree./education/education/institution;/m/07vfj;6.2704725;1;7.895274;1;7.894271;1;0.5002508163241768;2.041215419769287
/m/02_xgp2;/education/educational_degree/people_with_this_degree./education/education/major_field_of_study;/m/01540;/m/02_xgp2;/education/educational_degree/people_with_this_degree./education/education/institution;/m/01jssp;6.2704725;1;7.895274;1;7.8939323;1;0.5003354548904643;2.0415682792663574
/m/02_xgp2;/education/educational_degree/people_with_this_degree./education/education/major_field_of_study;/m/01540;/m/02_xgp2;/education/educational_degree/people_with_this_degree./education/education/institution;/m/09f2j;6.2704725;1;7.895274;1;7.8901668;1;0.5012768479247716;2.046233892440796
/m/02_xgp2;/education/educational_degree/people_with_this_degree./education/education/major_field_of_study;/m/01540;/m/02_xgp2;/education/educational_degree/people_with_this_degree./education/education/institution;/m/01nm8w;6.2704725;1;7.895274;1;7.888324;1;0.501737587609584;2.0443685054779053
/m/02_xgp2;/education/educational_degree/people_with_this_degree./education/education/major_field_of_study;/m/01540;/m/02_xgp2;/education/educational_degree/people_with_this_degree./education/education/institution;/m/01jsk6;6.2704725;1;7.895274;1;7.8958073;1;0.4998667240174387;2.0447487831115723
/m/02_xgp2;/education/educational_degree/people_with_this_degree./education/education/major_field_of_study;/m/01540;/m/02_xgp2;/education/educational_degree/people_with_this_degree./education/education/institution;/m/01f1r4;6.2704725;1;7.895274;1;7.8905144;1;0.5011899448817217;2.0452096462249756
/m/02_xgp2;/education/educational_degree/people_with_this_degree./education/education/major_field_of_study;/m/01540;/m/02_xgp2;/education/educational_degree/people_with_this_degree./education/education/institution;/m/0c5x_;6.2704725;1;7.895274;1;7.8912416;1;0.5010081515955214;2.045760154724121
/m/02_xgp2;/education/educational_degree/people_with_this_degree./education/education/major_field_of_study;/m/01540;/m/02_xgp2;/education/educational_degree/people_with_this_degree./education/education/institution;/m/06pwq;6.2704725;1;7.895274;1;7.8920665;1;0.5008019202032129;2.0455808639526367
/m/02_xgp2;/education/educational_degree/people_with_this_degree./education/education/major_field_of_study;/m/01540;/m/02_xgp2;/education/educational_degree/people_with_this_degree./education/education/institution;/m/0gl5_;6.2704725;1;7.895274;1;7.8935785;1;0.5004239081320752;2.047408103942871
/m/02_xgp2;/education/educational_degree/people_with_this_degree./education/education/major_field_of_study;/m/01540;/m/02_xgp2;/education/educational_degree/people_with_this_degree./education/education/institution;/m/07t90;6.2704725;1;7.895274;1;7.8879704;1;0.501825920571193;2.045006275177002
/m/02_xgp2;/education/educational_degree/people_with_this_degree./education/education/major_field_of_study;/m/01540;/m/02_xgp2;/education/educational_degree/people_with_this_degree./education/education/institution;/m/01s0_f;6.2704725;1;7.895274;1;7.894743;1;0.5001327991454368;2.04660701751709
/m/02_xgp2;/education/educational_degree/people_with_this_degree./education/education/major_field_of_study;/m/01540;/m/02_xgp2;/education/educational_degree/people_with_this_degree./education/education/institution;/m/02nq10;6.2704725;1;7.895274;1;7.892;1;0.5008184902509503;2.045595407485962
/m/02_xgp2;/education/educational_degree/people_with_this_degree./education/education/major_field_of_study;/m/01540;/m/02_xgp2;/education/educational_degree/people_with_this_degree./education/education/institution;/m/07vhb;6.2704725;1;7.895274;1;7.89236;1;0.5007284874529723;2.0451371669769287
/m/02_xgp2;/education/educational_degree/people_with_this_degree./education/education/major_field_of_study;/m/01540;/m/02_xgp2;/education/educational_degree/people_with_this_degree./education/education/institution;/m/01qd_r;6.2704725;1;7.895274;1;7.8936114;1;0.5004156826968946;2.046656847000122
/m/02_xgp2;/education/educational_degree/people_with_this_degree./education/education/major_field_of_study;/m/01540;/m/02_xgp2;/education/educational_degree/people_with_this_degree./education/education/institution;/m/01hx2t;6.2704725;1;7.895274;1;7.8911834;1;0.5010226950688631;2.0451467037200928
/m/02_xgp2;/education/educational_degree/people_with_this_degree./education/education/major_field_of_study;/m/01540;/m/02_xgp2;/education/educational_degree/people_with_this_degree./education/education/major_field_of_study;/m/01lj9;6.2704725;1;7.895274;1;7.890138;2;1.5012840004352384;2.0466651916503906
/m/02_xgp2;/education/educational_degree/people_with_this_degree./education/education/major_field_of_study;/m/01540;/m/02_xgp2;/education/educational_degree/people_with_this_degree./education/education/institution;/m/0pspl;6.2704725;1;7.895274;1;7.893018;1;0.5005640981188211;2.0456202030181885
/m/02_xgp2;/education/educational_degree/people_with_this_degree./education/education/major_field_of_study;/m/01540;/m/02_xgp2;/education/educational_degree/people_with_this_degree./education/education/institution;/m/09kvv;6.2704725;1;7.895274;1;7.890409;1;0.5012162899821683;2.0451149940490723
/m/0p9sw;/award/award_category/winners./award/award_honor/ceremony;/m/0bzk8w;/m/0p9sw;/award/award_category/category_of;/m/0g_w;6.2716107;1;8.24516;1;8.237009;1;0.5020377523132913;9.140807151794434
/m/0p9sw;/award/award_category/winners./award/award_honor/ceremony;/m/0bzk8w;/m/0p9sw;/award/award_category/nominees./award/award_nomination/nominated_for;/m/035yn8;6.2716107;1;8.24516;1;8.234067;1;0.5027732564729431;2.159794807434082
/m/0p9sw;/award/award_category/winners./award/award_honor/ceremony;/m/0bzk8w;/m/0p9sw;/award/award_category/nominees./award/award_nomination/nominated_for;/m/0gw7p;6.2716107;1;8.24516;1;8.232093;1;0.5032667648868492;2.1702964305877686
/m/0p9sw;/award/award_category/winners./award/award_honor/ceremony;/m/0bzk8w;/m/035yn8;/award/award_winning_work/awards_won./award/award_honor/award;/m/0p9sw;6.2716107;1;8.24516;1;8.232036;1;0.5032810693882749;2.162994384765625
/m/0p9sw;/award/award_category/winners./award/award_honor/ceremony;/m/0bzk8w;/m/04v8x9;/award/award_winning_work/awards_won./award/award_honor/award;/m/0p9sw;6.2716107;1;8.24516;1;8.244276;1;0.5002210140084326;2.158949375152588
/m/0p9sw;/award/award_category/winners./award/award_honor/ceremony;/m/0bzk8w;/m/0p9sw;/award/award_category/nominees./award/award_nomination/nominated_for;/m/01h7bb;6.2716107;1;8.24516;1;8.249321;1;0.49895978124014906;2.1593165397644043
/m/0p9sw;/award/award_category/winners./award/award_honor/ceremony;/m/0bzk8w;/m/0p9sw;/award/award_category/nominees./award/award_nomination/nominated_for;/m/03hj3b3;6.2716107;1;8.24516;1;8.237971;1;0.5017971915095488;2.160837173461914
/m/0p9sw;/award/award_category/winners./award/award_honor/ceremony;/m/0bzk8w;/m/0p9sw;/award/award_category/nominees./award/award_nomination/nominated_for;/m/03hmt9b;6.2716107;1;8.24516;1;8.247784;1;0.49934411086510166;2.1650893688201904
/m/0p9sw;/award/award_category/winners./award/award_honor/ceremony;/m/0bzk8w;/m/0ywrc;/award/award_winning_work/awards_won./award/award_honor/award;/m/0p9sw;6.2716107;1;8.24516;1;8.249662;1;0.49887442778940305;2.161578416824341
/m/0p9sw;/award/award_category/winners./award/award_honor/ceremony;/m/0bzk8w;/m/0p9sw;/award/award_category/nominees./award/award_nomination/nominated_for;/m/0299hs;6.2716107;1;8.24516;1;8.2478695;1;0.4993226532311273;2.158224105834961
/m/0p9sw;/award/award_category/winners./award/award_honor/ceremony;/m/0bzk8w;/m/0g1rw;/award/award_nominee/award_nominations./award/award_nomination/award;/m/0p9sw;6.2716107;1;8.24516;1;8.240825;1;0.5010838491629522;2.1588048934936523
/m/0p9sw;/award/award_category/winners./award/award_honor/ceremony;/m/0bzk8w;/m/0p9sw;/award/award_category/nominees./award/award_nomination/nominated_for;/m/017gl1;6.2716107;1;8.24516;1;8.24878;1;0.4990949640621404;2.160386085510254
/m/0p9sw;/award/award_category/winners./award/award_honor/ceremony;/m/0bzk8w;/m/0p9sw;/award/award_category/nominees./award/award_nomination/nominated_for;/m/0dgq_kn;6.2716107;1;8.24516;1;8.247937;1;0.4993057255438596;2.1622061729431152
/m/0p9sw;/award/award_category/winners./award/award_honor/ceremony;/m/0bzk8w;/m/0404j37;/award/award_winning_work/awards_won./award/award_honor/award;/m/0p9sw;6.2716107;1;8.24516;1;8.246399;1;0.4996902943053554;2.1607680320739746
/m/0p9sw;/award/award_category/winners./award/award_honor/ceremony;/m/0bzk8w;/m/0p9sw;/award/award_category/nominees./award/award_nomination/nominated_for;/m/023p33;6.2716107;1;8.24516;1;8.239841;1;0.5013296572812111;2.1618001461029053
/m/0p9sw;/award/award_category/winners./award/award_honor/ceremony;/m/0bzk8w;/m/0p9sw;/award/award_category/nominees./award/award_nomination/nominated_for;/m/0294zg;6.2716107;1;8.24516;1;8.240186;1;0.5012435887442828;2.163316488265991
/m/0p9sw;/award/award_category/winners./award/award_honor/ceremony;/m/0bzk8w;/m/0p9sw;/award/award_category/winners./award/award_honor/ceremony;/m/073h9x;6.2716107;1;8.24516;1;8.2357235;2;1.50235913433358;2.1642580032348633
/m/0p9sw;/award/award_category/winners./award/award_honor/ceremony;/m/0bzk8w;/m/09dvgb8;/award/award_nominee/award_nominations./award/award_nomination/award;/m/0p9sw;6.2716107;1;8.24516;1;8.247355;1;0.4994511606513402;2.1681270599365234
/m/0p9sw;/award/award_category/winners./award/award_honor/ceremony;/m/0bzk8w;/m/0p9sw;/award/award_category/winners./award/award_honor/ceremony;/m/09306z;6.2716107;1;8.24516;1;8.235756;2;1.5023510282817325;2.1629087924957275
/m/0p9sw;/award/award_category/winners./award/award_honor/ceremony;/m/0bzk8w;/m/0p9sw;/award/award_category/nominees./award/award_nomination/nominated_for;/m/0bdjd;6.2716107;1;8.24516;1;8.246398;1;0.49969053272384306;2.162665367126465
/m/0gqyl;/award/award_category/category_of;/m/0g_w;/m/0gqyl;/award/award_category/winners./award/award_honor/ceremony;/m/0fzrtf;8.96344;1;11.829009;1;11.820031;1;0.5022444574279407;9.687307834625244
/m/0gqyl;/award/award_category/category_of;/m/0g_w;/m/0gqyl;/award/award_category/winners./award/award_honor/ceremony;/m/0bzkvd;8.96344;1;11.829009;1;11.815483;1;0.5033814391542262;2.479264259338379
/m/0gqyl;/award/award_category/category_of;/m/0g_w;/m/0gqyl;/award/award_category/winners./award/award_honor/ceremony;/m/0bzm81;8.96344;1;11.829009;1;11.81114;1;0.5044671300539985;2.4777140617370605
/m/0gqyl;/award/award_category/category_of;/m/0g_w;/m/0gqyl;/award/award_category/winners./award/award_honor/ceremony;/m/02jp5r;8.96344;1;11.829009;1;11.815646;1;0.5033406714194679;2.4801673889160156
/m/0gqyl;/award/award_category/category_of;/m/0g_w;/m/0gqyl;/award/award_category/winners./award/award_honor/ceremony;/m/04110lv;8.96344;1;11.829009;1;11.817615;1;0.5028485943626518;2.4804840087890625
/m/0gqyl;/award/award_category/category_of;/m/0g_w;/m/0gqyl;/award/award_category/winners./award/award_honor/ceremony;/m/09306z;8.96344;1;11.829009;1;11.817308;1;0.5029251241751246;2.4837486743927
/m/0gqyl;/award/award_category/category_of;/m/0g_w;/m/0gqyl;/award/award_category/winners./award/award_honor/ceremony;/m/0bzkgg;8.96344;1;11.829009;1;11.817995;1;0.5027534683353212;2.485215663909912
/m/0gqyl;/award/award_category/category_of;/m/0g_w;/m/0gqyl;/award/award_category/winners./award/award_honor/ceremony;/m/073hmq;8.96344;1;11.829009;1;11.818354;1;0.5026638255806489;2.480433702468872
/m/0gqyl;/award/award_category/category_of;/m/0g_w;/m/0gqyl;/award/award_category/winners./award/award_honor/ceremony;/m/0bvhz9;8.96344;1;11.829009;1;11.811513;1;0.5043739156764264;2.485952615737915
/m/0gqyl;/award/award_category/category_of;/m/0g_w;/m/0gqyl;/award/award_category/winners./award/award_honor/ceremony;/m/0bzjvm;8.96344;1;11.829009;1;11.818271;1;0.5026845674036846;2.494802713394165
/m/0gqyl;/award/award_category/category_of;/m/0g_w;/m/0gqyl;/award/award_category/winners./award/award_honor/ceremony;/m/050yyb;8.96344;1;11.829009;1;11.813745;1;0.5038160536806598;2.48539137840271
/m/0gqyl;/award/award_category/category_of;/m/0g_w;/m/0gqyl;/award/award_category/winners./award/award_honor/ceremony;/m/0bzjgq;8.96344;1;11.829009;1;11.817349;1;0.5029148725258737;2.4789352416992188
/m/0gqyl;/award/award_category/category_of;/m/0g_w;/m/0gqyl;/award/award_category/winners./award/award_honor/ceremony;/m/0c4hnm;8.96344;1;11.829009;1;11.819751;1;0.5023145510331868;2.481595277786255
/m/0gqyl;/award/award_category/category_of;/m/0g_w;/m/0gqyl;/award/award_category/winners./award/award_honor/ceremony;/m/0dznvw;8.96344;1;11.829009;1;11.821053;1;0.5019891157118807;2.4906418323516846
/m/0gqyl;/award/award_category/category_of;/m/0g_w;/m/0gqyl;/award/award_category/winners./award/award_honor/ceremony;/m/0fy59t;8.96344;1;11.829009;1;11.81979;1;0.5023047760800282;2.4856879711151123
/m/0gqyl;/award/award_category/category_of;/m/0g_w;/m/0gqyl;/award/award_category/winners./award/award_honor/ceremony;/m/02hn5v;8.96344;1;11.829009;1;11.815856;1;0.5032882216369751;2.4856154918670654
/m/0gqyl;/award/award_category/category_of;/m/0g_w;/m/0gqyl;/award/award_category/winners./award/award_honor/ceremony;/m/02yvhx;8.96344;1;11.829009;1;11.812176;1;0.5042082269698654;2.482215166091919
/m/0gqyl;/award/award_category/category_of;/m/0g_w;/m/0gqyl;/award/award_category/winners./award/award_honor/ceremony;/m/05qb8vx;8.96344;1;11.829009;1;11.815812;1;0.5032991884157005;2.491032123565674
/m/0gqyl;/award/award_category/category_of;/m/0g_w;/m/0gqyl;/award/award_category/winners./award/award_honor/ceremony;/m/0fzrhn;8.96344;1;11.829009;1;11.814123;1;0.5037214068825427;2.486239433288574
/m/0gqyl;/award/award_category/category_of;/m/0g_w;/m/0gqyl;/award/award_category/winners./award/award_honor/ceremony;/m/059x66;8.96344;1;11.829009;1;11.813713;1;0.503823921034532;2.4868295192718506
