/m/045nc5;/tv/tv_program/country_of_origin;/m/03_3d;/m/045nc5;/tv/tv_program/languages;/m/03_9r;7.473795;1;9.194408;1;8.373285;1;0.6944746959608922;7.010439395904541
/m/045nc5;/tv/tv_program/country_of_origin;/m/03_3d;/m/045nc5;/tv/tv_program/regular_cast./tv/regular_tv_appearance/actor;/m/02h8hr;7.473795;1;9.194408;1;9.114059;1;0.5200764422349251;0.9996011257171631
/m/045nc5;/tv/tv_program/country_of_origin;/m/03_3d;/m/045nc5;/tv/tv_program/genre;/m/0hcr;7.473795;1;9.194408;1;8.88221;1;0.5774218330316163;0.9798574447631836
/m/045nc5;/tv/tv_program/country_of_origin;/m/03_3d;/m/045nc5;/tv/tv_program/regular_cast./tv/regular_tv_appearance/actor;/m/02v92l;7.473795;1;9.194408;1;9.439495;1;0.4390332042298216;0.977025032043457
/m/045nc5;/tv/tv_program/country_of_origin;/m/03_3d;/m/045nc5;/tv/tv_program/genre;/m/0jxy;7.473795;1;9.194408;1;9.019738;1;0.5435568689284102;1.0039000511169434
/m/0l30v;/location/hud_foreclosure_area/estimated_number_of_mortgages./measurement_unit/dated_integer/source;/m/0jbk9;/m/0l339;/location/location/adjoin_s./location/adjoining_relationship/adjoins;/m/0l30v;8.431676;1;9.5338125;1;9.683079;1;0.4627525709240983;7.461313962936401
/m/0l30v;/location/hud_foreclosure_area/estimated_number_of_mortgages./measurement_unit/dated_integer/source;/m/0jbk9;/m/0l30v;/location/location/adjoin_s./location/adjoining_relationship/adjoins;/m/0l2p7;8.431676;1;9.5338125;1;9.6720085;1;0.4655058824225975;1.047426462173462
/m/0l30v;/location/hud_foreclosure_area/estimated_number_of_mortgages./measurement_unit/dated_integer/source;/m/0jbk9;/m/0l30v;/location/location/adjoin_s./location/adjoining_relationship/adjoins;/m/0l339;8.431676;1;9.5338125;1;9.683953;1;0.46253516146548507;1.0409860610961914
/m/0l30v;/location/hud_foreclosure_area/estimated_number_of_mortgages./measurement_unit/dated_integer/source;/m/0jbk9;/m/0r6rq;/location/hud_county_place/county;/m/0l30v;8.431676;1;9.5338125;1;9.738542;1;0.44899575493634275;1.038069486618042
/m/0l30v;/location/hud_foreclosure_area/estimated_number_of_mortgages./measurement_unit/dated_integer/source;/m/0jbk9;/m/0l30v;/location/location/time_zones;/m/02lcqs;8.431676;1;9.5338125;1;9.352378;1;0.5452346377324437;1.040229320526123
/m/0l30v;/location/hud_foreclosure_area/estimated_number_of_mortgages./measurement_unit/dated_integer/source;/m/0jbk9;/m/0r6rq;/location/capital_of_administrative_division/capital_of./location/administrative_division_capital_relationship/administrative_division;/m/0l30v;8.431676;1;9.5338125;1;9.718012;1;0.4540799300204363;1.0361754894256592
/m/0l30v;/location/hud_foreclosure_area/estimated_number_of_mortgages./measurement_unit/dated_integer/source;/m/0jbk9;/m/09c7w0;/location/country/second_level_divisions;/m/0l30v;8.431676;1;9.5338125;1;9.084357;1;0.610509709622794;1.0357742309570312
/m/0l30v;/location/hud_foreclosure_area/estimated_number_of_mortgages./measurement_unit/dated_integer/source;/m/0jbk9;/m/01n7q;/location/location/contains;/m/0l30v;8.431676;1;9.5338125;1;9.290791;1;0.5604582301148842;1.036860704421997
/m/0l30v;/location/hud_foreclosure_area/estimated_number_of_mortgages./measurement_unit/dated_integer/source;/m/0jbk9;/m/0l30v;/location/statistical_region/rent50_2./measurement_unit/dated_money_value/currency;/m/09nqf;8.431676;1;9.5338125;1;8.922328;1;0.6482793684740197;1.0340511798858643
/m/0l30v;/location/hud_foreclosure_area/estimated_number_of_mortgages./measurement_unit/dated_integer/source;/m/0jbk9;/m/0l30v;/location/us_county/county_seat;/m/0r6rq;8.431676;1;9.5338125;1;9.710199;1;0.45601726633689665;1.0351955890655518
/m/0q59y;/people/person/profession;/m/02jknp;/m/02vtnf;/award/award_nominee/award_nominations./award/award_nomination/award_nominee;/m/0q59y;6.7392855;1;8.595606;1;8.6671505;1;0.48212146368940045;7.242380142211914
/m/0q59y;/people/person/profession;/m/02jknp;/m/0q59y;/award/award_nominee/award_nominations./award/award_nomination/award_nominee;/m/02vtnf;6.7392855;1;8.595606;1;8.665861;1;0.48244340084890175;1.0512499809265137
/m/0q59y;/people/person/profession;/m/02jknp;/m/0q59y;/people/person/nationality;/m/09c7w0;6.7392855;1;8.595606;1;8.531891;1;0.5159233587635199;1.054222822189331
/m/0q59y;/people/person/profession;/m/02jknp;/m/0q59y;/people/person/languages;/m/02h40lc;6.7392855;1;8.595606;1;8.501157;1;0.5235947234587287;1.0565698146820068
/m/0q59y;/people/person/profession;/m/02jknp;/m/0bm70b;/award/award_category/winners./award/award_honor/award_winner;/m/0q59y;6.7392855;1;8.595606;1;8.639539;1;0.4890185375373501;1.061474084854126
/m/0q59y;/people/person/profession;/m/02jknp;/m/0q59y;/award/award_nominee/award_nominations./award/award_nomination/nominated_for;/m/0cbl95;6.7392855;1;8.595606;1;8.680888;1;0.47869233135482325;1.0620734691619873
/m/0q59y;/people/person/profession;/m/02jknp;/m/0cbl95;/film/film/written_by;/m/0q59y;6.7392855;1;8.595606;1;8.662038;1;0.4833981053873148;1.071932315826416
/m/0q59y;/people/person/profession;/m/02jknp;/m/0q59y;/people/person/profession;/m/02hv44_;6.7392855;1;8.595606;1;8.656157;1;0.484866950926475;1.0640873908996582
/m/0q59y;/people/person/profession;/m/02jknp;/m/0d085;/award/award_category/winners./award/award_honor/award_winner;/m/0q59y;6.7392855;1;8.595606;1;8.68443;1;0.4778085204807477;1.0621259212493896
/m/0q59y;/people/person/profession;/m/02jknp;/m/01l29r;/award/award_category/winners./award/award_honor/award_winner;/m/0q59y;6.7392855;1;8.595606;1;8.665428;1;0.4825515102483362;1.064633846282959
/m/0q59y;/people/person/profession;/m/02jknp;/m/0q59y;/award/award_nominee/award_nominations./award/award_nomination/award;/m/0bm70b;6.7392855;1;8.595606;1;8.653275;1;0.485586822765079;1.0631937980651855
/m/0q59y;/people/person/profession;/m/02jknp;/m/0q59y;/people/person/profession;/m/01d_h8;6.7392855;1;8.595606;1;8.276135;2;1.5791951805107227;1.063521146774292
/m/0q59y;/people/person/profession;/m/02jknp;/m/0q59y;/people/person/profession;/m/0dxtg;6.7392855;1;8.595606;1;8.301072;2;1.573105700914636;1.0611462593078613
/m/0q59y;/people/person/profession;/m/02jknp;/m/0q59y;/people/person/profession;/m/05sxg2;6.7392855;1;8.595606;1;8.729435;1;0.46659256715805936;1.0619914531707764
/m/0q59y;/people/person/profession;/m/02jknp;/m/0q59y;/people/person/profession;/m/0cbd2;6.7392855;1;8.595606;1;8.666305;1;0.48233267376259553;1.062408208847046
/m/0q59y;/people/person/profession;/m/02jknp;/m/0q59y;/people/person/spouse_s./people/marriage/type_of_union;/m/04ztj;6.7392855;1;8.595606;1;8.507963;1;0.5218966530972948;1.0654306411743164
/m/0q59y;/people/person/profession;/m/02jknp;/m/0q59y;/people/person/profession;/m/02hrh1q;6.7392855;1;8.595606;1;8.484904;1;0.5276471617234747;1.063366174697876
/m/0q59y;/people/person/profession;/m/02jknp;/m/03ksy;/education/educational_institution/students_graduates./education/education/student;/m/0q59y;6.7392855;1;8.595606;1;8.5444355;1;0.5127897966634881;1.060682773590088
/m/0q59y;/people/person/profession;/m/02jknp;/m/0q59y;/award/award_nominee/award_nominations./award/award_nomination/award;/m/01l29r;6.7392855;1;8.595606;1;8.6576185;1;0.4845017981959417;1.0618062019348145
/m/0q59y;/people/person/profession;/m/02jknp;/m/0q59y;/award/award_nominee/award_nominations./award/award_nomination/award;/m/0gr4k;6.7392855;1;8.595606;1;8.463735;1;0.5329201128997602;1.0635294914245605
/m/0418wg;/film/film/language;/m/02bjrlw;/m/0418wg;/film/film/prequel;/m/06z8s_;6.777109;1;8.778003;1;8.891129;1;0.47174867204321663;7.038580417633057
/m/0418wg;/film/film/language;/m/02bjrlw;/m/0418wg;/film/film/language;/m/064_8sq;6.777109;1;8.778003;1;8.508804;3;2.566896107097138;1.1426799297332764
/m/0418wg;/film/film/language;/m/02bjrlw;/m/0c6qh;/film/actor/film./film/performance/film;/m/0418wg;6.777109;1;8.778003;1;8.788483;1;0.49738004221312626;1.1421008110046387
/m/0418wg;/film/film/language;/m/02bjrlw;/m/046zh;/film/actor/film./film/performance/film;/m/0418wg;6.777109;1;8.778003;1;8.776058;1;0.5004861353296051;1.14188551902771
/m/0418wg;/film/film/language;/m/02bjrlw;/m/0418wg;/film/film/production_companies;/m/086k8;6.777109;1;8.778003;1;8.77435;1;0.5009131421427516;1.142085075378418
/m/0418wg;/film/film/language;/m/02bjrlw;/m/0418wg;/film/film/other_crew./film/film_crew_gig/film_crew_role;/m/09zzb8;6.777109;1;8.778003;1;8.728916;1;0.5122691792436784;1.1423969268798828
/m/0418wg;/film/film/language;/m/02bjrlw;/m/0418wg;/film/film/language;/m/0653m;6.777109;1;8.778003;1;8.86815;1;0.47747849504908346;1.142063856124878
/m/0418wg;/film/film/language;/m/02bjrlw;/m/0pnf3;/award/award_nominee/award_nominations./award/award_nomination/nominated_for;/m/0418wg;6.777109;1;8.778003;1;8.8459215;1;0.4830268298453492;1.142991304397583
/m/0418wg;/film/film/language;/m/02bjrlw;/m/0418wg;/film/film/genre;/m/05p553;6.777109;1;8.778003;1;8.718311;1;0.5149184279347422;1.1442134380340576
/m/0418wg;/film/film/language;/m/02bjrlw;/m/014zcr;/film/actor/film./film/performance/film;/m/0418wg;6.777109;1;8.778003;1;8.809948;1;0.4920143719538253;1.1428706645965576
/m/0418wg;/film/film/language;/m/02bjrlw;/m/0126rp;/film/actor/film./film/performance/film;/m/0418wg;6.777109;1;8.778003;1;8.819427;1;0.48964553118531146;1.1427929401397705
/m/0418wg;/film/film/language;/m/02bjrlw;/m/02p65p;/award/award_nominee/award_nominations./award/award_nomination/nominated_for;/m/0418wg;6.777109;1;8.778003;1;8.798019;1;0.4949959995203129;1.1430168151855469
/m/0418wg;/film/film/language;/m/02bjrlw;/m/0418wg;/film/film/cinematography;/m/06t8b;6.777109;1;8.778003;1;8.81649;1;0.4903793289516035;1.141296625137329
/m/0418wg;/film/film/language;/m/02bjrlw;/m/0418wg;/film/film/production_companies;/m/046b0s;6.777109;1;8.778003;1;8.807505;1;0.4926250561542471;1.1432926654815674
/m/0418wg;/film/film/language;/m/02bjrlw;/m/02pqgt8;/award/award_nominee/award_nominations./award/award_nomination/nominated_for;/m/0418wg;6.777109;1;8.778003;1;8.629889;3;2.53696100547833;1.1474730968475342
/m/0418wg;/film/film/language;/m/02bjrlw;/m/046zh;/award/award_nominee/award_nominations./award/award_nomination/nominated_for;/m/0418wg;6.777109;1;8.778003;1;8.801624;1;0.49409488478873903;1.143829345703125
/m/0418wg;/film/film/language;/m/02bjrlw;/m/02xwgr;/film/actor/film./film/performance/film;/m/0418wg;6.777109;1;8.778003;1;8.78791;1;0.4975230896434194;1.1432058811187744
/m/0418wg;/film/film/language;/m/02bjrlw;/m/02xwgr;/award/award_nominee/award_nominations./award/award_nomination/nominated_for;/m/0418wg;6.777109;1;8.778003;1;8.807079;1;0.4927313680383201;1.145693063735962
/m/0418wg;/film/film/language;/m/02bjrlw;/m/099tbz;/award/award_category/nominees./award/award_nomination/nominated_for;/m/0418wg;6.777109;1;8.778003;1;8.813265;1;0.4911853863716109;1.1445372104644775
/m/0418wg;/film/film/language;/m/02bjrlw;/m/02lj6p;/award/award_nominee/award_nominations./award/award_nomination/nominated_for;/m/0418wg;6.777109;1;8.778003;1;8.837298;1;0.4851804282745275;1.1440107822418213
/m/03h_fk5;/people/person/profession;/m/09jwl;/m/01wj92r;/award/award_nominee/award_nominations./award/award_nomination/award_nominee;/m/03h_fk5;7.8090096;1;9.499372;1;9.526151;1;0.4933056063533558;7.318154335021973
/m/03h_fk5;/people/person/profession;/m/09jwl;/m/03h_fk5;/award/award_winner/awards_won./award/award_honor/award_winner;/m/01wj92r;7.8090096;1;9.499372;1;9.5268545;1;0.49312968581935956;1.35292649269104
/m/03h_fk5;/people/person/profession;/m/09jwl;/m/03h_fk5;/award/award_winner/awards_won./award/award_honor/award_winner;/m/0p7h7;7.8090096;1;9.499372;1;9.520826;1;0.49463650296316747;1.3522350788116455
/m/03h_fk5;/people/person/profession;/m/09jwl;/m/09r8l;/award/award_nominee/award_nominations./award/award_nomination/award_nominee;/m/03h_fk5;7.8090096;1;9.499372;1;9.526147;1;0.4933065598567414;1.3533031940460205
/m/03h_fk5;/people/person/profession;/m/09jwl;/m/03h_fk5;/award/award_nominee/award_nominations./award/award_nomination/award_nominee;/m/0x3b7;7.8090096;1;9.499372;1;9.504833;1;0.49863458019169976;1.351365566253662
/m/03h_fk5;/people/person/profession;/m/09jwl;/m/03h_fk5;/award/award_nominee/award_nominations./award/award_nomination/award_nominee;/m/0137n0;7.8090096;1;9.499372;1;9.50786;1;0.49787784897043497;1.3501520156860352
/m/03h_fk5;/people/person/profession;/m/09jwl;/m/0137n0;/award/award_nominee/award_nominations./award/award_nomination/award_nominee;/m/03h_fk5;7.8090096;1;9.499372;1;9.5084715;1;0.4977250256172734;1.3537487983703613
/m/03h_fk5;/people/person/profession;/m/09jwl;/m/0m2l9;/influence/influence_node/influenced_by;/m/03h_fk5;7.8090096;1;9.499372;1;9.519956;1;0.49485415508092845;1.3536913394927979
/m/03h_fk5;/people/person/profession;/m/09jwl;/m/03cfjg;/award/award_nominee/award_nominations./award/award_nomination/award_nominee;/m/03h_fk5;7.8090096;1;9.499372;1;9.519015;1;0.4950892120204993;1.3521227836608887
/m/03h_fk5;/people/person/profession;/m/09jwl;/m/03h_fk5;/award/award_winner/awards_won./award/award_honor/award_winner;/m/01h5f8;7.8090096;1;9.499372;1;9.521761;1;0.49440288082949363;1.3532745838165283
/m/03h_fk5;/people/person/profession;/m/09jwl;/m/03h_fk5;/award/award_nominee/award_nominations./award/award_nomination/award_nominee;/m/09r8l;7.8090096;1;9.499372;1;9.5260515;1;0.49333039745718466;1.3530919551849365
/m/03h_fk5;/people/person/profession;/m/09jwl;/m/03h_fk5;/award/award_nominee/award_nominations./award/award_nomination/award_nominee;/m/03cfjg;7.8090096;1;9.499372;1;9.5184;1;0.4952429776295219;1.3526561260223389
/m/03h_fk5;/people/person/profession;/m/09jwl;/m/03h_fk5;/people/person/profession;/m/0nbcg;7.8090096;1;9.499372;1;9.443601;1;0.5139391056881124;1.3538312911987305
/m/03h_fk5;/people/person/profession;/m/09jwl;/m/0p7h7;/award/award_winner/awards_won./award/award_honor/award_winner;/m/03h_fk5;7.8090096;1;9.499372;1;9.520867;1;0.49462625214620326;1.35255765914917
/m/03h_fk5;/people/person/profession;/m/09jwl;/m/03h_fk5;/award/award_nominee/award_nominations./award/award_nomination/award_nominee;/m/01w5gg6;7.8090096;1;9.499372;1;9.52366;1;0.4939282541092912;1.3516819477081299
/m/03h_fk5;/people/person/profession;/m/09jwl;/m/0p7h7;/award/award_nominee/award_nominations./award/award_nomination/award_nominee;/m/03h_fk5;7.8090096;1;9.499372;1;9.52023;1;0.49478549790048765;1.3537702560424805
/m/03h_fk5;/people/person/profession;/m/09jwl;/m/01lmj3q;/award/award_nominee/award_nominations./award/award_nomination/award_nominee;/m/03h_fk5;7.8090096;1;9.499372;1;9.520275;1;0.4947742934486658;1.3529059886932373
/m/03h_fk5;/people/person/profession;/m/09jwl;/m/03h_fk5;/award/award_nominee/award_nominations./award/award_nomination/award_nominee;/m/01k_r5b;7.8090096;1;9.499372;1;9.5171175;1;0.4955636235045934;1.353081226348877
/m/03h_fk5;/people/person/profession;/m/09jwl;/m/03h_fk5;/award/award_nominee/award_nominations./award/award_nomination/award_nominee;/m/01wj92r;7.8090096;1;9.499372;1;9.526209;1;0.4932910654327659;1.3524551391601562
/m/03h_fk5;/people/person/profession;/m/09jwl;/m/03h_fk5;/award/award_nominee/award_nominations./award/award_nomination/award_nominee;/m/01h5f8;7.8090096;1;9.499372;1;9.519125;1;0.49506179654354104;1.3532991409301758
/m/01w5m;/education/educational_institution/school_type;/m/07tf8;/m/01w5m;/education/educational_institution/students_graduates./education/education/major_field_of_study;/m/02lp1;7.296592;1;8.8148985;1;8.784481;1;0.5076037743253059;7.747318744659424
/m/01w5m;/education/educational_institution/school_type;/m/07tf8;/m/04zx3q1;/education/educational_degree/people_with_this_degree./education/education/institution;/m/01w5m;7.296592;1;8.8148985;1;8.806293;1;0.5021514759791887;1.5188047885894775
/m/01w5m;/education/educational_institution/school_type;/m/07tf8;/m/01w5m;/education/educational_institution/students_graduates./education/education/major_field_of_study;/m/03g3w;7.296592;1;8.8148985;1;8.797251;1;0.5044118213043554;1.5195674896240234
/m/01w5m;/education/educational_institution/school_type;/m/07tf8;/m/0d_w7;/people/person/employment_history./business/employment_tenure/company;/m/01w5m;7.296592;1;8.8148985;1;8.826015;1;0.4972207832463402;1.5189964771270752
/m/01w5m;/education/educational_institution/school_type;/m/07tf8;/m/01w5m;/education/educational_institution/students_graduates./education/education/major_field_of_study;/m/0w7c;7.296592;1;8.8148985;1;8.826151;1;0.49718692886690496;1.5190787315368652
/m/01w5m;/education/educational_institution/school_type;/m/07tf8;/m/01w5m;/education/university/fraternities_and_sororities;/m/035tlh;7.296592;1;8.8148985;1;8.80634;1;0.5021395552697336;1.5183215141296387
/m/01w5m;/education/educational_institution/school_type;/m/07tf8;/m/02_xgp2;/education/educational_degree/people_with_this_degree./education/education/institution;/m/01w5m;7.296592;1;8.8148985;1;8.792501;1;0.505599026280046;1.5183050632476807
/m/01w5m;/education/educational_institution/school_type;/m/07tf8;/m/01w5m;/education/educational_institution/students_graduates./education/education/major_field_of_study;/m/04sh3;7.296592;1;8.8148985;1;8.794075;1;0.505205681569925;1.518505573272705
/m/01w5m;/education/educational_institution/school_type;/m/07tf8;/m/01w5m;/education/educational_institution/students_graduates./education/education/major_field_of_study;/m/01zc2w;7.296592;1;8.8148985;1;8.796944;1;0.5044885860051049;1.5183618068695068
/m/01w5m;/education/educational_institution/school_type;/m/07tf8;/m/01w5m;/education/educational_institution/students_graduates./education/education/major_field_of_study;/m/06ms6;7.296592;1;8.8148985;1;8.797873;1;0.5042563840721204;1.5182924270629883
/m/01w5m;/education/educational_institution/school_type;/m/07tf8;/m/01w5m;/education/educational_institution/students_graduates./education/education/major_field_of_study;/m/01jzxy;7.296592;1;8.8148985;1;8.803613;1;0.5028214155184421;1.521883249282837
/m/01w5m;/education/educational_institution/school_type;/m/07tf8;/m/01w5m;/education/educational_institution/students_graduates./education/education/major_field_of_study;/m/05qfh;7.296592;1;8.8148985;1;8.79979;1;0.5037769552880074;1.5190818309783936
/m/01w5m;/education/educational_institution/school_type;/m/07tf8;/m/014mlp;/education/educational_degree/people_with_this_degree./education/education/institution;/m/01w5m;7.296592;1;8.8148985;1;8.78874;1;0.506539210334642;1.5208473205566406
/m/01w5m;/education/educational_institution/school_type;/m/07tf8;/m/01w5m;/education/educational_institution/students_graduates./education/education/major_field_of_study;/m/01bt59;7.296592;1;8.8148985;1;8.796772;1;0.5045314978576424;1.52052903175354
/m/01w5m;/education/educational_institution/school_type;/m/07tf8;/m/0bkj86;/education/educational_degree/people_with_this_degree./education/education/institution;/m/01w5m;7.296592;1;8.8148985;1;8.784882;1;0.5075036613768743;1.5230510234832764
/m/01w5m;/education/educational_institution/school_type;/m/07tf8;/m/01w5m;/education/educational_institution/students_graduates./education/education/student;/m/02pk6x;7.296592;1;8.8148985;1;8.8175745;1;0.4993309978662696;1.5204453468322754
/m/01w5m;/education/educational_institution/school_type;/m/07tf8;/m/01w5m;/education/educational_institution/students_graduates./education/education/major_field_of_study;/m/03qsdpk;7.296592;1;8.8148985;1;8.820671;1;0.498556856348162;1.5204079151153564
/m/01w5m;/education/educational_institution/school_type;/m/07tf8;/m/01w5m;/common/topic/webpage./common/webpage/category;/m/08mbj5d;7.296592;1;8.8148985;1;8.704631;1;0.5275390116491223;1.524662733078003
/m/01w5m;/education/educational_institution/school_type;/m/07tf8;/m/060c4;/organization/role/leaders./organization/leadership/organization;/m/01w5m;7.296592;1;8.8148985;1;8.796002;1;0.5047238851668868;1.5212712287902832
/m/01w5m;/education/educational_institution/school_type;/m/07tf8;/m/01w5m;/education/university/domestic_tuition./measurement_unit/dated_money_value/currency;/m/09nqf;7.296592;1;8.8148985;1;8.789738;1;0.5062898655512879;1.5210285186767578
/m/0rh6k;/base/petbreeds/city_with_dogs/top_breeds./base/petbreeds/dog_city_relationship/dog_breed;/m/01_gx_;/m/0c_jc;/people/deceased_person/place_of_death;/m/0rh6k;7.4906583;1;8.625636;1;8.634319;1;0.4978292124766907;8.347763299942017
/m/0rh6k;/base/petbreeds/city_with_dogs/top_breeds./base/petbreeds/dog_city_relationship/dog_breed;/m/01_gx_;/m/024l2y;/film/film/featured_film_locations;/m/0rh6k;7.4906583;1;8.625636;1;8.634086;1;0.4978876239568973;1.737421989440918
/m/0rh6k;/base/petbreeds/city_with_dogs/top_breeds./base/petbreeds/dog_city_relationship/dog_breed;/m/01_gx_;/m/0rh6k;/travel/travel_destination/climate./travel/travel_destination_monthly_climate/month;/m/04w_7;7.4906583;1;8.625636;1;8.606931;1;0.5046762056645172;1.736867904663086
/m/0rh6k;/base/petbreeds/city_with_dogs/top_breeds./base/petbreeds/dog_city_relationship/dog_breed;/m/01_gx_;/m/0rh6k;/base/aareas/schema/administrative_area/administrative_parent;/m/09c7w0;7.4906583;1;8.625636;1;8.611306;1;0.5035824162667876;1.736865758895874
/m/0rh6k;/base/petbreeds/city_with_dogs/top_breeds./base/petbreeds/dog_city_relationship/dog_breed;/m/01_gx_;/m/0gys2jp;/film/film/release_date_s./film/film_regional_release_date/film_release_region;/m/0rh6k;7.4906583;1;8.625636;1;8.633039;1;0.4981491650241067;1.7379250526428223
/m/0rh6k;/base/petbreeds/city_with_dogs/top_breeds./base/petbreeds/dog_city_relationship/dog_breed;/m/01_gx_;/m/0rh6k;/travel/travel_destination/climate./travel/travel_destination_monthly_climate/month;/m/05cw8;7.4906583;1;8.625636;1;8.608906;1;0.5041824795761741;1.7393138408660889
/m/0rh6k;/base/petbreeds/city_with_dogs/top_breeds./base/petbreeds/dog_city_relationship/dog_breed;/m/01_gx_;/m/09c7w0;/location/location/contains;/m/0rh6k;7.4906583;1;8.625636;1;8.55551;1;0.5175244522542279;1.7384305000305176
/m/0rh6k;/base/petbreeds/city_with_dogs/top_breeds./base/petbreeds/dog_city_relationship/dog_breed;/m/01_gx_;/m/0rh6k;/location/hud_foreclosure_area/estimated_number_of_mortgages./measurement_unit/dated_integer/source;/m/0jbk9;7.4906583;1;8.625636;1;8.515563;1;0.5274905215451776;1.7379462718963623
/m/0rh6k;/base/petbreeds/city_with_dogs/top_breeds./base/petbreeds/dog_city_relationship/dog_breed;/m/01_gx_;/m/01cm8w;/film/film/release_date_s./film/film_regional_release_date/film_release_region;/m/0rh6k;7.4906583;1;8.625636;1;8.646602;1;0.4947587979388402;1.738915205001831
/m/0rh6k;/base/petbreeds/city_with_dogs/top_breeds./base/petbreeds/dog_city_relationship/dog_breed;/m/01_gx_;/m/083pr;/people/deceased_person/place_of_death;/m/0rh6k;7.4906583;1;8.625636;1;8.624654;1;0.500245571116729;1.7387993335723877
/m/0rh6k;/base/petbreeds/city_with_dogs/top_breeds./base/petbreeds/dog_city_relationship/dog_breed;/m/01_gx_;/m/0rh6k;/common/topic/webpage./common/webpage/category;/m/08mbj5d;7.4906583;1;8.625636;1;8.536407;1;0.5222923689592961;1.7418951988220215
/m/0rh6k;/base/petbreeds/city_with_dogs/top_breeds./base/petbreeds/dog_city_relationship/dog_breed;/m/01_gx_;/m/0rh6k;/travel/travel_destination/climate./travel/travel_destination_monthly_climate/month;/m/040fb;7.4906583;1;8.625636;1;8.607939;1;0.504424218102505;1.7397661209106445
/m/0rh6k;/base/petbreeds/city_with_dogs/top_breeds./base/petbreeds/dog_city_relationship/dog_breed;/m/01_gx_;/m/033srr;/film/film/featured_film_locations;/m/0rh6k;7.4906583;1;8.625636;1;8.629213;1;0.49910569286346335;1.739603042602539
/m/0rh6k;/base/petbreeds/city_with_dogs/top_breeds./base/petbreeds/dog_city_relationship/dog_breed;/m/01_gx_;/m/02mjmr;/people/person/places_lived./people/place_lived/location;/m/0rh6k;7.4906583;1;8.625636;1;8.626065;1;0.499892711641051;1.7396628856658936
/m/0rh6k;/base/petbreeds/city_with_dogs/top_breeds./base/petbreeds/dog_city_relationship/dog_breed;/m/01_gx_;/m/0pyww;/people/person/places_lived./people/place_lived/location;/m/0rh6k;7.4906583;1;8.625636;1;8.627394;1;0.49956059467183467;1.738774061203003
/m/0rh6k;/base/petbreeds/city_with_dogs/top_breeds./base/petbreeds/dog_city_relationship/dog_breed;/m/01_gx_;/m/03_nq;/people/deceased_person/place_of_death;/m/0rh6k;7.4906583;1;8.625636;1;8.631023;1;0.4986531767040657;1.7397644519805908
/m/0rh6k;/base/petbreeds/city_with_dogs/top_breeds./base/petbreeds/dog_city_relationship/dog_breed;/m/01_gx_;/m/0rh6k;/travel/travel_destination/climate./travel/travel_destination_monthly_climate/month;/m/0ll3;7.4906583;1;8.625636;1;8.607334;1;0.5045753632378954;1.7392778396606445
/m/0rh6k;/base/petbreeds/city_with_dogs/top_breeds./base/petbreeds/dog_city_relationship/dog_breed;/m/01_gx_;/m/0rh6k;/travel/travel_destination/climate./travel/travel_destination_monthly_climate/month;/m/040fv;7.4906583;1;8.625636;1;8.608383;1;0.5043131235268349;1.739614725112915
/m/0rh6k;/base/petbreeds/city_with_dogs/top_breeds./base/petbreeds/dog_city_relationship/dog_breed;/m/01_gx_;/m/04x1_w;/people/person/places_lived./people/place_lived/location;/m/0rh6k;7.4906583;1;8.625636;1;8.633422;1;0.4980535605527471;1.738898754119873
/m/0rh6k;/base/petbreeds/city_with_dogs/top_breeds./base/petbreeds/dog_city_relationship/dog_breed;/m/01_gx_;/m/0jsg0m;/people/person/places_lived./people/place_lived/location;/m/0rh6k;7.4906583;1;8.625636;1;8.626841;1;0.4996988773710004;1.7385928630828857
/m/0cqhk0;/award/award_category/winners./award/award_honor/ceremony;/m/058m5m4;/m/01qr1_;/award/award_nominee/award_nominations./award/award_nomination/award;/m/0cqhk0;6.7357736;1;7.7133584;1;7.7068357;1;0.5016306580904022;8.455017328262329
/m/0cqhk0;/award/award_category/winners./award/award_honor/ceremony;/m/058m5m4;/m/04tnqn;/award/award_nominee/award_nominations./award/award_nomination/award;/m/0cqhk0;6.7357736;1;7.7133584;1;7.705909;1;0.5018623981175432;1.895015001296997
/m/0cqhk0;/award/award_category/winners./award/award_honor/ceremony;/m/058m5m4;/m/0h27vc;/award/award_nominee/award_nominations./award/award_nomination/award;/m/0cqhk0;6.7357736;1;7.7133584;1;7.7075396;1;0.5014547068558207;1.8938634395599365
/m/0cqhk0;/award/award_category/winners./award/award_honor/ceremony;/m/058m5m4;/m/0pz7h;/award/award_nominee/award_nominations./award/award_nomination/award;/m/0cqhk0;6.7357736;1;7.7133584;1;7.704092;1;0.5023165775476449;1.8930244445800781
/m/0cqhk0;/award/award_category/winners./award/award_honor/ceremony;/m/058m5m4;/m/0cqhk0;/award/award_category/winners./award/award_honor/award_winner;/m/0863x_;6.7357736;1;7.7133584;1;7.7047305;1;0.5021569595047175;1.8924436569213867
/m/0cqhk0;/award/award_category/winners./award/award_honor/ceremony;/m/058m5m4;/m/0cqhk0;/award/award_category/winners./award/award_honor/award_winner;/m/0266r6h;6.7357736;1;7.7133584;1;7.7044992;1;0.5022147749050927;1.893847942352295
/m/0cqhk0;/award/award_category/winners./award/award_honor/ceremony;/m/058m5m4;/m/0gcdzz;/award/award_nominee/award_nominations./award/award_nomination/award;/m/0cqhk0;6.7357736;1;7.7133584;1;7.7068777;1;0.5016201677837835;1.8952317237854004
/m/0cqhk0;/award/award_category/winners./award/award_honor/ceremony;/m/058m5m4;/m/0gd_b_;/award/award_nominee/award_nominations./award/award_nomination/award;/m/0cqhk0;6.7357736;1;7.7133584;1;7.697006;1;0.5040879530759023;1.895447015762329
/m/0cqhk0;/award/award_category/winners./award/award_honor/ceremony;/m/058m5m4;/m/0266r6h;/award/award_nominee/award_nominations./award/award_nomination/award;/m/0cqhk0;6.7357736;1;7.7133584;1;7.705345;1;0.5020033013912215;1.8931655883789062
/m/0cqhk0;/award/award_category/winners./award/award_honor/ceremony;/m/058m5m4;/m/0cqhk0;/award/award_category/winners./award/award_honor/award_winner;/m/0gcdzz;6.7357736;1;7.7133584;1;7.7052608;1;0.5020244010931757;1.8947386741638184
/m/0cqhk0;/award/award_category/winners./award/award_honor/ceremony;/m/058m5m4;/m/05lb87;/award/award_nominee/award_nominations./award/award_nomination/award;/m/0cqhk0;6.7357736;1;7.7133584;1;7.701325;1;0.5030083293296259;1.8941497802734375
/m/0cqhk0;/award/award_category/winners./award/award_honor/ceremony;/m/058m5m4;/m/0cqhk0;/award/award_category/nominees./award/award_nomination/nominated_for;/m/0d68qy;6.7357736;1;7.7133584;1;7.697565;1;0.5039482488122176;1.8942768573760986
/m/0cqhk0;/award/award_category/winners./award/award_honor/ceremony;/m/058m5m4;/m/0gkydb;/award/award_nominee/award_nominations./award/award_nomination/award;/m/0cqhk0;6.7357736;1;7.7133584;1;7.70367;1;0.5024220753995162;1.894972562789917
/m/0cqhk0;/award/award_category/winners./award/award_honor/ceremony;/m/058m5m4;/m/0cqhk0;/award/award_category/winners./award/award_honor/award_winner;/m/04tnqn;6.7357736;1;7.7133584;1;7.705397;1;0.5019903077858984;1.8949687480926514
/m/0cqhk0;/award/award_category/winners./award/award_honor/ceremony;/m/058m5m4;/m/0cqhk0;/award/award_category/winners./award/award_honor/award_winner;/m/01qr1_;6.7357736;1;7.7133584;1;7.7083077;1;0.5012626621108024;1.8944895267486572
/m/0cqhk0;/award/award_category/winners./award/award_honor/ceremony;/m/058m5m4;/m/0cqhk0;/award/award_category/winners./award/award_honor/award_winner;/m/05lb87;6.7357736;1;7.7133584;1;7.699235;1;0.5035308012561993;1.895345687866211
/m/0cqhk0;/award/award_category/winners./award/award_honor/ceremony;/m/058m5m4;/m/0cqhk0;/award/award_category/winners./award/award_honor/award_winner;/m/0h27vc;6.7357736;1;7.7133584;1;7.7057285;1;0.5019074585885626;1.894777774810791
/m/0cqhk0;/award/award_category/winners./award/award_honor/ceremony;/m/058m5m4;/m/0277990;/award/award_nominee/award_nominations./award/award_nomination/award;/m/0cqhk0;6.7357736;1;7.7133584;1;7.7092633;1;0.5010237679479758;1.8940033912658691
/m/0cqhk0;/award/award_category/winners./award/award_honor/ceremony;/m/058m5m4;/m/077yk0;/award/award_nominee/award_nominations./award/award_nomination/award;/m/0cqhk0;6.7357736;1;7.7133584;1;7.715075;1;0.49957084666300167;1.8954689502716064
/m/0cqhk0;/award/award_category/winners./award/award_honor/ceremony;/m/058m5m4;/m/0cqhk0;/award/award_category/winners./award/award_honor/award_winner;/m/038g2x;6.7357736;1;7.7133584;1;7.716828;1;0.49913263407928327;1.8949506282806396
/m/0gs96;/award/award_category/winners./award/award_honor/ceremony;/m/0bzkgg;/m/0gs96;/award/award_category/category_of;/m/0g_w;6.290425;1;8.5618725;1;8.552388;1;0.5023710549958075;9.079482316970825
/m/0gs96;/award/award_category/winners./award/award_honor/ceremony;/m/0bzkgg;/m/0gs96;/award/award_category/nominees./award/award_nomination/nominated_for;/m/02k1pr;6.290425;1;8.5618725;1;8.548247;1;0.5034062335440554;2.0721333026885986
/m/0gs96;/award/award_category/winners./award/award_honor/ceremony;/m/0bzkgg;/m/0gs96;/award/award_category/nominees./award/award_nomination/nominated_for;/m/09q5w2;6.290425;1;8.5618725;1;8.562364;1;0.49987721443423094;2.0812885761260986
/m/0gs96;/award/award_category/winners./award/award_honor/ceremony;/m/0bzkgg;/m/0gs96;/award/award_category/nominees./award/award_nomination/nominated_for;/m/01rwyq;6.290425;1;8.5618725;1;8.567191;1;0.4986703427187889;2.078120231628418
/m/0gs96;/award/award_category/winners./award/award_honor/ceremony;/m/0bzkgg;/m/0gs96;/award/award_category/nominees./award/award_nomination/nominated_for;/m/0bm2g;6.290425;1;8.5618725;1;8.558331;1;0.5008854856770536;2.077829122543335
/m/0gs96;/award/award_category/winners./award/award_honor/ceremony;/m/0bzkgg;/m/0gs96;/award/award_category/nominees./award/award_nomination/nominated_for;/m/0prh7;6.290425;1;8.5618725;1;8.566497;1;0.49884391037016146;2.0771381855010986
/m/0gs96;/award/award_category/winners./award/award_honor/ceremony;/m/0bzkgg;/m/0gs96;/award/award_category/nominees./award/award_nomination/nominated_for;/m/02psgq;6.290425;1;8.5618725;1;8.564041;1;0.499457836363609;2.07757568359375
/m/0gs96;/award/award_category/winners./award/award_honor/ceremony;/m/0bzkgg;/m/0gs96;/award/award_category/nominees./award/award_nomination/nominated_for;/m/05dy7p;6.290425;1;8.5618725;1;8.571333;1;0.4976349053349702;2.077950954437256
/m/0gs96;/award/award_category/winners./award/award_honor/ceremony;/m/0bzkgg;/m/0gs96;/award/award_category/nominees./award/award_nomination/nominated_for;/m/02gd6x;6.290425;1;8.5618725;1;8.560644;1;0.5003070830912721;2.0794808864593506
/m/0gs96;/award/award_category/winners./award/award_honor/ceremony;/m/0bzkgg;/m/0gs96;/award/award_category/nominees./award/award_nomination/nominated_for;/m/017jd9;6.290425;1;8.5618725;1;8.561245;1;0.5001568794199008;2.0792243480682373
/m/0gs96;/award/award_category/winners./award/award_honor/ceremony;/m/0bzkgg;/m/0gs96;/award/award_category/nominees./award/award_nomination/nominated_for;/m/0298n7;6.290425;1;8.5618725;1;8.563031;1;0.49971032145880223;2.0777523517608643
/m/0gs96;/award/award_category/winners./award/award_honor/ceremony;/m/0bzkgg;/m/0gs96;/award/award_category/nominees./award/award_nomination/nominated_for;/m/04gcyg;6.290425;1;8.5618725;1;8.561774;1;0.5000245571136277;2.0786540508270264
/m/0gs96;/award/award_category/winners./award/award_honor/ceremony;/m/0bzkgg;/m/0gs96;/award/award_category/nominees./award/award_nomination/nominated_for;/m/01k7b0;6.290425;1;8.5618725;1;8.558779;1;0.5007734292537248;2.077572822570801
/m/0gs96;/award/award_category/winners./award/award_honor/ceremony;/m/0bzkgg;/m/0gs96;/award/award_category/winners./award/award_honor/ceremony;/m/0bzkvd;6.290425;1;8.5618725;1;8.548592;2;1.5033201683313644;2.0787270069122314
/m/0gs96;/award/award_category/winners./award/award_honor/ceremony;/m/0bzkgg;/m/0gs96;/award/award_category/nominees./award/award_nomination/nominated_for;/m/07g1sm;6.290425;1;8.5618725;1;8.555683;1;0.501547331638773;2.0775208473205566
/m/0gs96;/award/award_category/winners./award/award_honor/ceremony;/m/0bzkgg;/m/0gs96;/award/award_category/nominees./award/award_nomination/nominated_for;/m/02q5g1z;6.290425;1;8.5618725;1;8.568704;1;0.4982922143590235;2.077824831008911
/m/0gs96;/award/award_category/winners./award/award_honor/ceremony;/m/0bzkgg;/m/049xgc;/award/award_winning_work/awards_won./award/award_honor/award;/m/0gs96;6.290425;1;8.5618725;1;8.564882;1;0.4992475515323833;2.078892707824707
/m/0gs96;/award/award_category/winners./award/award_honor/ceremony;/m/0bzkgg;/m/0gs96;/award/award_category/winners./award/award_honor/ceremony;/m/073hkh;6.290425;1;8.5618725;1;8.554017;2;1.5019638437374043;2.078941583633423
/m/0gs96;/award/award_category/winners./award/award_honor/ceremony;/m/0bzkgg;/m/0gs96;/award/award_category/nominees./award/award_nomination/nominated_for;/m/0294zg;6.290425;1;8.5618725;1;8.561848;1;0.5000061988830563;2.077958583831787
/m/0gs96;/award/award_category/winners./award/award_honor/ceremony;/m/0bzkgg;/m/0bcndz;/award/award_winning_work/awards_won./award/award_honor/award;/m/0gs96;6.290425;1;8.5618725;1;8.561138;1;0.5001835822976587;2.078749656677246
/m/019v9k;/education/educational_degree/people_with_this_degree./education/education/student;/m/03gkn5;/m/019v9k;/education/educational_degree/people_with_this_degree./education/education/institution;/m/09kvv;5.6361666;1;7.0755486;1;7.0675344;1;0.5020035398059728;9.267466068267822
/m/019v9k;/education/educational_degree/people_with_this_degree./education/education/student;/m/03gkn5;/m/019v9k;/education/educational_degree/people_with_this_degree./education/education/institution;/m/01vs5c;5.6361666;1;7.0755486;1;7.0665617;1;0.502246722358756;2.380157947540283
/m/019v9k;/education/educational_degree/people_with_this_degree./education/education/student;/m/03gkn5;/m/019v9k;/education/educational_degree/people_with_this_degree./education/education/institution;/m/017v3q;5.6361666;1;7.0755486;1;7.075913;1;0.4999089241037905;2.380274534225464
/m/019v9k;/education/educational_degree/people_with_this_degree./education/education/student;/m/03gkn5;/m/019v9k;/education/educational_degree/people_with_this_degree./education/education/institution;/m/0pspl;5.6361666;1;7.0755486;1;7.061138;1;0.5036025615966846;2.379103899002075
/m/019v9k;/education/educational_degree/people_with_this_degree./education/education/student;/m/03gkn5;/m/019v9k;/education/educational_degree/people_with_this_degree./education/education/institution;/m/07ccs;5.6361666;1;7.0755486;1;7.0698133;1;0.5014338454042162;2.3795676231384277
/m/019v9k;/education/educational_degree/people_with_this_degree./education/education/student;/m/03gkn5;/m/019v9k;/education/educational_degree/people_with_this_degree./education/education/institution;/m/08qnnv;5.6361666;1;7.0755486;1;7.058609;1;0.5042348087464158;2.380857467651367
/m/019v9k;/education/educational_degree/people_with_this_degree./education/education/student;/m/03gkn5;/m/019v9k;/education/educational_degree/people_with_this_degree./education/education/major_field_of_study;/m/02h40lc;5.6361666;1;7.0755486;1;7.0712256;1;0.5010807497359463;2.380418539047241
/m/019v9k;/education/educational_degree/people_with_this_degree./education/education/student;/m/03gkn5;/m/019v9k;/education/educational_degree/people_with_this_degree./education/education/institution;/m/01pq4w;5.6361666;1;7.0755486;1;7.0676217;1;0.5019817248524664;2.3815088272094727
/m/019v9k;/education/educational_degree/people_with_this_degree./education/education/student;/m/03gkn5;/m/019v9k;/education/educational_degree/people_with_this_degree./education/education/institution;/m/0bthb;5.6361666;1;7.0755486;1;7.077649;1;0.49947488327259515;2.381235361099243
/m/019v9k;/education/educational_degree/people_with_this_degree./education/education/student;/m/03gkn5;/m/019v9k;/education/educational_degree/people_with_this_degree./education/education/institution;/m/01bvw5;5.6361666;1;7.0755486;1;7.070856;1;0.501173136465758;2.3802409172058105
/m/019v9k;/education/educational_degree/people_with_this_degree./education/education/student;/m/03gkn5;/m/019v9k;/education/educational_degree/people_with_this_degree./education/education/institution;/m/07wjk;5.6361666;1;7.0755486;1;7.072807;1;0.5006854529855069;2.381404399871826
/m/019v9k;/education/educational_degree/people_with_this_degree./education/education/student;/m/03gkn5;/m/019v9k;/education/educational_degree/people_with_this_degree./education/education/institution;/m/01c333;5.6361666;1;7.0755486;1;7.0830417;1;0.49812675398849293;2.3799893856048584
/m/019v9k;/education/educational_degree/people_with_this_degree./education/education/student;/m/03gkn5;/m/019v9k;/education/educational_degree/people_with_this_degree./education/education/student;/m/04cw0j;5.6361666;1;7.0755486;1;7.0957756;1;0.4949434335446736;2.3800594806671143
/m/019v9k;/education/educational_degree/people_with_this_degree./education/education/student;/m/03gkn5;/m/019v9k;/education/educational_degree/people_with_this_degree./education/education/institution;/m/0p5wz;5.6361666;1;7.0755486;1;7.071586;1;0.5009906278999687;2.380727529525757
/m/019v9k;/education/educational_degree/people_with_this_degree./education/education/student;/m/03gkn5;/m/019v9k;/education/educational_degree/people_with_this_degree./education/education/institution;/m/02607j;5.6361666;1;7.0755486;1;7.0795856;1;0.4989907755252391;2.379422664642334
/m/019v9k;/education/educational_degree/people_with_this_degree./education/education/student;/m/03gkn5;/m/019v9k;/education/educational_degree/people_with_this_degree./education/education/institution;/m/01h8rk;5.6361666;1;7.0755486;1;7.0747876;1;0.5001902580169404;2.3802764415740967
/m/019v9k;/education/educational_degree/people_with_this_degree./education/education/student;/m/03gkn5;/m/019v9k;/education/educational_degree/people_with_this_degree./education/education/institution;/m/017zq0;5.6361666;1;7.0755486;1;7.0785427;1;0.4992514854300758;2.380880832672119
/m/019v9k;/education/educational_degree/people_with_this_degree./education/education/student;/m/03gkn5;/m/019v9k;/education/educational_degree/people_with_this_degree./education/education/institution;/m/0172jm;5.6361666;1;7.0755486;1;7.0818152;1;0.4984333566435867;2.3802099227905273
/m/019v9k;/education/educational_degree/people_with_this_degree./education/education/student;/m/03gkn5;/m/019v9k;/education/educational_degree/people_with_this_degree./education/education/institution;/m/026vcc;5.6361666;1;7.0755486;1;7.0809073;1;0.49866032920981684;2.3811330795288086
/m/019v9k;/education/educational_degree/people_with_this_degree./education/education/student;/m/03gkn5;/m/019v9k;/education/educational_degree/people_with_this_degree./education/education/major_field_of_study;/m/06mnr;5.6361666;1;7.0755486;1;7.0703673;1;0.5012953252424016;2.380417823791504
