/m/09qs08;/award/award_category/category_of;/m/0gcf2r;/m/09qs08;/award/award_category/winners./award/award_honor/ceremony;/m/03nnm4t;/m/09qs08;/award/award_category/winners./award/award_honor/ceremony;/m/0hn821n;;;;;;;0.9748955965042114;0.9638785719871521;1;1
/m/01dpdh;/award/award_category/winners./award/award_honor/ceremony;/m/01mhwk;/m/01k_r5b;/award/award_nominee/award_nominations./award/award_nomination/award;/m/01dpdh;/m/01dpdh;/award/award_category/winners./award/award_honor/ceremony;/m/01c6qp;/m/01dpdh;/award/award_category/category_of;/m/0c4ys;;;;0.8193919658660889;0.6283037662506104;1;2
/m/0257w4;/award/award_category/winners./award/award_honor/ceremony;/m/05pd94v;/m/0257w4;/award/award_category/winners./award/award_honor/ceremony;/m/02cg41;/m/0257w4;/award/award_category/winners./award/award_honor/ceremony;/m/0gpjbt;/m/0257w4;/award/award_category/winners./award/award_honor/ceremony;/m/01mhwk;;;;0.8782908916473389;0.9618926644325256;1;2
/m/03ncb2;/award/award_category/winners./award/award_honor/ceremony;/m/01c6qp;/m/03ncb2;/award/award_category/winners./award/award_honor/ceremony;/m/09n4nb;;;;;;;;;;0.9176283478736877;0.924578070640564;1;1
/m/01c99j;/award/award_category/winners./award/award_honor/ceremony;/m/056878;/m/01c99j;/award/award_category/winners./award/award_honor/ceremony;/m/02cg41;;;;;;;;;;0.9755122065544128;0.9157218933105469;1;3
/m/016vg8;/award/award_nominee/award_nominations./award/award_nomination/award;/m/09sb52;/m/0187y5;/award/award_nominee/award_nominations./award/award_nomination/award_nominee;/m/016vg8;;;;;;;;;;0.7697542905807495;0.9165308475494385;1;1
/m/03_r3;/base/aareas/schema/administrative_area/administrative_area_type;/m/0hzc9wc;/m/03_r3;/olympics/olympic_participating_country/medals_won./olympics/olympic_medal_honor/medal;/m/02lq67;;;;;;;;;;0.9920690059661865;0.9976085424423218;1;1
/m/0cv3w;/base/petbreeds/city_with_dogs/top_breeds./base/petbreeds/dog_city_relationship/dog_breed;/m/01_gx_;/m/0cv3w;/travel/travel_destination/climate./travel/travel_destination_monthly_climate/month;/m/028kb;/m/0cv3w;/base/petbreeds/city_with_dogs/top_breeds./base/petbreeds/dog_city_relationship/dog_breed;/m/0km5c;/m/0cv3w;/base/popstra/location/vacationers./base/popstra/vacation_choice/vacationer;/m/04xrx;;;;0.9129810929298401;0.7958734631538391;1;2
/m/018mxj;/base/schemastaging/organization_extra/phone_number./base/schemastaging/phone_sandbox/service_language;/m/04306rv;/m/018mxj;/base/schemastaging/organization_extra/phone_number./base/schemastaging/phone_sandbox/service_language;/m/02h40lc;;;;;;;;;;0.5088019967079163;0.8084338307380676;1;2
/m/02d02;/baseball/baseball_team/team_stats./baseball/baseball_team_stats/season;/m/025ygws;/m/02d02;/baseball/baseball_team/team_stats./baseball/baseball_team_stats/season;/m/0dx84s;/m/02d02;/baseball/baseball_team/team_stats./baseball/baseball_team_stats/season;/m/0285r5d;;;;;;;0.9831559658050537;0.9680372476577759;1;2
/m/07t90;/education/educational_institution/students_graduates./education/education/major_field_of_study;/m/03g3w;/m/07t90;/education/educational_institution/students_graduates./education/education/major_field_of_study;/m/02lp1;/m/07t90;/education/educational_institution/students_graduates./education/education/major_field_of_study;/m/01lj9;;;;;;;0.5562201738357544;0.2766904830932617;1;5
/m/02ln0f;/education/university/fraternities_and_sororities;/m/035tlh;/m/02ln0f;/education/educational_institution_campus/educational_institution;/m/02ln0f;;;;;;;;;;0.9437949657440186;0.9641383290290833;1;1
/m/05567m;/film/film/distributors./film/film_film_distributor_relationship/film_distribution_medium;/m/0735l;/m/05567m;/film/film/release_date_s./film/film_regional_release_date/film_release_distribution_medium;/m/029j_;;;;;;;;;;0.9013735055923462;0.8451048731803894;1;1
/m/01cz7r;/film/film/film_format;/m/07fb8_;/m/01cz7r;/film/film/genre;/m/05p553;;;;;;;;;;0.6758635640144348;0.9471864700317383;1;1
/m/0cnztc4;/film/film/genre;/m/03bxz7;/m/0cnztc4;/film/film/genre;/m/0lsxr;/m/0cnztc4;/film/film/release_date_s./film/film_regional_release_date/film_release_region;/m/03rj0;;;;;;;0.39917266368865967;0.31735196709632874;1;2
/m/033f8n;/film/film/other_crew./film/film_crew_gig/film_crew_role;/m/0ch6mp2;/m/059j1m;/film/actor/film./film/performance/film;/m/033f8n;;;;;;;;;;0.9550712704658508;0.8995633125305176;1;1
/m/04ynx7;/film/film/other_crew./film/film_crew_gig/film_crew_role;/m/09zzb8;/m/04ynx7;/film/film/other_crew./film/film_crew_gig/film_crew_role;/m/0ch6mp2;/m/04ynx7;/film/film/other_crew./film/film_crew_gig/film_crew_role;/m/01pvkk;/m/04ynx7;/film/film/release_date_s./film/film_regional_release_date/film_release_distribution_medium;/m/029j_;;;;0.9558484554290771;0.9434298276901245;1;1
/m/0dmn0x;/film/film/other_crew./film/film_crew_gig/film_crew_role;/m/0ch6mp2;/m/0345h;/media_common/netflix_genre/titles;/m/0dmn0x;/m/0dmn0x;/film/film/release_date_s./film/film_regional_release_date/film_release_region;/m/09c7w0;/m/0dmn0x;/film/film/other_crew./film/film_crew_gig/film_crew_role;/m/09vw2b7;;;;0.9234169721603394;0.8748431205749512;1;2
/m/024lff;/film/film/other_crew./film/film_crew_gig/film_crew_role;/m/09zzb8;/m/024lff;/film/film/other_crew./film/film_crew_gig/film_crew_role;/m/0ch6mp2;/m/024lff;/film/film/country;/m/0345h;;;;;;;0.9644231200218201;0.9694468379020691;1;1
/m/01qvz8;/film/film/other_crew./film/film_crew_gig/film_crew_role;/m/09zzb8;/m/01qvz8;/film/film/other_crew./film/film_crew_gig/film_crew_role;/m/0dxtw;;;;;;;;;;0.9586411118507385;0.9799254536628723;1;1
/m/04165w;/film/film/other_crew./film/film_crew_gig/film_crew_role;/m/02r96rf;/m/04165w;/film/film/other_crew./film/film_crew_gig/film_crew_role;/m/0ch6mp2;/m/04165w;/film/film/country;/m/09c7w0;;;;;;;0.6167360544204712;0.6332705616950989;1;3
/m/09gq0x5;/film/film/other_crew./film/film_crew_gig/film_crew_role;/m/0ch6mp2;/m/07ssc;/media_common/netflix_genre/titles;/m/09gq0x5;;;;;;;;;;0.9081291556358337;0.9906880855560303;1;1
/m/0cc5mcj;/film/film/other_crew./film/film_crew_gig/film_crew_role;/m/01vx2h;/m/0cc5mcj;/film/film/other_crew./film/film_crew_gig/film_crew_role;/m/0ch6mp2;/m/0cc5mcj;/film/film/other_crew./film/film_crew_gig/film_crew_role;/m/09vw2b7;;;;;;;0.6954504251480103;0.7866553664207458;1;3
/m/0bm2nq;/film/film/other_crew./film/film_crew_gig/film_crew_role;/m/02r96rf;/m/0bm2nq;/film/film/other_crew./film/film_crew_gig/film_crew_role;/m/0dxtw;;;;;;;;;;0.968357503414154;0.9759654998779297;1;1
/m/05dss7;/film/film/release_date_s./film/film_regional_release_date/film_release_region;/m/03rjj;/m/05dss7;/film/film/release_date_s./film/film_regional_release_date/film_release_region;/m/06t8v;;;;;;;;;;0.9864466190338135;0.8535187244415283;1;3
/m/0kv238;/film/film/release_date_s./film/film_regional_release_date/film_release_region;/m/03gj2;/m/0kv238;/film/film/release_date_s./film/film_regional_release_date/film_release_region;/m/03_3d;;;;;;;;;;0.9812094569206238;0.9705190658569336;1;1
/m/0c8tkt;/film/film/release_date_s./film/film_regional_release_date/film_release_region;/m/02vzc;/m/0c8tkt;/film/film/release_date_s./film/film_regional_release_date/film_release_region;/m/09c7w0;;;;;;;;;;0.8926847577095032;0.9807100296020508;1;2
/m/0gkz3nz;/film/film/release_date_s./film/film_regional_release_date/film_release_region;/m/03h64;/m/01515w;/award/award_nominee/award_nominations./award/award_nomination/nominated_for;/m/0gkz3nz;;;;;;;;;;0.9601562023162842;0.9470013380050659;1;1
/m/026lgs;/film/film/release_date_s./film/film_regional_release_date/film_release_region;/m/0345h;/m/026lgs;/film/film/country;/m/09c7w0;/m/026lgs;/film/film/release_date_s./film/film_regional_release_date/film_release_region;/m/015fr;;;;;;;0.9822814464569092;0.9820926189422607;1;1
/m/017jd9;/film/film/release_date_s./film/film_regional_release_date/film_release_region;/m/07ylj;/m/017jd9;/film/film/release_date_s./film/film_regional_release_date/film_release_region;/m/01ls2;;;;;;;;;;0.9309272766113281;0.9037685394287109;1;3
/m/09728;/food/food/nutrients./food/nutrition_fact/nutrient;/m/0fzjh;/m/09728;/food/food/nutrients./food/nutrition_fact/nutrient;/m/04k8n;/m/09728;/food/food/nutrients./food/nutrition_fact/nutrient;/m/01sh2;/m/09728;/food/food/nutrients./food/nutrition_fact/nutrient;/m/0hkwr;;;;0.9197317957878113;0.792685866355896;1;3
/m/0mkc3;/location/hud_foreclosure_area/estimated_number_of_mortgages./measurement_unit/dated_integer/source;/m/0jbk9;/m/09c7w0;/location/country/second_level_divisions;/m/0mkc3;;;;;;;;;;0.9943298101425171;0.9926601052284241;1;1
/m/0f2tj;/location/hud_foreclosure_area/estimated_number_of_mortgages./measurement_unit/dated_integer/source;/m/0jbk9;/m/0f2tj;/base/biblioness/bibs_location/state;/m/04ly1;;;;;;;;;;0.9691688418388367;0.9957815408706665;1;1
/m/019n8z;/olympics/olympic_games/medals_awarded./olympics/olympic_medal_honor/medal;/m/02lq67;/m/019n8z;/olympics/olympic_games/medals_awarded./olympics/olympic_medal_honor/medal;/m/02lpp7;;;;;;;;;;0.9187142252922058;0.9399465918540955;1;1
/m/07f1x;/olympics/olympic_participating_country/medals_won./olympics/olympic_medal_honor/medal;/m/02lpp7;/m/07f1x;/olympics/olympic_participating_country/athletes./olympics/olympic_athlete_affiliation/olympics;/m/06sks6;/m/0kbws;/olympics/olympic_games/participating_countries;/m/07f1x;/m/07f1x;/military/military_combatant/military_conflicts./military/military_combatant_group/combatants;/m/03gj2;;;;0.9067397117614746;0.9215644598007202;1;1
/m/0bynt;/olympics/olympic_sport/athletes./olympics/olympic_athlete_affiliation/country;/m/04wlh;/m/0bynt;/olympics/olympic_sport/athletes./olympics/olympic_athlete_affiliation/country;/m/05r4w;/m/0bynt;/olympics/olympic_sport/athletes./olympics/olympic_athlete_affiliation/country;/m/0hzlz;/m/0bynt;/olympics/olympic_sport/athletes./olympics/olympic_athlete_affiliation/olympics;/m/0kbws;;;;0.9433715343475342;0.9665865302085876;1;6
/m/03_8r;/olympics/olympic_sport/athletes./olympics/olympic_athlete_affiliation/country;/m/077qn;/m/03_8r;/olympics/olympic_sport/athletes./olympics/olympic_athlete_affiliation/country;/m/015qh;/m/03_8r;/olympics/olympic_sport/athletes./olympics/olympic_athlete_affiliation/country;/m/01znc_;/m/03_8r;/olympics/olympic_sport/athletes./olympics/olympic_athlete_affiliation/country;/m/035qy;;;;0.9624380469322205;0.9548484086990356;1;3
/m/01jzyx;/organization/non_profit_organization/registered_with./organization/non_profit_registration/registering_agency;/m/03z19;/m/01jzyx;/base/schemastaging/organization_extra/phone_number./base/schemastaging/phone_sandbox/service_location;/m/09c7w0;;;;;;;;;;0.9873692393302917;0.9950243830680847;1;1
/m/02bjhv;/organization/non_profit_organization/registered_with./organization/non_profit_registration/registering_agency;/m/03z19;/m/02bjhv;/education/educational_institution_campus/educational_institution;/m/02bjhv;;;;;;;;;;0.9873049855232239;0.9944159984588623;1;1
/m/05qkp;/organization/organization_member/member_of./organization/organization_membership/organization;/m/0_2v;/m/05qkp;/location/country/form_of_government;/m/01fpfn;;;;;;;;;;0.6151255965232849;0.6103358864784241;1;1
/m/082xp;/people/person/nationality;/m/02jx1;/m/082xp;/organization/organization_founder/organizations_founded;/m/01v9b1;/m/01dnnt;/education/educational_institution/students_graduates./education/education/student;/m/082xp;;;;;;;0.420102059841156;0.3237343728542328;1;1
/m/0362q0;/people/person/profession;/m/01d_h8;/m/0362q0;/people/person/spouse_s./people/marriage/type_of_union;/m/04ztj;/m/0362q0;/award/award_nominee/award_nominations./award/award_nomination/award;/m/03ccq3s;/m/0362q0;/people/person/profession;/m/0dxtg;;;;0.5285478830337524;0.2206803858280182;1;1
/m/03wh8kl;/people/person/profession;/m/03gjzk;/m/03wh8kl;/award/award_nominee/award_nominations./award/award_nomination/award_nominee;/m/026_dcw;/m/01s81;/award/award_winning_work/awards_won./award/award_honor/award_winner;/m/03wh8kl;;;;;;;0.5554441213607788;0.8244929313659668;1;1
/m/04l3_z;/people/person/profession;/m/018gz8;/m/04l3_z;/people/person/profession;/m/0dxtg;/m/04l3_z;/people/person/place_of_birth;/m/030qb3t;;;;;;;0.6008216142654419;0.08596145361661911;1;4
/m/05hj_k;/people/person/profession;/m/01d_h8;/m/06q8hf;/award/award_winner/awards_won./award/award_honor/award_winner;/m/05hj_k;;;;;;;;;;0.9377267360687256;0.9666963219642639;1;1
/m/02lj6p;/people/person/profession;/m/03gjzk;/m/02lj6p;/award/award_nominee/award_nominations./award/award_nomination/award_nominee;/m/0pnf3;;;;;;;;;;0.8246122598648071;0.5964311361312866;1;2
/m/03h502k;/people/person/profession;/m/0dz3r;/m/03h502k;/music/artist/track_contributions./music/track_contribution/role;/m/0l1589;/m/03h502k;/people/person/profession;/m/016z4k;;;;;;;0.9148072600364685;0.7414363622665405;1;1
/m/019g40;/people/person/profession;/m/0dz3r;/m/011k1h;/music/record_label/artist;/m/019g40;/m/019g40;/music/artist/origin;/m/02xry;;;;;;;0.757009744644165;0.9031547904014587;1;2
/m/01pw2f1;/people/person/profession;/m/01d_h8;/m/01pw2f1;/people/person/gender;/m/02zsn;/m/039bpc;/base/popstra/celebrity/friendship./base/popstra/friendship/participant;/m/01pw2f1;;;;;;;0.5349280834197998;0.5622326135635376;1;2
/m/05prs8;/people/person/profession;/m/0dxtg;/m/05prs8;/people/person/profession;/m/03gjzk;;;;;;;;;;0.8391984701156616;0.39291587471961975;1;4
/m/026l37;/people/person/profession;/m/0dxtg;/m/025t9b;/award/award_nominee/award_nominations./award/award_nomination/award_nominee;/m/026l37;/m/026l37;/award/award_nominee/award_nominations./award/award_nomination/award_nominee;/m/07s8r0;;;;;;;0.5656272768974304;0.5337141156196594;1;1
/m/025vry;/people/person/religion;/m/03_gx;/m/041rx;/people/ethnicity/people;/m/025vry;/m/025vry;/people/deceased_person/place_of_death;/m/0f2wj;;;;;;;0.7056038975715637;0.4851313531398773;1;2
/m/02d02;/sports/professional_sports_team/draft_picks./sports/sports_league_draft_pick/draft;/m/02pq_rp;/m/02d02;/sports/sports_team/roster./baseball/baseball_roster_position/position;/m/01z9v6;;;;;;;;;;0.9027700424194336;0.721174955368042;1;1
/m/04v9wn;/sports/sports_team/colors;/m/083jv;/m/04v9wn;/soccer/football_team/current_roster./sports/sports_team_roster/position;/m/02nzb8;/m/04v9wn;/soccer/football_team/current_roster./soccer/football_roster_position/position;/m/02_j1w;/m/02_j1w;/sports/sports_position/players./sports/sports_team_roster/team;/m/04v9wn;;;;0.48787859082221985;0.56764155626297;1;1
/m/0cv3w;/travel/travel_destination/climate./travel/travel_destination_monthly_climate/month;/m/0ll3;/m/0cv3w;/travel/travel_destination/climate./travel/travel_destination_monthly_climate/month;/m/0lkm;/m/0cv3w;/travel/travel_destination/climate./travel/travel_destination_monthly_climate/month;/m/04w_7;;;;;;;0.9647259712219238;0.579191267490387;1;4
/m/043qqt5;/tv/tv_program/tv_producer./tv/tv_producer_term/producer_type;/m/0ckd1;/m/0cc8l6d;/award/award_category/nominees./award/award_nomination/nominated_for;/m/043qqt5;;;;;;;;;;0.9957470297813416;0.9962891340255737;1;1
