/m/09qs08;/award/award_category/category_of;/m/0gcf2r;/m/09qs08;/award/award_category/winners./award/award_honor/ceremony;/m/03nnm4t;/m/09qs08;/award/award_category/winners./award/award_honor/ceremony;/m/0hn821n;/m/09qs08;/award/award_category/nominees./award/award_nomination/nominated_for;/m/0124k9;;;;0.9748955965042114;0.8950673341751099;1;1
/m/047byns;/award/award_category/category_of;/m/0gcf2r;/m/047byns;/award/award_category/winners./award/award_honor/ceremony;/m/03nnm4t;;;;;;;;;;0.91880202293396;0.7862581014633179;1;2
/m/02x1dht;/award/award_category/nominees./award/award_nomination/nominated_for;/m/02rv_dz;/m/0gpprt;/award/award_nominee/award_nominations./award/award_nomination/award;/m/02x1dht;;;;;;;;;;0.972633957862854;0.9242430925369263;1;1
/m/01dpdh;/award/award_category/winners./award/award_honor/ceremony;/m/01mhwk;/m/01dpdh;/award/award_category/category_of;/m/0c4ys;/m/01dpdh;/award/award_category/winners./award/award_honor/ceremony;/m/0jzphpx;/m/01k_r5b;/award/award_nominee/award_nominations./award/award_nomination/award;/m/01dpdh;/m/01dpdh;/award/award_category/winners./award/award_honor/ceremony;/m/01c6qp;0.8193919658660889;0.6565588116645813;1;4
/m/0257w4;/award/award_category/winners./award/award_honor/ceremony;/m/05pd94v;/m/0257w4;/award/award_category/winners./award/award_honor/ceremony;/m/01mhwk;/m/0257w4;/award/award_category/winners./award/award_honor/ceremony;/m/02cg41;/m/0257w4;/award/award_category/winners./award/award_honor/ceremony;/m/09n4nb;/m/0257w4;/award/award_category/winners./award/award_honor/ceremony;/m/0gpjbt;0.8782909512519836;0.975115180015564;1;3
/m/03ncb2;/award/award_category/winners./award/award_honor/ceremony;/m/01c6qp;/m/03ncb2;/award/award_category/winners./award/award_honor/ceremony;/m/01xqqp;/m/03ncb2;/award/award_category/winners./award/award_honor/ceremony;/m/019bk0;/m/03ncb2;/award/award_category/winners./award/award_honor/ceremony;/m/09n4nb;/m/03ncb2;/award/award_category/winners./award/award_honor/ceremony;/m/0466p0j;0.9176283478736877;0.9387657642364502;1;2
/m/01c99j;/award/award_category/winners./award/award_honor/ceremony;/m/056878;/m/01c99j;/award/award_category/winners./award/award_honor/ceremony;/m/02cg41;/m/01vs_v8;/award/award_nominee/award_nominations./award/award_nomination/award;/m/01c99j;/m/0127s7;/award/award_nominee/award_nominations./award/award_nomination/award;/m/01c99j;;;;0.9755122065544128;0.8936461210250854;1;2
/m/09gkdln;/award/award_ceremony/awards_presented./award/award_honor/honored_for;/m/02pqs8l;/m/09gkdln;/award/award_ceremony/awards_presented./award/award_honor/honored_for;/m/05c46y6;;;;;;;;;;0.8073395490646362;0.6849263310432434;1;1
/m/01j5x6;/award/award_nominee/award_nominations./award/award_nomination/award;/m/0ck27z;/m/07q0g5;/award/award_nominee/award_nominations./award/award_nomination/award_nominee;/m/01j5x6;;;;;;;;;;0.9254614114761353;0.5704936385154724;1;1
/m/0738y5;/award/award_nominee/award_nominations./award/award_nomination/award;/m/0b6k___;/m/0738y5;/people/person/nationality;/m/03rk0;;;;;;;;;;0.8017374873161316;0.29106050729751587;1;1
/m/0b05xm;/award/award_nominee/award_nominations./award/award_nomination/award;/m/0fbtbt;/m/01g3gq;/film/film/written_by;/m/0b05xm;;;;;;;;;;0.8879655599594116;0.8504724502563477;1;1
/m/016vg8;/award/award_nominee/award_nominations./award/award_nomination/award;/m/09sb52;/m/0187y5;/award/award_nominee/award_nominations./award/award_nomination/award_nominee;/m/016vg8;/m/016vg8;/award/award_nominee/award_nominations./award/award_nomination/award_nominee;/m/0p__8;;;;;;;0.7697542905807495;0.9294449687004089;1;1
/m/04qz6n;/award/award_nominee/award_nominations./award/award_nomination/nominated_for;/m/0g60z;/m/0350l7;/award/award_nominee/award_nominations./award/award_nomination/award_nominee;/m/04qz6n;;;;;;;;;;0.11329716444015503;0.05618739500641823;1;2
/m/03_r3;/base/aareas/schema/administrative_area/administrative_area_type;/m/0hzc9wc;/m/03_r3;/olympics/olympic_participating_country/medals_won./olympics/olympic_medal_honor/medal;/m/02lq67;/m/03_r3;/olympics/olympic_participating_country/athletes./olympics/olympic_athlete_affiliation/olympics;/m/06sks6;;;;;;;0.9920690059661865;0.9841824173927307;1;1
/m/071vr;/base/biblioness/bibs_location/state;/m/01n7q;/m/01d1st;/music/artist/origin;/m/071vr;;;;;;;;;;0.6015862822532654;0.7035596966743469;1;1
/m/0cv3w;/base/petbreeds/city_with_dogs/top_breeds./base/petbreeds/dog_city_relationship/dog_breed;/m/01_gx_;/m/0cv3w;/base/popstra/location/vacationers./base/popstra/vacation_choice/vacationer;/m/04xrx;/m/0cv3w;/travel/travel_destination/climate./travel/travel_destination_monthly_climate/month;/m/028kb;/m/0cv3w;/travel/travel_destination/how_to_get_here./travel/transportation/mode_of_transportation;/m/01bjv;/m/0cv3w;/base/petbreeds/city_with_dogs/top_breeds./base/petbreeds/dog_city_relationship/dog_breed;/m/0km5c;0.9129810929298401;0.9295870065689087;1;2
/m/018mxj;/base/schemastaging/organization_extra/phone_number./base/schemastaging/phone_sandbox/service_language;/m/04306rv;/m/018mxj;/base/schemastaging/organization_extra/phone_number./base/schemastaging/phone_sandbox/service_language;/m/06nm1;/m/018mxj;/base/schemastaging/organization_extra/phone_number./base/schemastaging/phone_sandbox/service_location;/m/03spz;/m/018mxj;/base/schemastaging/organization_extra/phone_number./base/schemastaging/phone_sandbox/service_language;/m/064_8sq;/m/018mxj;/base/schemastaging/organization_extra/phone_number./base/schemastaging/phone_sandbox/service_language;/m/02h40lc;0.508802056312561;0.17210790514945984;1;3
/m/02d02;/baseball/baseball_team/team_stats./baseball/baseball_team_stats/season;/m/025ygws;/m/02d02;/baseball/baseball_team/team_stats./baseball/baseball_team_stats/season;/m/027mvrc;/m/02d02;/baseball/baseball_team/team_stats./baseball/baseball_team_stats/season;/m/0dx84s;/m/02d02;/baseball/baseball_team/team_stats./baseball/baseball_team_stats/season;/m/0285r5d;;;;0.9831559658050537;0.8891091346740723;1;1
/m/016t_3;/education/educational_degree/people_with_this_degree./education/education/institution;/m/09kvv;/m/016t_3;/education/educational_degree/people_with_this_degree./education/education/institution;/m/025v3k;;;;;;;;;;0.9789552688598633;0.9583649039268494;1;2
/m/0bjrnt;/education/educational_degree/people_with_this_degree./education/education/major_field_of_study;/m/062z7;/m/0bjrnt;/education/educational_degree/people_with_this_degree./education/education/institution;/m/07vfj;;;;;;;;;;0.7512504458427429;0.8605464696884155;1;3
/m/01pcj4;/education/educational_institution/school_type;/m/01rs41;/m/01pcj4;/business/business_operation/assets./measurement_unit/dated_money_value/currency;/m/09nqf;;;;;;;;;;0.2941185534000397;0.6458758115768433;1;1
/m/07t90;/education/educational_institution/students_graduates./education/education/major_field_of_study;/m/03g3w;/m/07t90;/education/educational_institution/students_graduates./education/education/major_field_of_study;/m/01lj9;/m/0713r;/sports/professional_sports_team/draft_picks./sports/sports_league_draft_pick/school;/m/07t90;/m/07t90;/education/educational_institution/students_graduates./education/education/major_field_of_study;/m/02lp1;;;;0.5562199354171753;0.22356367111206055;1;11
/m/07c52;/education/field_of_study/students_majoring./education/education/student;/m/012x2b;/m/07c52;/media_common/netflix_genre/titles;/m/02sqkh;;;;;;;;;;0.2723284661769867;0.08645445853471756;1;29
/m/02ln0f;/education/university/fraternities_and_sororities;/m/035tlh;/m/05kkh;/location/location/contains;/m/02ln0f;/m/02ln0f;/education/educational_institution/campuses;/m/02ln0f;/m/02ln0f;/education/educational_institution_campus/educational_institution;/m/02ln0f;;;;0.9437949657440186;0.9206397533416748;1;1
/m/024y8p;/education/university/fraternities_and_sororities;/m/0325pb;/m/014mlp;/education/educational_degree/people_with_this_degree./education/education/institution;/m/024y8p;;;;;;;;;;0.9451202154159546;0.9244174957275391;1;1
/m/0ywqc;/film/actor/film./film/performance/film;/m/02qr3k8;/m/0h1mt;/base/popstra/celebrity/dated./base/popstra/dated/participant;/m/0ywqc;;;;;;;;;;0.29383158683776855;0.04533422738313675;1;87
/m/0392kz;/film/actor/film./film/performance/film;/m/0cks1m;/m/0392kz;/film/actor/film./film/performance/film;/m/0ckr7s;;;;;;;;;;0.2223922312259674;0.08390915393829346;1;5
/m/05567m;/film/film/distributors./film/film_film_distributor_relationship/film_distribution_medium;/m/0735l;/m/05567m;/film/film/release_date_s./film/film_regional_release_date/film_release_distribution_medium;/m/029j_;/m/05567m;/film/film/distributors./film/film_film_distributor_relationship/film_distribution_medium;/m/029j_;;;;;;;0.901373565196991;0.9676296710968018;1;1
/m/01cz7r;/film/film/film_format;/m/07fb8_;/m/01cz7r;/film/film/executive_produced_by;/m/0136g9;/m/01cz7r;/film/film/country;/m/09c7w0;/m/01cz7r;/film/film/genre;/m/05p553;/m/046zh;/film/actor/film./film/performance/film;/m/01cz7r;0.67586350440979;0.9285116791725159;1;1
/m/0cnztc4;/film/film/genre;/m/03bxz7;/m/0cnztc4;/film/film/genre;/m/0lsxr;/m/0cnztc4;/common/topic/webpage./common/webpage/category;/m/08mbj5d;/m/0cnztc4;/film/film/release_date_s./film/film_regional_release_date/film_release_region;/m/03rj0;;;;0.3991727828979492;0.3721994161605835;1;2
/m/032016;/film/film/genre;/m/02kdv5l;/m/032016;/film/film/genre;/m/01hmnh;;;;;;;;;;0.6649982929229736;0.4846443831920624;1;1
/m/025twgf;/film/film/genre;/m/02kdv5l;/m/025twgf;/film/film/release_date_s./film/film_regional_release_date/film_release_region;/m/09c7w0;;;;;;;;;;0.5460532307624817;0.7468870282173157;1;1
/m/01l2b3;/film/film/genre;/m/01t_vv;/m/025jfl;/film/film_distributor/films_distributed./film/film_film_distributor_relationship/film;/m/01l2b3;;;;;;;;;;0.6317593455314636;0.5734952688217163;1;2
/m/033f8n;/film/film/other_crew./film/film_crew_gig/film_crew_role;/m/0ch6mp2;/m/059j1m;/film/actor/film./film/performance/film;/m/033f8n;/m/07bdd_;/award/award_category/nominees./award/award_nomination/nominated_for;/m/033f8n;/m/033f8n;/film/film/other_crew./film/film_crew_gig/film_crew_role;/m/09vw2b7;;;;0.9550712704658508;0.9618054032325745;1;1
/m/04ynx7;/film/film/other_crew./film/film_crew_gig/film_crew_role;/m/09zzb8;/m/0g2lq;/award/award_nominee/award_nominations./award/award_nomination/nominated_for;/m/04ynx7;/m/04ynx7;/film/film/other_crew./film/film_crew_gig/film_crew_role;/m/01pvkk;/m/04ynx7;/film/film/other_crew./film/film_crew_gig/film_crew_role;/m/0ch6mp2;/m/04ynx7;/film/film/release_date_s./film/film_regional_release_date/film_release_distribution_medium;/m/029j_;0.9558484554290771;0.8892582654953003;1;2
/m/05pdd86;/film/film/other_crew./film/film_crew_gig/film_crew_role;/m/015h31;/m/05pdd86;/film/film/country;/m/09c7w0;;;;;;;;;;0.9135255217552185;0.6323487162590027;1;3
/m/0ndsl1x;/film/film/other_crew./film/film_crew_gig/film_crew_role;/m/09vw2b7;/m/01z4y;/media_common/netflix_genre/titles;/m/0ndsl1x;;;;;;;;;;0.8787168264389038;0.7902523279190063;1;1
/m/0dmn0x;/film/film/other_crew./film/film_crew_gig/film_crew_role;/m/0ch6mp2;/m/0345h;/media_common/netflix_genre/titles;/m/0dmn0x;/m/0dmn0x;/film/film/release_date_s./film/film_regional_release_date/film_release_region;/m/09c7w0;/m/05zvq6g;/award/award_category/nominees./award/award_nomination/nominated_for;/m/0dmn0x;/m/0dmn0x;/film/film/other_crew./film/film_crew_gig/film_crew_role;/m/09vw2b7;0.9234169125556946;0.8369911313056946;1;1
/m/024lff;/film/film/other_crew./film/film_crew_gig/film_crew_role;/m/09zzb8;/m/024lff;/film/film/other_crew./film/film_crew_gig/film_crew_role;/m/0ch6mp2;/m/02g1jh;/award/award_nominee/award_nominations./award/award_nomination/nominated_for;/m/024lff;/m/024lff;/film/film/country;/m/0345h;;;;0.9644231200218201;0.9515968561172485;1;2
/m/01qvz8;/film/film/other_crew./film/film_crew_gig/film_crew_role;/m/09zzb8;/m/01qvz8;/award/award_nominated_work/award_nominations./award/award_nomination/nominated_for;/m/02qzh2;/m/01qvz8;/film/film/other_crew./film/film_crew_gig/film_crew_role;/m/0dxtw;;;;;;;0.9586411118507385;0.9392842650413513;1;1
/m/04165w;/film/film/other_crew./film/film_crew_gig/film_crew_role;/m/02r96rf;/m/04165w;/film/film/executive_produced_by;/m/05hj_k;/m/04165w;/film/film/country;/m/09c7w0;/m/04165w;/film/film/other_crew./film/film_crew_gig/film_crew_role;/m/0ch6mp2;;;;0.6167360544204712;0.7381957769393921;1;2
/m/09gq0x5;/film/film/other_crew./film/film_crew_gig/film_crew_role;/m/0ch6mp2;/m/054krc;/award/award_category/nominees./award/award_nomination/nominated_for;/m/09gq0x5;/m/0g5b0q5;/award/award_ceremony/awards_presented./award/award_honor/honored_for;/m/09gq0x5;/m/07ssc;/media_common/netflix_genre/titles;/m/09gq0x5;;;;0.9081291556358337;0.9638254046440125;1;1
/m/0cc5mcj;/film/film/other_crew./film/film_crew_gig/film_crew_role;/m/01vx2h;/m/0cc5mcj;/film/film/release_date_s./film/film_regional_release_date/film_release_region;/m/05sb1;/m/0cc5mcj;/film/film/other_crew./film/film_crew_gig/film_crew_role;/m/09vw2b7;/m/0cc5mcj;/film/film/other_crew./film/film_crew_gig/film_crew_role;/m/0ch6mp2;;;;0.695450484752655;0.7819964289665222;1;3
/m/0bm2nq;/film/film/other_crew./film/film_crew_gig/film_crew_role;/m/02r96rf;/m/0bm2nq;/film/film/other_crew./film/film_crew_gig/film_crew_role;/m/0dxtw;/m/017s11;/film/film_distributor/films_distributed./film/film_film_distributor_relationship/film;/m/0bm2nq;/m/0bm2nq;/film/film/other_crew./film/film_crew_gig/film_crew_role;/m/0ch6mp2;;;;0.968357503414154;0.9045006036758423;1;2
/m/05dss7;/film/film/release_date_s./film/film_regional_release_date/film_release_region;/m/03rjj;/m/05dss7;/film/film/release_date_s./film/film_regional_release_date/film_release_region;/m/0f8l9c;/m/05dss7;/film/film/release_date_s./film/film_regional_release_date/film_release_region;/m/06t8v;/m/05dss7;/film/film/release_date_s./film/film_regional_release_date/film_release_region;/m/03gj2;;;;0.9864466190338135;0.9505209922790527;1;1
/m/0gyfp9c;/film/film/release_date_s./film/film_regional_release_date/film_release_region;/m/077qn;/m/0gyfp9c;/film/film/release_date_s./film/film_regional_release_date/film_release_region;/m/01pj7;;;;;;;;;;0.9381434917449951;0.8016741871833801;1;8
/m/0kv238;/film/film/release_date_s./film/film_regional_release_date/film_release_region;/m/03gj2;/m/0kv238;/film/film/release_date_s./film/film_regional_release_date/film_release_region;/m/06npd;/m/0kv238;/film/film/release_date_s./film/film_regional_release_date/film_release_region;/m/02vzc;/m/0kv238;/film/film/release_date_s./film/film_regional_release_date/film_release_region;/m/03_3d;/m/0kv238;/film/film/release_date_s./film/film_regional_release_date/film_release_region;/m/0jgd;0.9812094569206238;0.8808025121688843;1;6
/m/0c8tkt;/film/film/release_date_s./film/film_regional_release_date/film_release_region;/m/02vzc;/m/0c8tkt;/film/film/release_date_s./film/film_regional_release_date/film_release_region;/m/0d0vqn;/m/0c8tkt;/film/film/release_date_s./film/film_regional_release_date/film_release_region;/m/09c7w0;;;;;;;0.8926848769187927;0.9301357865333557;1;2
/m/0gkz3nz;/film/film/release_date_s./film/film_regional_release_date/film_release_region;/m/03h64;/m/0gkz3nz;/film/film/release_date_s./film/film_regional_release_date/film_release_region;/m/0f8l9c;/m/0gkz3nz;/film/film/release_date_s./film/film_regional_release_date/film_release_region;/m/06t2t;/m/01515w;/award/award_nominee/award_nominations./award/award_nomination/nominated_for;/m/0gkz3nz;/m/0gkz3nz;/film/film/release_date_s./film/film_regional_release_date/film_release_region;/m/07ssc;0.9601560831069946;0.9267603158950806;1;2
/m/0ds6bmk;/film/film/release_date_s./film/film_regional_release_date/film_release_region;/m/05r4w;/m/0ds6bmk;/film/film/release_date_s./film/film_regional_release_date/film_regional_debut_venue;/m/07751;;;;;;;;;;0.9735876321792603;0.9212574362754822;1;1
/m/026lgs;/film/film/release_date_s./film/film_regional_release_date/film_release_region;/m/0345h;/m/026lgs;/film/film/release_date_s./film/film_regional_release_date/film_release_region;/m/0b90_r;/m/026lgs;/film/film/release_date_s./film/film_regional_release_date/film_release_region;/m/015fr;/m/026lgs;/film/film/country;/m/09c7w0;/m/02mjf2;/award/award_nominee/award_nominations./award/award_nomination/nominated_for;/m/026lgs;0.9822814464569092;0.9719262719154358;1;2
/m/017jd9;/film/film/release_date_s./film/film_regional_release_date/film_release_region;/m/07ylj;/m/017jd9;/film/film/release_date_s./film/film_regional_release_date/film_release_region;/m/01ls2;/m/017jd9;/film/film/release_date_s./film/film_regional_release_date/film_release_region;/m/06mzp;/m/017jd9;/film/film/other_crew./film/film_crew_gig/film_crew_role;/m/0ch6mp2;;;;0.9309272766113281;0.9535759091377258;1;3
/m/03hxsv;/film/film/story_by;/m/042xh;/m/03hxsv;/film/film/prequel;/m/031hcx;;;;;;;;;;0.30982011556625366;0.35102707147598267;1;1
/m/09728;/food/food/nutrients./food/nutrition_fact/nutrient;/m/0fzjh;/m/09728;/food/food/nutrients./food/nutrition_fact/nutrient;/m/04k8n;/m/09728;/food/food/nutrients./food/nutrition_fact/nutrient;/m/0h1_c;/m/09728;/food/food/nutrients./food/nutrition_fact/nutrient;/m/0hkwr;/m/09728;/food/food/nutrients./food/nutrition_fact/nutrient;/m/01sh2;0.9197317957878113;0.8779511451721191;1;7
/m/034_7s;/government/legislative_session/members./government/government_position_held/district_represented;/m/059ts;/m/034_7s;/government/legislative_session/members./government/government_position_held/district_represented;/m/06nrt;;;;;;;;;;0.3195572793483734;0.3520338535308838;1;1
/m/07hyk;/government/politician/government_positions_held./government/government_position_held/basic_title;/m/060c4;/m/07hyk;/organization/organization_member/member_of./organization/organization_membership/organization;/m/02_l9;;;;;;;;;;0.8282762765884399;0.8193249702453613;1;1
/m/046lt;/influence/influence_node/influenced_by;/m/0ph2w;/m/046lt;/people/person/profession;/m/0cbd2;;;;;;;;;;0.3818795680999756;0.7228639721870422;1;1
/m/06qd3;/location/country/form_of_government;/m/01fpfn;/m/047tsx3;/film/film/release_date_s./film/film_regional_release_date/film_release_region;/m/06qd3;;;;;;;;;;0.9118286967277527;0.8152508735656738;1;1
/m/0mkc3;/location/hud_foreclosure_area/estimated_number_of_mortgages./measurement_unit/dated_integer/source;/m/0jbk9;/m/09c7w0;/location/country/second_level_divisions;/m/0mkc3;/m/0mkc3;/location/statistical_region/rent50_2./measurement_unit/dated_money_value/currency;/m/09nqf;;;;;;;0.9943298101425171;0.9961543679237366;1;1
/m/0f2tj;/location/hud_foreclosure_area/estimated_number_of_mortgages./measurement_unit/dated_integer/source;/m/0jbk9;/m/0f2tj;/common/topic/webpage./common/webpage/category;/m/08mbj5d;/m/01k5t_3;/music/artist/origin;/m/0f2tj;/m/0f2tj;/base/biblioness/bibs_location/state;/m/04ly1;;;;0.9691688418388367;0.9990189075469971;1;1
/m/01n4w;/location/location/time_zones;/m/02hczc;/m/04_1l0v;/location/location/contains;/m/01n4w;;;;;;;;;;0.9442227482795715;0.959786593914032;1;1
/m/0fr61;/location/location/time_zones;/m/02hcv8;/m/0fr61;/location/location/adjoin_s./location/adjoining_relationship/adjoins;/m/0cc1v;;;;;;;;;;0.8578487038612366;0.9446741342544556;1;1
/m/0154j;/location/location/time_zones;/m/02llzg;/m/0154j;/military/military_combatant/military_conflicts./military/military_combatant_group/combatants;/m/05qhw;;;;;;;;;;0.8682427406311035;0.8693575263023376;1;1
/m/0136pk;/music/artist/track_contributions./music/track_contribution/role;/m/01vdm0;/m/0136pk;/award/award_nominee/award_nominations./award/award_nomination/award_nominee;/m/0565cz;;;;;;;;;;0.4995819330215454;0.1662251502275467;1;9
/m/0glt670;/music/genre/artists;/m/01vxlbm;/m/0glt670;/music/genre/artists;/m/01w272y;;;;;;;;;;0.8891456127166748;0.9058932662010193;1;7
/m/019n8z;/olympics/olympic_games/medals_awarded./olympics/olympic_medal_honor/medal;/m/02lq67;/m/019n8z;/olympics/olympic_games/participating_countries;/m/07ssc;/m/0f8l9c;/olympics/olympic_participating_country/medals_won./olympics/olympic_medal_honor/olympics;/m/019n8z;/m/019n8z;/user/jg/default_domain/olympic_games/sports;/m/09wz9;/m/019n8z;/olympics/olympic_games/medals_awarded./olympics/olympic_medal_honor/medal;/m/02lpp7;0.9187142252922058;0.8264452219009399;1;1
/m/07f1x;/olympics/olympic_participating_country/medals_won./olympics/olympic_medal_honor/medal;/m/02lpp7;/m/0kbws;/olympics/olympic_games/participating_countries;/m/07f1x;/m/07f1x;/military/military_combatant/military_conflicts./military/military_combatant_group/combatants;/m/03gj2;/m/09c7w0;/military/military_combatant/military_conflicts./military/military_combatant_group/combatants;/m/07f1x;/m/07f1x;/olympics/olympic_participating_country/athletes./olympics/olympic_athlete_affiliation/olympics;/m/06sks6;0.9067397117614746;0.9232595562934875;1;1
/m/019tzd;/olympics/olympic_sport/athletes./olympics/olympic_athlete_affiliation/country;/m/03_3d;/m/0kbvb;/olympics/olympic_games/sports;/m/019tzd;;;;;;;;;;0.9329418540000916;0.8350601196289062;1;3
/m/0bynt;/olympics/olympic_sport/athletes./olympics/olympic_athlete_affiliation/country;/m/04wlh;/m/0bynt;/olympics/olympic_sport/athletes./olympics/olympic_athlete_affiliation/olympics;/m/0kbws;/m/0bynt;/olympics/olympic_sport/athletes./olympics/olympic_athlete_affiliation/country;/m/05r4w;/m/0bynt;/olympics/olympic_sport/athletes./olympics/olympic_athlete_affiliation/country;/m/04sj3;/m/0bynt;/olympics/olympic_sport/athletes./olympics/olympic_athlete_affiliation/country;/m/0hzlz;0.9433714747428894;0.47894325852394104;1;11
/m/03_8r;/olympics/olympic_sport/athletes./olympics/olympic_athlete_affiliation/country;/m/077qn;/m/03_8r;/olympics/olympic_sport/athletes./olympics/olympic_athlete_affiliation/country;/m/015qh;/m/03_8r;/olympics/olympic_sport/athletes./olympics/olympic_athlete_affiliation/country;/m/0jdx;/m/03_8r;/olympics/olympic_sport/athletes./olympics/olympic_athlete_affiliation/country;/m/035qy;/m/03_8r;/olympics/olympic_sport/athletes./olympics/olympic_athlete_affiliation/country;/m/01znc_;0.9624380469322205;0.8689040541648865;1;3
/m/01jzyx;/organization/non_profit_organization/registered_with./organization/non_profit_registration/registering_agency;/m/03z19;/m/02_286;/location/location/contains;/m/01jzyx;/m/02pq_x5;/sports/sports_league_draft/picks./sports/sports_league_draft_pick/school;/m/01jzyx;/m/01jzyx;/base/schemastaging/organization_extra/phone_number./base/schemastaging/phone_sandbox/service_location;/m/09c7w0;/m/01jzyx;/education/educational_institution/colors;/m/06fvc;0.9873692393302917;0.9943740367889404;1;1
/m/02bjhv;/organization/non_profit_organization/registered_with./organization/non_profit_registration/registering_agency;/m/03z19;/m/02bjhv;/education/educational_institution_campus/educational_institution;/m/02bjhv;/m/02bjhv;/education/educational_institution/school_type;/m/05pcjw;;;;;;;0.9873049855232239;0.9951037168502808;1;1
/m/0165v;/organization/organization_member/member_of./organization/organization_membership/organization;/m/04k4l;/m/0165v;/location/location/adjoin_s./location/adjoining_relationship/adjoins;/m/016wzw;;;;;;;;;;0.6379276514053345;0.622398853302002;1;1
/m/05qkp;/organization/organization_member/member_of./organization/organization_membership/organization;/m/0_2v;/m/01n8qg;/location/location/adjoin_s./location/adjoining_relationship/adjoins;/m/05qkp;/m/05qkp;/location/country/form_of_government;/m/01fpfn;;;;;;;0.6151256561279297;0.7088186144828796;1;1
/m/0k8y7;/people/person/languages;/m/06b_j;/m/0k8y7;/film/actor/film./film/performance/film;/m/0ktx_;;;;;;;;;;0.1415756493806839;0.06765437871217728;1;3
/m/082xp;/people/person/nationality;/m/02jx1;/m/01dnnt;/education/educational_institution/students_graduates./education/education/student;/m/082xp;/m/082xp;/people/person/profession;/m/0dxtg;/m/082xp;/organization/organization_founder/organizations_founded;/m/01v9b1;;;;0.420102059841156;0.495488703250885;1;1
/m/03q43g;/people/person/place_of_birth;/m/0h7h6;/m/01pcz9;/award/award_nominee/award_nominations./award/award_nomination/award_nominee;/m/03q43g;;;;;;;;;;0.14161348342895508;0.15092258155345917;1;1
/m/0146pg;/people/person/profession;/m/01c72t;/m/016szr;/award/award_winner/awards_won./award/award_honor/award_winner;/m/0146pg;;;;;;;;;;0.6856335997581482;0.6017819046974182;1;1
/m/0362q0;/people/person/profession;/m/01d_h8;/m/0362q0;/award/award_nominee/award_nominations./award/award_nomination/award;/m/03ccq3s;/m/0362q0;/people/person/gender;/m/05zppz;/m/0362q0;/people/person/spouse_s./people/marriage/type_of_union;/m/04ztj;/m/0362q0;/people/person/profession;/m/0dxtg;0.5285478830337524;0.19066663086414337;1;1
/m/0187y5;/people/person/profession;/m/01d_h8;/m/0187y5;/people/person/profession;/m/02krf9;;;;;;;;;;0.8043160438537598;0.7438572645187378;1;1
/m/03wh8kl;/people/person/profession;/m/03gjzk;/m/03wh8kl;/award/award_nominee/award_nominations./award/award_nomination/award_nominee;/m/02wk_43;/m/03wh8kl;/award/award_nominee/award_nominations./award/award_nomination/award_nominee;/m/026_dcw;/m/01s81;/award/award_winning_work/awards_won./award/award_honor/award_winner;/m/03wh8kl;;;;0.5554439425468445;0.6743240356445312;1;1
/m/04l3_z;/people/person/profession;/m/018gz8;/m/04kkz8;/film/film/written_by;/m/04l3_z;/m/04l3_z;/people/person/profession;/m/0dxtg;/m/04l3_z;/people/person/place_of_birth;/m/030qb3t;;;;0.6008217930793762;0.15922796726226807;1;4
/m/05hj_k;/people/person/profession;/m/01d_h8;/m/06q8hf;/award/award_winner/awards_won./award/award_honor/award_winner;/m/05hj_k;/m/05hj_k;/award/award_nominee/award_nominations./award/award_nomination/award_nominee;/m/052hl;/m/04cw0j;/award/award_nominee/award_nominations./award/award_nomination/award_nominee;/m/05hj_k;/m/04g3p5;/award/award_winner/awards_won./award/award_honor/award_winner;/m/05hj_k;0.9377267360687256;0.95625901222229;1;1
/m/02lj6p;/people/person/profession;/m/03gjzk;/m/02lj6p;/award/award_nominee/award_nominations./award/award_nomination/award_nominee;/m/0pnf3;/m/02lj6p;/people/person/profession;/m/018gz8;/m/0dq9p;/people/cause_of_death/people;/m/02lj6p;/m/02lj6p;/award/award_nominee/award_nominations./award/award_nomination/nominated_for;/m/06z8s_;0.8246121406555176;0.6238556504249573;1;2
/m/03h502k;/people/person/profession;/m/0dz3r;/m/03h502k;/music/artist/track_contributions./music/track_contribution/role;/m/0l1589;/m/03h502k;/people/person/profession;/m/016z4k;/m/03h502k;/music/artist/track_contributions./music/track_contribution/role;/m/01vdm0;;;;0.9148072600364685;0.671883761882782;1;1
/m/019g40;/people/person/profession;/m/0dz3r;/m/011k1h;/music/record_label/artist;/m/019g40;/m/019g40;/people/person/profession;/m/016z4k;/m/019g40;/music/artist/origin;/m/02xry;;;;0.7570098638534546;0.7400505542755127;1;1
/m/01pw2f1;/people/person/profession;/m/01d_h8;/m/029sk;/medicine/disease/notable_people_with_this_condition;/m/01pw2f1;/m/039bpc;/base/popstra/celebrity/friendship./base/popstra/friendship/participant;/m/01pw2f1;/m/01pw2f1;/people/person/gender;/m/02zsn;;;;0.5349278450012207;0.19948114454746246;1;3
/m/07zl1;/people/person/profession;/m/0kyk;/m/07zl1;/award/award_nominee/award_nominations./award/award_nomination/award;/m/06196;;;;;;;;;;0.43782928586006165;0.45467016100883484;1;1
/m/05prs8;/people/person/profession;/m/0dxtg;/m/05prs8;/award/award_winner/awards_won./award/award_honor/award_winner;/m/05183k;/m/05prs8;/people/person/profession;/m/03gjzk;;;;;;;0.8391984701156616;0.5990796685218811;1;2
/m/050z2;/people/person/profession;/m/0dz3r;/m/05148p4;/music/instrument/instrumentalists;/m/050z2;;;;;;;;;;0.9334089756011963;0.8202054500579834;1;1
/m/05z775;/people/person/profession;/m/0np9r;/m/09g_31;/tv/tv_program/regular_cast./tv/regular_tv_appearance/actor;/m/05z775;;;;;;;;;;0.5681177973747253;0.6586230397224426;1;1
/m/026l37;/people/person/profession;/m/0dxtg;/m/026l37;/award/award_nominee/award_nominations./award/award_nomination/award_nominee;/m/07s8r0;/m/026l37;/people/person/profession;/m/02hrh1q;/m/026l37;/award/award_nominee/award_nominations./award/award_nomination/award_nominee;/m/053y4h;/m/025t9b;/award/award_nominee/award_nominations./award/award_nomination/award_nominee;/m/026l37;0.5656272768974304;0.020313257351517677;1;12
/m/03sww;/people/person/profession;/m/03gjzk;/m/05r6t;/music/genre/artists;/m/03sww;;;;;;;;;;0.4300776720046997;0.200564906001091;1;1
/m/025vry;/people/person/religion;/m/03_gx;/m/041rx;/people/ethnicity/people;/m/025vry;/m/025vry;/people/deceased_person/place_of_death;/m/0f2wj;/m/0gnkb;/film/film/music;/m/025vry;;;;0.7056039571762085;0.33395129442214966;1;2
/m/02d02;/sports/professional_sports_team/draft_picks./sports/sports_league_draft_pick/draft;/m/02pq_rp;/m/02d02;/baseball/baseball_team/team_stats./baseball/baseball_team_stats/season;/m/0285r5d;/m/02d02;/sports/sports_team/roster./baseball/baseball_roster_position/position;/m/01z9v6;/m/028c_8;/sports/sports_position/players./sports/sports_team_roster/team;/m/02d02;;;;0.9027699828147888;0.7903003096580505;1;1
/m/04v9wn;/sports/sports_team/colors;/m/083jv;/m/04v9wn;/sports/sports_team/sport;/m/02vx4;/m/02_j1w;/sports/sports_position/players./sports/sports_team_roster/team;/m/04v9wn;/m/04v9wn;/soccer/football_team/current_roster./soccer/football_roster_position/position;/m/02_j1w;/m/04v9wn;/soccer/football_team/current_roster./sports/sports_team_roster/position;/m/02nzb8;0.4878784120082855;0.31299474835395813;1;1
/m/0cv3w;/travel/travel_destination/climate./travel/travel_destination_monthly_climate/month;/m/0ll3;/m/0cv3w;/travel/travel_destination/climate./travel/travel_destination_monthly_climate/month;/m/05cw8;/m/0cv3w;/travel/travel_destination/climate./travel/travel_destination_monthly_climate/month;/m/02xx5;/m/0cv3w;/travel/travel_destination/climate./travel/travel_destination_monthly_climate/month;/m/0lkm;/m/0cv3w;/travel/travel_destination/climate./travel/travel_destination_monthly_climate/month;/m/04w_7;0.9647259712219238;0.9790496230125427;1;2
/m/030p35;/tv/tv_program/genre;/m/01t_vv;/m/030p35;/tv/tv_program/genre;/m/07s9rl0;;;;;;;;;;0.27585768699645996;0.03826820105314255;1;13
/m/043qqt5;/tv/tv_program/tv_producer./tv/tv_producer_term/producer_type;/m/0ckd1;/m/043qqt5;/tv/tv_program/genre;/m/0hcr;/m/0cc8l6d;/award/award_category/nominees./award/award_nomination/nominated_for;/m/043qqt5;/m/043qqt5;/tv/tv_program/regular_cast./tv/regular_tv_appearance/actor;/m/019803;;;;0.9957470297813416;0.9978134632110596;1;1
/m/02rxj;/user/tsegaran/random/taxonomy_subject/entry./user/tsegaran/random/taxonomy_entry/taxonomy;/m/04n6k;/m/032l1;/people/person/religion;/m/02rxj;;;;;;;;;;0.9976556301116943;0.987978458404541;1;1
