/m/024_dt;/award/award_category/category_of;/m/0c4ys;/m/024_dt;/award/award_category/winners./award/award_honor/ceremony;/m/09n4nb;/m/024_dt;/award/award_category/winners./award/award_honor/ceremony;/m/0gx1673;/m/024_dt;/award/award_category/winners./award/award_honor/award_winner;/m/0ckcvk;/m/0hl3d;/award/award_nominee/award_nominations./award/award_nomination/award;/m/024_dt;4.346431;5.981596;1;2
/m/040vk98;/award/award_category/disciplines_or_subjects;/m/04g51;/m/040vk98;/award/award_category/winners./award/award_honor/award_winner;/m/01zkxv;/m/040vk98;/award/award_category/disciplines_or_subjects;/m/06n90;/m/0gd_s;/award/award_nominee/award_nominations./award/award_nomination/award;/m/040vk98;/m/040vk98;/award/award_category/winners./award/award_honor/award_winner;/m/04mhl;5.7740507;5.6441426;1;1
/m/0bp_b2;/award/award_category/winners./award/award_honor/ceremony;/m/0gx_st;/m/0bp_b2;/award/award_category/nominees./award/award_nomination/nominated_for;/m/05lfwd;/m/015grj;/award/award_nominee/award_nominations./award/award_nomination/award;/m/0bp_b2;;;;;;;2.9179993;3.262124;1;2
/m/0k611;/award/award_category/winners./award/award_honor/ceremony;/m/073h9x;/m/0k611;/award/award_category/nominees./award/award_nomination/nominated_for;/m/0yyg4;;;;;;;;;;2.6876888;2.4141927;1;1
/m/0p9sw;/award/award_category/winners./award/award_honor/ceremony;/m/073h1t;/m/0c94fn;/award/award_nominee/award_nominations./award/award_nomination/award;/m/0p9sw;/m/0p9sw;/award/award_category/nominees./award/award_nomination/nominated_for;/m/03hj3b3;/m/0p9sw;/award/award_category/winners./award/award_honor/ceremony;/m/073h9x;;;;2.3304844;1.979601;1;2
/m/02gdjb;/award/award_category/winners./award/award_honor/ceremony;/m/0466p0j;/m/02gdjb;/award/award_category/winners./award/award_honor/ceremony;/m/01s695;/m/02gdjb;/award/award_category/winners./award/award_honor/ceremony;/m/02rjjll;/m/02gdjb;/award/award_category/winners./award/award_honor/ceremony;/m/01c6qp;/m/02gdjb;/award/award_category/winners./award/award_honor/ceremony;/m/01mh_q;2.3122494;2.7456152;1;5
/m/025m8y;/award/award_category/winners./award/award_honor/ceremony;/m/02cg41;/m/025m8y;/award/award_category/category_of;/m/0c4ys;/m/025m8y;/award/award_category/winners./award/award_honor/ceremony;/m/0gpjbt;;;;;;;3.920516;4.0261955;1;2
/m/0gqng;/award/award_category/winners./award/award_honor/ceremony;/m/050yyb;/m/0gqng;/award/award_category/category_of;/m/0g_w;/m/0gqng;/award/award_category/winners./award/award_honor/ceremony;/m/0bzkgg;/m/0gqng;/award/award_category/nominees./award/award_nomination/nominated_for;/m/02gd6x;/m/0gqng;/award/award_category/winners./award/award_honor/ceremony;/m/0bzm__;3.468297;4.1867695;1;1
/m/04x4s2;/award/award_nominee/award_nominations./award/award_nomination/award;/m/02xcb6n;/m/04x4s2;/award/award_winner/awards_won./award/award_honor/award_winner;/m/0c7t58;;;;;;;;;;2.5657814;3.4333074;1;6
/m/065d1h;/award/award_nominee/award_nominations./award/award_nomination/award;/m/09v8db5;/m/065d1h;/film/actor/film./film/performance/film;/m/05znbh7;;;;;;;;;;6.922014;7.55211;1;15
/m/02_1q9;/award/award_winning_work/awards_won./award/award_honor/award;/m/02py_sj;/m/02pz3j5;/award/award_category/nominees./award/award_nomination/nominated_for;/m/02_1q9;;;;;;;;;;4.453386;5.5007715;1;24
/m/019pcs;/base/aareas/schema/administrative_area/administrative_area_type;/m/0hzc9wc;/m/019pcs;/location/location/adjoin_s./location/adjoining_relationship/adjoins;/m/06tgw;/m/019pcs;/location/statistical_region/religions./location/religion_percentage/religion;/m/0flw86;;;;;;;2.890417;3.9489028;1;1
/m/02kcz;/base/aareas/schema/administrative_area/administrative_parent;/m/02j71;/m/02kcz;/location/statistical_region/gdp_real./measurement_unit/adjusted_money_value/adjustment_currency;/m/09nqf;;;;;;;;;;4.311374;4.730852;1;1
/m/0bzrsh;/base/marchmadness/ncaa_basketball_tournament/seeds./base/marchmadness/ncaa_tournament_seed/team;/m/02pzy52;/m/0bzrsh;/base/marchmadness/ncaa_basketball_tournament/seeds./base/marchmadness/ncaa_tournament_seed/team;/m/026w398;/m/0bzrsh;/time/event/locations;/m/010h9y;/m/0bzrsh;/time/event/locations;/m/03l2n;/m/0bzrsh;/base/marchmadness/ncaa_basketball_tournament/seeds./base/marchmadness/ncaa_tournament_seed/team;/m/02qk2d5;3.796114;4.0343366;1;3
/m/07147;/baseball/baseball_team/team_stats./baseball/baseball_team_stats/season;/m/0285r5d;/m/07147;/sports/professional_sports_team/draft_picks./sports/sports_league_draft_pick/draft;/m/02rl201;/m/028c_8;/sports/sports_position/players./sports/sports_team_roster/team;/m/07147;/m/07147;/baseball/baseball_team/team_stats./baseball/baseball_team_stats/season;/m/026fmqm;/m/07147;/baseball/baseball_team/team_stats./baseball/baseball_team_stats/season;/m/027mvrc;3.3713799;3.665709;1;1
/m/01ypc;/baseball/baseball_team/team_stats./baseball/baseball_team_stats/season;/m/025ygws;/m/01ypc;/baseball/baseball_team/team_stats./baseball/baseball_team_stats/season;/m/0285r5d;/m/01ypc;/sports/sports_team/roster./baseball/baseball_roster_position/position;/m/02rsl1;;;;;;;3.3906696;3.7216241;1;1
/m/0x0d;/baseball/baseball_team/team_stats./baseball/baseball_team_stats/season;/m/0dx84s;/m/0x0d;/baseball/baseball_team/team_stats./baseball/baseball_team_stats/season;/m/03c6sl9;/m/0x0d;/baseball/baseball_team/team_stats./baseball/baseball_team_stats/season;/m/0285r5d;/m/0x0d;/baseball/baseball_team/team_stats./baseball/baseball_team_stats/season;/m/026fmqm;/m/0x0d;/baseball/baseball_team/team_stats./baseball/baseball_team_stats/season;/m/025ygws;4.3159437;4.5135703;1;3
/m/06wpc;/baseball/baseball_team/team_stats./baseball/baseball_team_stats/season;/m/027pwzc;/m/06wpc;/baseball/baseball_team/team_stats./baseball/baseball_team_stats/season;/m/0285r5d;/m/06wpc;/sports/sports_team/roster./baseball/baseball_roster_position/position;/m/02wszf;/m/06wpc;/baseball/baseball_team/team_stats./baseball/baseball_team_stats/season;/m/0dx84s;/m/02dwpf;/sports/sports_position/players./sports/sports_team_roster/team;/m/06wpc;3.4469688;3.1947227;1;2
/m/07ccs;/education/educational_institution/colors;/m/083jv;/m/014mlp;/education/educational_degree/people_with_this_degree./education/education/institution;/m/07ccs;/m/07ccs;/education/educational_institution/colors;/m/04mkbj;/m/07ccs;/organization/endowed_organization/endowment./measurement_unit/dated_money_value/currency;/m/09nqf;/m/019v9k;/education/educational_degree/people_with_this_degree./education/education/institution;/m/07ccs;3.2206988;3.788994;1;1
/m/0sxgh;/education/educational_institution/colors;/m/0jc_p;/m/0sxgh;/organization/organization/headquarters./location/mailing_address/state_province_region;/m/04rrd;;;;;;;;;;6.9528503;7.3968296;1;4
/m/02yr3z;/education/educational_institution/school_type;/m/01rs41;/m/0dclg;/location/location/contains;/m/02yr3z;/m/02yr3z;/education/educational_institution/school_type;/m/05pcjw;/m/02yr3z;/organization/non_profit_organization/registered_with./organization/non_profit_registration/registering_agency;/m/03z19;/m/02yr3z;/education/educational_institution/colors;/m/01l849;4.186848;5.09651;1;2
/m/01rtm4;/education/educational_institution/school_type;/m/01rs41;/m/01rtm4;/education/educational_institution/students_graduates./education/education/student;/m/0517bc;;;;;;;;;;3.5716267;4.071107;1;2
/m/01g6l8;/education/educational_institution/school_type;/m/05jxkf;/m/01g6l8;/education/educational_institution/colors;/m/036k5h;/m/0hm4q;/organization/role/leaders./organization/leadership/organization;/m/01g6l8;/m/016t_3;/education/educational_degree/people_with_this_degree./education/education/institution;/m/01g6l8;;;;4.7843122;4.520553;1;1
/m/03ksy;/education/educational_institution/students_graduates./education/education/major_field_of_study;/m/06ms6;/m/03ksy;/education/educational_institution/students_graduates./education/education/major_field_of_study;/m/062z7;/m/03ksy;/education/educational_institution/students_graduates./education/education/major_field_of_study;/m/05qfh;;;;;;;2.2308528;2.7109194;1;2
/m/027pfg;/film/film/cinematography;/m/03cx282;/m/027pfg;/film/film/release_date_s./film/film_regional_release_date/film_release_region;/m/0f8l9c;/m/027pfg;/film/film/release_date_s./film/film_regional_release_date/film_release_region;/m/06t8v;/m/027pfg;/film/film/release_date_s./film/film_regional_release_date/film_release_region;/m/015fr;;;;3.5364127;3.7418575;1;1
/m/024l2y;/film/film/featured_film_locations;/m/030qb3t;/m/024l2y;/film/film/written_by;/m/032v0v;;;;;;;;;;2.859128;3.6805367;1;2
/m/04q24zv;/film/film/film_format;/m/0cj16;/m/024rbz;/film/film_distributor/films_distributed./film/film_film_distributor_relationship/film;/m/04q24zv;/m/014x77;/film/actor/film./film/performance/film;/m/04q24zv;/m/07s9rl0;/media_common/netflix_genre/titles;/m/04q24zv;;;;5.218517;6.3991547;1;2
/m/069q4f;/film/film/genre;/m/05p553;/m/01mszz;/award/award_winning_work/awards_won./award/award_honor/honored_for;/m/069q4f;;;;;;;;;;5.518987;5.6693506;1;4
/m/027s39y;/film/film/genre;/m/01hmnh;/m/018wdw;/award/award_category/nominees./award/award_nomination/nominated_for;/m/027s39y;/m/027s39y;/film/film/genre;/m/05p553;;;;;;;3.5699446;4.1558237;1;4
/m/03h4fq7;/film/film/genre;/m/05p553;/m/03h4fq7;/film/film/genre;/m/03p5xs;;;;;;;;;;4.0280247;4.0895896;1;4
/m/01sxdy;/film/film/genre;/m/02l7c8;/m/02g3v6;/award/award_category/nominees./award/award_nomination/nominated_for;/m/01sxdy;;;;;;;;;;3.3171256;4.21894;1;6
/m/02tcgh;/film/film/language;/m/0688f;/m/02tcgh;/film/film/estimated_budget./measurement_unit/dated_money_value/currency;/m/02gsvk;;;;;;;;;;4.873087;4.5813327;1;1
/m/0bbw2z6;/film/film/language;/m/064_8sq;/m/0bbw2z6;/film/film/language;/m/02h40lc;/m/0bbw2z6;/film/film/release_date_s./film/film_regional_release_date/film_release_region;/m/09c7w0;;;;;;;3.3460526;3.4323566;1;3
/m/02vqhv0;/film/film/other_crew./film/film_crew_gig/crewmember;/m/027rwmr;/m/02vqhv0;/film/film/written_by;/m/01f7j9;;;;;;;;;;1.8653135;3.3957806;1;3
/m/07f_t4;/film/film/other_crew./film/film_crew_gig/film_crew_role;/m/09zzb8;/m/07f_t4;/film/film/release_date_s./film/film_regional_release_date/film_release_region;/m/09c7w0;/m/038rzr;/award/award_nominee/award_nominations./award/award_nomination/nominated_for;/m/07f_t4;;;;;;;2.4530077;3.1552575;1;3
/m/040b5k;/film/film/other_crew./film/film_crew_gig/film_crew_role;/m/01pvkk;/m/040b5k;/film/film/release_date_s./film/film_regional_release_date/film_release_region;/m/015qh;;;;;;;;;;3.517003;4.0507655;1;2
/m/023vcd;/film/film/other_crew./film/film_crew_gig/film_crew_role;/m/0ch6mp2;/m/023vcd;/film/film/genre;/m/05p553;/m/023vcd;/film/film/release_date_s./film/film_regional_release_date/film_release_region;/m/0f8l9c;;;;;;;4.6394835;5.0517964;1;6
/m/09bw4_;/film/film/other_crew./film/film_crew_gig/film_crew_role;/m/09zzb8;/m/09bw4_;/film/film/other_crew./film/film_crew_gig/film_crew_role;/m/02ynfr;/m/016tt2;/film/film_distributor/films_distributed./film/film_film_distributor_relationship/film;/m/09bw4_;;;;;;;4.6866603;4.5845547;1;4
/m/026wlxw;/film/film/other_crew./film/film_crew_gig/film_crew_role;/m/09vw2b7;/m/026wlxw;/film/film/genre;/m/0gf28;/m/026wlxw;/film/film/music;/m/01hw6wq;/m/026wlxw;/film/film/language;/m/06b_j;/m/014g_s;/award/award_nominee/award_nominations./award/award_nomination/nominated_for;/m/026wlxw;4.570508;4.2166786;1;3
/m/067ghz;/film/film/other_crew./film/film_crew_gig/film_crew_role;/m/01pvkk;/m/067ghz;/film/film/release_date_s./film/film_regional_release_date/film_release_region;/m/0ctw_b;/m/067ghz;/award/award_winning_work/awards_won./award/award_honor/award_winner;/m/06chf;/m/067ghz;/film/film/country;/m/09c7w0;;;;3.159519;4.0383306;1;2
/m/03_gz8;/film/film/produced_by;/m/0b13g7;/m/03_gz8;/film/film/production_companies;/m/03sb38;/m/03_gz8;/film/film/genre;/m/02p0szs;/m/03_gz8;/film/film/music;/m/01gg59;;;;1.5595776;2.1304684;1;1
/m/07jnt;/film/film/release_date_s./film/film_regional_release_date/film_regional_debut_venue;/m/018cvf;/m/07jnt;/film/film/language;/m/02h40lc;;;;;;;;;;4.6039896;3.6863809;1;1
/m/03twd6;/film/film/release_date_s./film/film_regional_release_date/film_release_region;/m/01znc_;/m/03twd6;/film/film/release_date_s./film/film_regional_release_date/film_release_region;/m/02vzc;/m/0169dl;/film/actor/film./film/performance/film;/m/03twd6;/m/03twd6;/film/film/release_date_s./film/film_regional_release_date/film_release_region;/m/0jgd;/m/03twd6;/film/film/genre;/m/02n4kr;3.0684977;2.3124382;1;1
/m/0btpm6;/film/film/release_date_s./film/film_regional_release_date/film_release_region;/m/06f32;/m/0btpm6;/film/film/release_date_s./film/film_regional_release_date/film_release_region;/m/015fr;/m/0btpm6;/film/film/release_date_s./film/film_regional_release_date/film_release_region;/m/09c7w0;/m/0btpm6;/film/film/release_date_s./film/film_regional_release_date/film_release_region;/m/0hzlz;/m/0btpm6;/film/film/release_date_s./film/film_regional_release_date/film_release_region;/m/0154j;3.2200482;3.8692808;1;6
/m/0gvrws1;/film/film/release_date_s./film/film_regional_release_date/film_release_region;/m/05v8c;/m/0gvrws1;/film/film/release_date_s./film/film_regional_release_date/film_release_region;/m/07ssc;/m/0gvrws1;/film/film/other_crew./film/film_crew_gig/film_crew_role;/m/09vw2b7;/m/0gvrws1;/film/film/release_date_s./film/film_regional_release_date/film_release_region;/m/06c1y;/m/0gvrws1;/film/film/release_date_s./film/film_regional_release_date/film_release_region;/m/01znc_;2.1927762;1.9893003;1;5
/m/0gvrws1;/film/film/release_date_s./film/film_regional_release_date/film_release_region;/m/03gj2;/m/0gvrws1;/film/film/release_date_s./film/film_regional_release_date/film_release_region;/m/015qh;;;;;;;;;;2.2228966;1.6656857;1;3
/m/0btpm6;/film/film/release_date_s./film/film_regional_release_date/film_release_region;/m/0f8l9c;/m/0btpm6;/film/film/release_date_s./film/film_regional_release_date/film_release_region;/m/059j2;/m/0btpm6;/film/film/release_date_s./film/film_regional_release_date/film_release_region;/m/0hzlz;/m/0btpm6;/film/film/release_date_s./film/film_regional_release_date/film_release_region;/m/0b90_r;;;;3.295069;3.6317387;1;5
/m/061_f;/food/food/nutrients./food/nutrition_fact/nutrient;/m/0838f;/m/061_f;/food/food/nutrients./food/nutrition_fact/nutrient;/m/025sf0_;/m/061_f;/food/food/nutrients./food/nutrition_fact/nutrient;/m/0h1wg;/m/061_f;/food/food/nutrients./food/nutrition_fact/nutrient;/m/0h1vg;/m/061_f;/food/food/nutrients./food/nutrition_fact/nutrient;/m/025tkqy;4.7260294;4.923866;1;4
/m/07j87;/food/food/nutrients./food/nutrition_fact/nutrient;/m/07hnp;/m/07j87;/food/food/nutrients./food/nutrition_fact/nutrient;/m/025s7x6;/m/07j87;/food/food/nutrients./food/nutrition_fact/nutrient;/m/02kc008;;;;;;;3.3886302;5.1013865;1;2
/m/09b6zr;/government/politician/government_positions_held./government/government_position_held/basic_title;/m/060c4;/m/09b6zr;/award/award_nominee/award_nominations./award/award_nomination/award_nominee;/m/014vk4;;;;;;;;;;4.830538;4.762252;1;2
/m/0jdx;/location/country/form_of_government;/m/018wl5;/m/0jdx;/organization/organization_member/member_of./organization/organization_membership/organization;/m/02vk52z;;;;;;;;;;4.26305;4.9035583;1;5
/m/0_565;/location/hud_foreclosure_area/estimated_number_of_mortgages./measurement_unit/dated_integer/source;/m/0jbk9;/m/0mwk9;/location/us_county/county_seat;/m/0_565;/m/05tbn;/location/location/contains;/m/0_565;/m/0_565;/location/location/time_zones;/m/02hcv8;;;;8.043738;10.256527;1;1
/m/0mnm2;/location/hud_foreclosure_area/estimated_number_of_mortgages./measurement_unit/dated_integer/source;/m/0jbk9;/m/09c7w0;/location/country/second_level_divisions;/m/0mnm2;/m/0mnm2;/location/location/time_zones;/m/02hcv8;/m/0mnm2;/base/biblioness/bibs_location/state;/m/07z1m;/m/07z1m;/location/location/contains;/m/0mnm2;6.9796667;11.921694;1;1
/m/0r111;/location/hud_foreclosure_area/estimated_number_of_mortgages./measurement_unit/dated_integer/source;/m/0jbk9;/m/03hbbc;/organization/organization/place_founded;/m/0r111;/m/09c7w0;/location/location/contains;/m/0r111;/m/0693l;/people/person/places_lived./people/place_lived/location;/m/0r111;;;;6.2731395;6.8426504;1;1
/m/0l2q3;/location/hud_foreclosure_area/estimated_number_of_mortgages./measurement_unit/dated_integer/source;/m/0jbk9;/m/0r3wm;/location/hud_county_place/county;/m/0l2q3;/m/0l2q3;/location/location/contains;/m/0r3tq;/m/09c7w0;/location/country/second_level_divisions;/m/0l2q3;/m/09c7w0;/location/location/contains;/m/0l2q3;7.4644985;7.6436057;1;1
/m/0l3kx;/location/hud_foreclosure_area/estimated_number_of_mortgages./measurement_unit/dated_integer/source;/m/0jbk9;/m/0s6g4;/location/hud_county_place/county;/m/0l3kx;/m/0l3kx;/location/location/time_zones;/m/02fqwt;;;;;;;8.543635;7.332814;1;1
/m/0mnyn;/location/location/time_zones;/m/02hcv8;/m/07z1m;/location/location/contains;/m/0mnyn;/m/0mnyn;/location/us_county/county_seat;/m/0mnyn;;;;;;;7.688088;9.455652;1;3
/m/0fm9_;/location/location/time_zones;/m/02hcv8;/m/0fkh6;/location/location/adjoin_s./location/adjoining_relationship/adjoins;/m/0fm9_;/m/09c7w0;/location/country/second_level_divisions;/m/0fm9_;/m/0f6_j;/location/location/adjoin_s./location/adjoining_relationship/adjoins;/m/0fm9_;;;;6.489331;9.055646;1;2
/m/0zqq8;/location/location/time_zones;/m/02hcv8;/m/0mww2;/location/location/contains;/m/0zqq8;/m/0zqq8;/location/hud_county_place/place;/m/0zqq8;;;;;;;10.737841;10.15137;1;2
/m/01m23s;/location/location/time_zones;/m/02hcv8;/m/09c7w0;/location/location/contains;/m/01m23s;/m/0m2hs;/location/location/contains;/m/01m23s;/m/01m23s;/location/hud_foreclosure_area/estimated_number_of_mortgages./measurement_unit/dated_integer/source;/m/0jbk9;/m/018qpb;/people/person/places_lived./people/place_lived/location;/m/01m23s;9.221266;9.788746;1;3
/m/0p3sf;/music/artist/track_contributions./music/track_contribution/role;/m/01vdm0;/m/0p3sf;/music/artist/track_contributions./music/track_contribution/role;/m/011k_j;;;;;;;;;;3.2642627;3.090246;1;6
/m/01clyr;/music/record_label/artist;/m/07mvp;/m/01clyr;/music/record_label/artist;/m/0cg9y;;;;;;;;;;2.098949;2.9490914;1;26
/m/018ljb;/olympics/olympic_games/medals_awarded./olympics/olympic_medal_honor/medal;/m/02lq5w;/m/01d8l;/olympics/olympic_participating_country/medals_won./olympics/olympic_medal_honor/olympics;/m/018ljb;/m/06bnz;/olympics/olympic_participating_country/medals_won./olympics/olympic_medal_honor/olympics;/m/018ljb;/m/09c7w0;/olympics/olympic_participating_country/athletes./olympics/olympic_athlete_affiliation/olympics;/m/018ljb;;;;2.9794378;3.989544;1;1
/m/02tz9z;/organization/non_profit_organization/registered_with./organization/non_profit_registration/registering_agency;/m/03z19;/m/02tz9z;/education/educational_institution/students_graduates./education/education/major_field_of_study;/m/01lj9;/m/02tz9z;/education/educational_institution/school_type;/m/06cs1;/m/060c4;/organization/role/leaders./organization/leadership/organization;/m/02tz9z;/m/07s6fsf;/education/educational_degree/people_with_this_degree./education/education/institution;/m/02tz9z;3.076489;3.1847444;1;1
/m/02hp6p;/organization/non_profit_organization/registered_with./organization/non_profit_registration/registering_agency;/m/03z19;/m/02hp6p;/education/university/local_tuition./measurement_unit/dated_money_value/currency;/m/09nqf;/m/02hp6p;/common/topic/webpage./common/webpage/category;/m/08mbj5d;/m/02hp6p;/education/educational_institution/campuses;/m/02hp6p;;;;3.9162931;4.916576;1;1
/m/01nln;/organization/organization_member/member_of./organization/organization_membership/organization;/m/0gkjy;/m/02kcz;/location/location/adjoin_s./location/adjoining_relationship/adjoins;/m/01nln;/m/01nln;/location/location/adjoin_s./location/adjoining_relationship/adjoins;/m/01rxw;/m/01nln;/organization/organization_member/member_of./organization/organization_membership/organization;/m/0b6css;;;;3.438264;3.9789138;1;1
/m/0154j;/organization/organization_member/member_of./organization/organization_membership/organization;/m/04k4l;/m/0154j;/military/military_combatant/military_conflicts./military/military_combatant_group/combatants;/m/01h3dj;/m/059j2;/military/military_combatant/military_conflicts./military/military_combatant_group/combatants;/m/0154j;/m/04g61;/military/military_combatant/military_conflicts./military/military_combatant_group/combatants;/m/0154j;/m/0154j;/military/military_combatant/military_conflicts./military/military_combatant_group/combatants;/m/015qh;3.156948;3.18296;1;1
/m/04xn_;/organization/organization_member/member_of./organization/organization_membership/organization;/m/0_2v;/m/07f1x;/location/location/adjoin_s./location/adjoining_relationship/adjoins;/m/04xn_;/m/085h1;/user/ktrueman/default_domain/international_organization/member_states;/m/04xn_;;;;;;;4.304453;4.264868;1;2
/m/0g96wd;/people/ethnicity/people;/m/0h32q;/m/0g96wd;/people/ethnicity/languages_spoken;/m/03x42;;;;;;;;;;5.268793;5.3324566;1;1
/m/015f7;/people/person/gender;/m/02zsn;/m/01pgzn_;/base/popstra/celebrity/friendship./base/popstra/friendship/participant;/m/015f7;/m/015f7;/base/popstra/celebrity/friendship./base/popstra/friendship/participant;/m/01pq5j7;/m/0227vl;/base/popstra/celebrity/friendship./base/popstra/friendship/participant;/m/015f7;/m/0c7xjb;/base/popstra/celebrity/friendship./base/popstra/friendship/participant;/m/015f7;5.514725;6.090135;1;1
/m/0pyg6;/people/person/gender;/m/02zsn;/m/0pyg6;/people/person/places_lived./people/place_lived/location;/m/0k049;/m/0pyg6;/film/actor/film./film/performance/film;/m/02x3lt7;;;;;;;5.854834;6.001548;1;1
/m/01qn8k;/people/person/gender;/m/02zsn;/m/01pgzn_;/base/popstra/celebrity/friendship./base/popstra/friendship/participant;/m/01qn8k;/m/01qn8k;/base/popstra/celebrity/friendship./base/popstra/friendship/participant;/m/01pgzn_;/m/01qn8k;/people/person/places_lived./people/place_lived/location;/m/04jpl;;;;5.0279093;5.5180697;1;1
/m/06gn7r;/people/person/nationality;/m/03rk0;/m/02kxx1;/education/educational_institution/students_graduates./education/education/student;/m/06gn7r;/m/06gn7r;/people/person/spouse_s./people/marriage/type_of_union;/m/04ztj;/m/06gn7r;/people/person/profession;/m/02jknp;/m/06gn7r;/award/award_nominee/award_nominations./award/award_nomination/award;/m/03rbj2;6.130023;8.313142;1;1
/m/04b19t;/people/person/nationality;/m/03rk0;/m/04b19t;/people/person/spouse_s./people/marriage/type_of_union;/m/04ztj;/m/04b19t;/people/person/place_of_birth;/m/04vmp;/m/04b19t;/people/person/profession;/m/01d_h8;;;;6.4366884;8.401047;1;1
/m/02lf0c;/people/person/profession;/m/01d_h8;/m/02lf0c;/people/person/profession;/m/03gjzk;;;;;;;;;;3.5969303;4.8278804;1;2
/m/018pj3;/people/person/profession;/m/0dz3r;/m/018pj3;/people/person/gender;/m/02zsn;/m/018pj3;/people/person/profession;/m/04f2zj;;;;;;;2.1102977;1.9951547;1;2
/m/02wwwv5;/people/person/profession;/m/0dz3r;/m/02wwwv5;/award/award_nominee/award_nominations./award/award_nomination/award_nominee;/m/03bxwtd;/m/02wwwv5;/music/artist/origin;/m/05fkf;;;;;;;2.2361684;2.2716982;1;1
/m/049dyj;/people/person/profession;/m/018gz8;/m/049dyj;/people/person/profession;/m/02hrh1q;/m/019v9k;/education/educational_degree/people_with_this_degree./education/education/student;/m/049dyj;;;;;;;3.5965304;4.021617;1;1
/m/0gz5hs;/people/person/profession;/m/0np9r;/m/0gz5hs;/people/person/profession;/m/02hrh1q;/m/0gz5hs;/award/award_nominee/award_nominations./award/award_nomination/award_nominee;/m/02cm2m;/m/0gz5hs;/award/award_nominee/award_nominations./award/award_nomination/award;/m/0h3vhfb;;;;4.277648;4.1045322;1;1
/m/03c7ln;/people/person/profession;/m/039v1;/m/03c7ln;/music/group_member/membership./music/group_membership/role;/m/0342h;;;;;;;;;;2.3195403;2.7317052;1;3
/m/04mhl;/people/person/profession;/m/0kyk;/m/04mhl;/people/person/profession;/m/0cbd2;/m/04mhl;/award/award_nominee/award_nominations./award/award_nomination/award;/m/02662b;/m/04mhl;/award/award_nominee/award_nominations./award/award_nomination/award;/m/0262x6;;;;6.480532;6.439862;1;1
/m/02r4qs;/people/person/profession;/m/0dz3r;/m/0gdh5;/award/award_nominee/award_nominations./award/award_nomination/award_nominee;/m/02r4qs;;;;;;;;;;2.542539;2.5505674;1;3
/m/0b1s_q;/people/person/profession;/m/03gjzk;/m/030cx;/tv/tv_program/program_creator;/m/0b1s_q;/m/0b1s_q;/award/award_nominee/award_nominations./award/award_nomination/award;/m/0cjyzs;;;;;;;6.7494106;5.3787193;1;1
/m/04snp2;/people/person/profession;/m/03gjzk;/m/04snp2;/tv/tv_producer/programs_produced./tv/tv_producer_term/program;/m/0828jw;;;;;;;;;;6.2729125;7.7047133;1;6
/m/0gd5z;/people/person/profession;/m/0kyk;/m/0gd5z;/influence/influence_node/influenced_by;/m/0hky;/m/0gd5z;/influence/influence_node/influenced_by;/m/080r3;/m/0gd5z;/people/person/profession;/m/05z96;;;;3.2203093;3.2583556;1;1
/m/0dt1cm;/people/person/profession;/m/016z4k;/m/0dt1cm;/award/award_nominee/award_nominations./award/award_nomination/award_nominee;/m/0837ql;/m/0dt1cm;/award/award_nominee/award_nominations./award/award_nomination/award;/m/01d38g;/m/0dt1cm;/people/person/profession;/m/0dz3r;;;;2.3227358;2.0864024;1;1
/m/02nfjp;/people/person/profession;/m/0nbcg;/m/02nfjp;/people/person/nationality;/m/06f32;;;;;;;;;;6.188185;7.525822;1;6
/m/0h5f5n;/people/person/profession;/m/01d_h8;/m/03nk3t;/award/award_nominee/award_nominations./award/award_nomination/award_nominee;/m/0h5f5n;/m/0h5f5n;/award/award_nominee/award_nominations./award/award_nomination/award_nominee;/m/02z2xdf;/m/03qmx_f;/award/award_nominee/award_nominations./award/award_nomination/award_nominee;/m/0h5f5n;/m/030_3z;/award/award_nominee/award_nominations./award/award_nomination/award_nominee;/m/0h5f5n;4.5101967;4.70765;1;1
/m/039g82;/people/person/religion;/m/0c8wxp;/m/039g82;/people/person/profession;/m/01d30f;/m/039g82;/people/person/places_lived./people/place_lived/location;/m/013jz2;;;;;;;6.7485824;7.586673;1;1
/m/07rd7;/people/person/spouse_s./people/marriage/type_of_union;/m/01g63y;/m/07rd7;/film/director/film;/m/01hp5;/m/062cg6;/award/award_nominee/award_nominations./award/award_nomination/award_nominee;/m/07rd7;/m/07rd7;/people/person/spouse_s./people/marriage/type_of_union;/m/04ztj;;;;7.9282465;7.698769;1;2
/m/061xq;/sports/professional_sports_team/draft_picks./sports/sports_league_draft_pick/draft;/m/02z6872;/m/061xq;/baseball/baseball_team/team_stats./baseball/baseball_team_stats/season;/m/026fmqm;/m/061xq;/sports/professional_sports_team/draft_picks./sports/sports_league_draft_pick/draft;/m/02pq_rp;/m/061xq;/sports/sports_team/colors;/m/019sc;/m/061xq;/sports/professional_sports_team/draft_picks./sports/sports_league_draft_pick/draft;/m/02x2khw;3.563284;3.6314592;1;3
/m/02vx4;/sports/sport/pro_athletes./sports/pro_sports_played/athlete;/m/0gtgp6;/m/02vx4;/sports/sport/pro_athletes./sports/pro_sports_played/athlete;/m/0841zn;/m/02vx4;/sports/sport/pro_athletes./sports/pro_sports_played/athlete;/m/08gwzt;/m/02vx4;/sports/sport/pro_athletes./sports/pro_sports_played/athlete;/m/0d3f83;/m/02vx4;/sports/sport/pro_athletes./sports/pro_sports_played/athlete;/m/071h5c;4.8135953;3.9671385;1;3
/m/0wsr;/sports/sports_team/colors;/m/03vtbc;/m/023wyl;/sports/sports_position/players./sports/sports_team_roster/team;/m/0wsr;/m/0wsr;/sports/sports_team/roster./american_football/football_roster_position/position;/m/02g_7z;/m/0wsr;/american_football/football_team/current_roster./sports/sports_team_roster/position;/m/02g_6j;;;;4.992587;4.875902;1;1
/m/03qx63;/sports/sports_team/sport;/m/02vx4;/m/03_qrp;/base/x2010fifaworldcupsouthafrica/world_cup_squad/current_world_cup_squad./base/x2010fifaworldcupsouthafrica/current_world_cup_squad/current_club;/m/03qx63;/m/03qx63;/soccer/football_team/current_roster./sports/sports_team_roster/position;/m/02sdk9v;/m/02sdk9v;/sports/sports_position/players./sports/sports_team_roster/team;/m/03qx63;/m/03qx63;/soccer/football_team/current_roster./soccer/football_roster_position/position;/m/02_j1w;3.130384;6.6154194;1;1
/m/0jzphpx;/time/event/instance_of_recurring_event;/m/0c4ys;/m/02grdc;/award/award_category/winners./award/award_honor/ceremony;/m/0jzphpx;/m/03ncb2;/award/award_category/winners./award/award_honor/ceremony;/m/0jzphpx;;;;;;;3.814064;3.792625;1;1
/m/0947l;/travel/travel_destination/climate./travel/travel_destination_monthly_climate/month;/m/05cw8;/m/0947l;/travel/travel_destination/climate./travel/travel_destination_monthly_climate/month;/m/05lf_;/m/0947l;/travel/travel_destination/climate./travel/travel_destination_monthly_climate/month;/m/0lkm;/m/0947l;/travel/travel_destination/climate./travel/travel_destination_monthly_climate/month;/m/040fb;/m/04ztj;/people/marriage_union_type/unions_of_this_type./people/marriage/location_of_ceremony;/m/0947l;4.125762;4.037495;1;1
/m/05l64;/travel/travel_destination/how_to_get_here./travel/transportation/mode_of_transportation;/m/07jdr;/m/03pm9;/people/deceased_person/place_of_death;/m/05l64;/m/05l64;/travel/travel_destination/climate./travel/travel_destination_monthly_climate/month;/m/03_ly;/m/05l64;/travel/travel_destination/how_to_get_here./travel/transportation/mode_of_transportation;/m/025t3bg;;;;3.4277108;4.8180346;1;2
/m/07b3r9;/tv/tv_producer/programs_produced./tv/tv_producer_term/producer_type;/m/0ckd1;/m/07b3r9;/tv/tv_producer/programs_produced./tv/tv_producer_term/program;/m/01b9w3;/m/07b3r9;/award/award_nominee/award_nominations./award/award_nomination/award;/m/0fbtbt;;;;;;;4.2423077;4.624178;1;1
/m/026lj;/user/alexander/philosophy/philosopher/interests;/m/0x0w;/m/02ln1;/influence/influence_node/influenced_by;/m/026lj;;;;;;;;;;5.374716;4.090678;1;1
/m/02_7t;/user/tsegaran/random/taxonomy_subject/entry./user/tsegaran/random/taxonomy_entry/taxonomy;/m/04n6k;/m/027mdh;/education/educational_institution/students_graduates./education/education/major_field_of_study;/m/02_7t;/m/0438f;/education/educational_institution/students_graduates./education/education/major_field_of_study;/m/02_7t;/m/02_7t;/education/field_of_study/students_majoring./education/education/major_field_of_study;/m/04_tv;;;;10.531696;8.434149;1;1
