/m/0kz10;/music/genre/parent_genre;/m/08cyft;/m/0kz10;/music/genre/parent_genre;/m/0mmp3;8.301183;1;8.856514;1;8.794928;1;0.5153917303903726;6.288063287734985
/m/0kz10;/music/genre/parent_genre;/m/08cyft;/m/0kz10;/music/genre/parent_genre;/m/0283d;8.301183;1;8.856514;1;8.921873;1;0.48366603532414876;0.9504187107086182
/m/0kz10;/music/genre/parent_genre;/m/08cyft;/m/0kz10;/music/genre/artists;/m/01d_h;8.301183;1;8.856514;1;8.81539;1;0.5102796372553204;0.9530696868896484
/m/0kz10;/music/genre/parent_genre;/m/08cyft;/m/0kz10;/music/genre/parent_genre;/m/0m0jc;8.301183;1;8.856514;1;7.57425;3;2.782834871349749;0.9497337341308594
/m/0kz10;/music/genre/parent_genre;/m/08cyft;/m/01y3_q;/music/genre/parent_genre;/m/0kz10;8.301183;1;8.856514;1;9.0256195;1;0.45782407729772023;0.9591588973999023
/m/07tlg;/organization/organization/headquarters./location/mailing_address/citytown;/m/0978r;/m/01w0v;/location/location/contains;/m/07tlg;8.486766;1;11.079026;1;8.90649;1;0.8977559718513398;6.848207950592041
/m/07tlg;/organization/organization/headquarters./location/mailing_address/citytown;/m/0978r;/m/07tlg;/education/educational_institution/students_graduates./education/education/major_field_of_study;/m/03g3w;8.486766;1;11.079026;1;10.990711;1;0.5220644133568524;1.0116708278656006
/m/07tlg;/organization/organization/headquarters./location/mailing_address/citytown;/m/0978r;/m/014mlp;/education/educational_degree/people_with_this_degree./education/education/institution;/m/07tlg;8.486766;1;11.079026;1;10.934934;1;0.5359609410572698;1.00411057472229
/m/07tlg;/organization/organization/headquarters./location/mailing_address/citytown;/m/0978r;/m/07tlg;/education/educational_institution/campuses;/m/07tlg;8.486766;1;11.079026;1;11.379214;1;0.42551150988356173;1.0121376514434814
/m/07tlg;/organization/organization/headquarters./location/mailing_address/citytown;/m/0978r;/m/07tlg;/education/educational_institution/students_graduates./education/education/student;/m/01j2xj;8.486766;1;11.079026;1;10.988453;1;0.5226278608098013;1.013122320175171
/m/07tlg;/organization/organization/headquarters./location/mailing_address/citytown;/m/0978r;/m/07tlg;/education/educational_institution/colors;/m/083jv;8.486766;1;11.079026;1;11.0401535;1;0.5097169561353725;1.0120198726654053
/m/07tlg;/organization/organization/headquarters./location/mailing_address/citytown;/m/0978r;/m/07tlg;/common/topic/webpage./common/webpage/category;/m/08mbj5d;8.486766;1;11.079026;1;11.167446;1;0.47790941173143014;1.0140647888183594
/m/07tlg;/organization/organization/headquarters./location/mailing_address/citytown;/m/0978r;/m/07tlg;/education/educational_institution/students_graduates./education/education/student;/m/0jvtp;8.486766;1;11.079026;1;11.221436;1;0.4644577162359459;1.0095937252044678
/m/07tlg;/organization/organization/headquarters./location/mailing_address/citytown;/m/0978r;/m/05c0jwl;/organization/role/leaders./organization/leadership/organization;/m/07tlg;8.486766;1;11.079026;1;10.400042;1;0.6635120423626378;1.0173542499542236
/m/07tlg;/organization/organization/headquarters./location/mailing_address/citytown;/m/0978r;/m/07tlg;/education/educational_institution_campus/educational_institution;/m/07tlg;8.486766;1;11.079026;1;11.380141;1;0.425284926019824;1.0076267719268799
/m/02f4s3;/education/educational_institution/colors;/m/083jv;/m/051vz;/sports/professional_sports_team/draft_picks./sports/sports_league_draft_pick/school;/m/02f4s3;7.5164685;1;10.120572;1;10.162049;1;0.48963218547816495;6.463167905807495
/m/02f4s3;/education/educational_institution/colors;/m/083jv;/m/02h4rq6;/education/educational_degree/people_with_this_degree./education/education/institution;/m/02f4s3;7.5164685;1;10.120572;1;10.024027;1;0.5241175744803483;0.8965222835540771
/m/02f4s3;/education/educational_institution/colors;/m/083jv;/m/02f4s3;/education/university/domestic_tuition./measurement_unit/dated_money_value/currency;/m/09nqf;7.5164685;1;10.120572;1;10.035557;1;0.5212410322998293;0.8964807987213135
/m/02f4s3;/education/educational_institution/colors;/m/083jv;/m/07xl34;/organization/role/leaders./organization/leadership/organization;/m/02f4s3;7.5164685;1;10.120572;1;10.07418;1;0.5115960304689192;0.8961262702941895
/m/02f4s3;/education/educational_institution/colors;/m/083jv;/m/03bwzr4;/education/educational_degree/people_with_this_degree./education/education/institution;/m/02f4s3;7.5164685;1;10.120572;1;10.100811;1;0.5049401106189706;0.896533727645874
/m/02f4s3;/education/educational_institution/colors;/m/083jv;/m/014mlp;/education/educational_degree/people_with_this_degree./education/education/institution;/m/02f4s3;7.5164685;1;10.120572;1;9.988651;1;0.5329324569022045;0.8963708877563477
/m/02f4s3;/education/educational_institution/colors;/m/083jv;/m/02_xgp2;/education/educational_degree/people_with_this_degree./education/education/institution;/m/02f4s3;7.5164685;1;10.120572;1;10.078539;1;0.5105067519845068;0.8959441184997559
/m/02f4s3;/education/educational_institution/colors;/m/083jv;/m/02f4s3;/education/educational_institution_campus/educational_institution;/m/02f4s3;7.5164685;1;10.120572;1;10.308221;1;0.4532249799617959;0.8965544700622559
/m/02f4s3;/education/educational_institution/colors;/m/083jv;/m/02f4s3;/common/topic/webpage./common/webpage/category;/m/08mbj5d;7.5164685;1;10.120572;1;9.7776985;1;0.5848883789359031;0.8974409103393555
/m/02f4s3;/education/educational_institution/colors;/m/083jv;/m/02f4s3;/education/educational_institution/students_graduates./education/education/major_field_of_study;/m/0_jm;7.5164685;1;10.120572;1;10.082326;1;0.5095603733404002;0.896914005279541
/m/02f4s3;/education/educational_institution/colors;/m/083jv;/m/02f4s3;/organization/organization/headquarters./location/mailing_address/state_province_region;/m/03v0t;7.5164685;1;10.120572;1;10.104087;1;0.5041212102263122;0.8962762355804443
/m/02f4s3;/education/educational_institution/colors;/m/083jv;/m/02f4s3;/organization/endowed_organization/endowment./measurement_unit/dated_money_value/currency;/m/09nqf;7.5164685;1;10.120572;1;10.041998;1;0.5196334449431557;0.8977584838867188
/m/02f4s3;/education/educational_institution/colors;/m/083jv;/m/019v9k;/education/educational_degree/people_with_this_degree./education/education/institution;/m/02f4s3;7.5164685;1;10.120572;1;10.040798;1;0.5199329059664947;0.8962366580963135
/m/02f4s3;/education/educational_institution/colors;/m/083jv;/m/02f4s3;/education/educational_institution/students_graduates./education/education/major_field_of_study;/m/01mkq;7.5164685;1;10.120572;1;10.019651;1;0.5252087770133814;0.8967528343200684
/m/02f4s3;/education/educational_institution/colors;/m/083jv;/m/022h5x;/education/educational_degree/people_with_this_degree./education/education/institution;/m/02f4s3;7.5164685;1;10.120572;1;10.166672;1;0.48847712491345796;0.8961148262023926
/m/02f4s3;/education/educational_institution/colors;/m/083jv;/m/02f4s3;/education/educational_institution/campuses;/m/02f4s3;7.5164685;1;10.120572;1;10.307923;1;0.45329871658169535;0.8963088989257812
/m/02f4s3;/education/educational_institution/colors;/m/083jv;/m/02f4s3;/education/educational_institution/students_graduates./education/education/major_field_of_study;/m/04rlf;7.5164685;1;10.120572;1;10.18362;1;0.4842431285610189;0.896496057510376
/m/02f4s3;/education/educational_institution/colors;/m/083jv;/m/03v0t;/location/location/contains;/m/02f4s3;7.5164685;1;10.120572;1;10.161999;1;0.4896448162363399;0.8965628147125244
/m/02f4s3;/education/educational_institution/colors;/m/083jv;/m/02f4s3;/education/educational_institution/colors;/m/04mkbj;7.5164685;1;10.120572;1;10.022783;2;1.5244277396208392;0.896315336227417
/m/02f4s3;/education/educational_institution/colors;/m/083jv;/m/09c7w0;/location/location/contains;/m/02f4s3;7.5164685;1;10.120572;1;9.992302;1;0.5320236416451386;0.896388053894043
/m/0c12h;/people/person/religion;/m/0kpl;/m/0c12h;/people/person/nationality;/m/09c7w0;6.634378;1;7.8646126;3;7.7792897;3;0.5213177830242276;6.897824287414551
/m/0c12h;/people/person/religion;/m/0kpl;/m/02x4wr9;/award/award_category/winners./award/award_honor/award_winner;/m/0c12h;6.634378;1;7.8646126;3;7.8550324;4;1.5023950155187167;1.1245713233947754
/m/0c12h;/people/person/religion;/m/0kpl;/m/0c12h;/film/actor/film./film/performance/film;/m/01lbcqx;6.634378;1;7.8646126;3;7.8183556;3;0.5115621931874839;1.1238174438476562
/m/0c12h;/people/person/religion;/m/0kpl;/m/0c12h;/film/director/film;/m/0cbn7c;6.634378;1;7.8646126;3;7.8804417;3;0.4960428110498237;1.1246566772460938
/m/0c12h;/people/person/religion;/m/0kpl;/m/0c12h;/award/award_nominee/award_nominations./award/award_nomination/nominated_for;/m/02x6dqb;6.634378;1;7.8646126;3;7.9622035;3;0.47562161439045186;1.1239326000213623
/m/0c12h;/people/person/religion;/m/0kpl;/m/0sxlb;/award/award_winning_work/awards_won./award/award_honor/award_winner;/m/0c12h;6.634378;1;7.8646126;3;7.8984547;3;0.4915402856865457;1.1254703998565674
/m/0c12h;/people/person/religion;/m/0kpl;/m/0c12h;/award/award_nominee/award_nominations./award/award_nomination/nominated_for;/m/0cbn7c;6.634378;1;7.8646126;3;7.905101;3;0.4898793217536276;1.1295015811920166
/m/0c12h;/people/person/religion;/m/0kpl;/m/0c12h;/award/award_nominee/award_nominations./award/award_nomination/nominated_for;/m/0hv27;6.634378;1;7.8646126;3;7.8535657;3;0.5027616935261068;1.1314022541046143
/m/0c12h;/people/person/religion;/m/0kpl;/m/0c12h;/film/actor/film./film/performance/film;/m/0hv4t;6.634378;1;7.8646126;3;7.8576236;3;0.501747243444775;1.1258611679077148
/m/0c12h;/people/person/religion;/m/0kpl;/m/0c12h;/people/person/spouse_s./people/marriage/type_of_union;/m/01g63y;6.634378;1;7.8646126;3;7.809323;3;0.5138189161938868;1.1229357719421387
/m/0c12h;/people/person/religion;/m/0kpl;/m/0c12h;/award/award_nominee/award_nominations./award/award_nomination/nominated_for;/m/02q_ncg;6.634378;1;7.8646126;3;7.920307;3;0.4860799529946629;1.1238524913787842
/m/0c12h;/people/person/religion;/m/0kpl;/m/0cbn7c;/film/film/written_by;/m/0c12h;6.634378;1;7.8646126;3;7.8730745;3;0.49788452457077065;1.1231300830841064
/m/0c12h;/people/person/religion;/m/0kpl;/m/0hv27;/film/film/written_by;/m/0c12h;6.634378;1;7.8646126;3;7.827868;3;0.509185115214815;1.1250543594360352
/m/0c12h;/people/person/religion;/m/0kpl;/m/0c12h;/people/person/gender;/m/05zppz;6.634378;1;7.8646126;3;7.739114;3;0.5313335785385637;1.1245379447937012
/m/0c12h;/people/person/religion;/m/0kpl;/m/0c12h;/award/award_nominee/award_nominations./award/award_nomination/award;/m/040njc;6.634378;1;7.8646126;3;7.866783;3;0.499457359527012;1.1238014698028564
/m/0c12h;/people/person/religion;/m/0kpl;/m/0c12h;/film/director/film;/m/0hv27;6.634378;1;7.8646126;3;7.846719;3;0.5044733284415671;1.1229612827301025
/m/0c12h;/people/person/religion;/m/0kpl;/m/0c12h;/award/award_nominee/award_nominations./award/award_nomination/nominated_for;/m/0kb1g;6.634378;1;7.8646126;3;7.9145007;3;0.4875305525823811;1.1236603260040283
/m/0c12h;/people/person/religion;/m/0kpl;/m/0c12h;/film/director/film;/m/0sxlb;6.634378;1;7.8646126;3;7.9004383;3;0.49104452548683686;1.123183250427246
/m/0c12h;/people/person/religion;/m/0kpl;/m/0c12h;/film/actor/film./film/performance/film;/m/04vvh9;6.634378;1;7.8646126;3;7.866006;3;0.49965167051228465;1.1236319541931152
/m/0c12h;/people/person/religion;/m/0kpl;/m/0c12h;/people/person/profession;/m/02jknp;6.634378;1;7.8646126;3;7.813941;3;0.5126651845427972;1.1218252182006836
/m/03cw411;/film/film/other_crew./film/film_crew_gig/film_crew_role;/m/0ch6mp2;/m/03cw411;/award/award_winning_work/awards_won./award/award_honor/honored_for;/m/02q5g1z;7.474295;1;9.615405;1;9.6555605;1;0.4899624960257446;7.276273488998413
/m/03cw411;/film/film/other_crew./film/film_crew_gig/film_crew_role;/m/0ch6mp2;/m/02q5g1z;/award/award_winning_work/awards_won./award/award_honor/honored_for;/m/03cw411;7.474295;1;9.615405;1;9.654103;1;0.49032665806018266;1.3369395732879639
/m/03cw411;/film/film/other_crew./film/film_crew_gig/film_crew_role;/m/0ch6mp2;/m/02q5g1z;/award/award_nominated_work/award_nominations./award/award_nomination/nominated_for;/m/03cw411;7.474295;1;9.615405;1;9.655761;1;0.48991244840256953;1.3400418758392334
/m/03cw411;/film/film/other_crew./film/film_crew_gig/film_crew_role;/m/0ch6mp2;/m/03cw411;/film/film/release_date_s./film/film_regional_release_date/film_release_region;/m/015qh;7.474295;1;9.615405;1;9.629264;1;0.4965353566617262;1.3370640277862549
/m/03cw411;/film/film/other_crew./film/film_crew_gig/film_crew_role;/m/0ch6mp2;/m/03cw411;/film/film/production_companies;/m/061dn_;7.474295;1;9.615405;1;9.615715;1;0.4999225139624122;1.3373963832855225
/m/03cw411;/film/film/other_crew./film/film_crew_gig/film_crew_role;/m/0ch6mp2;/m/099t8j;/award/award_category/nominees./award/award_nomination/nominated_for;/m/03cw411;7.474295;1;9.615405;1;9.610176;1;0.5013072460906112;1.337385892868042
/m/03cw411;/film/film/other_crew./film/film_crew_gig/film_crew_role;/m/0ch6mp2;/m/03cw411;/film/film/release_date_s./film/film_regional_release_date/film_release_region;/m/0k6nt;7.474295;1;9.615405;1;9.614831;1;0.5001435279806768;1.3405251502990723
/m/03cw411;/film/film/other_crew./film/film_crew_gig/film_crew_role;/m/0ch6mp2;/m/04110lv;/award/award_ceremony/awards_presented./award/award_honor/honored_for;/m/03cw411;7.474295;1;9.615405;1;9.625251;1;0.49753858647312865;1.3369898796081543
/m/03cw411;/film/film/other_crew./film/film_crew_gig/film_crew_role;/m/0ch6mp2;/m/03cw411;/film/film/release_date_s./film/film_regional_release_date/film_release_region;/m/05r4w;7.474295;1;9.615405;1;9.611221;1;0.5010459407808466;1.3372349739074707
/m/03cw411;/film/film/other_crew./film/film_crew_gig/film_crew_role;/m/0ch6mp2;/m/03cw411;/film/film/release_date_s./film/film_regional_release_date/film_release_region;/m/03rt9;7.474295;1;9.615405;1;9.611958;1;0.5008618823097951;1.338125467300415
/m/03cw411;/film/film/other_crew./film/film_crew_gig/film_crew_role;/m/0ch6mp2;/m/04xvlr;/media_common/netflix_genre/titles;/m/03cw411;7.474295;1;9.615405;1;9.599998;1;0.503851575960363;1.3388478755950928
/m/03cw411;/film/film/other_crew./film/film_crew_gig/film_crew_role;/m/0ch6mp2;/m/03cw411;/film/film/release_date_s./film/film_regional_release_date/film_release_region;/m/04hqz;7.474295;1;9.615405;1;9.651442;1;0.49099185198369505;1.336859941482544
/m/03cw411;/film/film/other_crew./film/film_crew_gig/film_crew_role;/m/0ch6mp2;/m/01y64_;/film/actor/film./film/performance/film;/m/03cw411;7.474295;1;9.615405;1;9.624683;1;0.4976804422841727;1.3391284942626953
/m/03cw411;/film/film/other_crew./film/film_crew_gig/film_crew_role;/m/0ch6mp2;/m/03cw411;/film/film/release_date_s./film/film_regional_release_date/film_release_region;/m/07ssc;7.474295;1;9.615405;1;9.591602;1;0.5059504083742546;1.3380591869354248
/m/03cw411;/film/film/other_crew./film/film_crew_gig/film_crew_role;/m/0ch6mp2;/m/03cw411;/film/film/country;/m/09c7w0;7.474295;1;9.615405;1;9.553098;1;0.5155718020265965;1.3387031555175781
/m/03cw411;/film/film/other_crew./film/film_crew_gig/film_crew_role;/m/0ch6mp2;/m/03cw411;/film/film/language;/m/02h40lc;7.474295;1;9.615405;1;9.56094;1;0.5136129584367014;1.3380393981933594
/m/03cw411;/film/film/other_crew./film/film_crew_gig/film_crew_role;/m/0ch6mp2;/m/02hfp_;/award/award_nominee/award_nominations./award/award_nomination/nominated_for;/m/03cw411;7.474295;1;9.615405;1;9.647676;1;0.4919328538119051;1.3373279571533203
/m/03cw411;/film/film/other_crew./film/film_crew_gig/film_crew_role;/m/0ch6mp2;/m/03cw411;/film/film/language;/m/04h9h;7.474295;1;9.615405;1;9.653704;1;0.49042651843848506;1.3423514366149902
/m/03cw411;/film/film/other_crew./film/film_crew_gig/film_crew_role;/m/0ch6mp2;/m/02n9nmz;/award/award_category/nominees./award/award_nomination/nominated_for;/m/03cw411;7.474295;1;9.615405;1;9.617135;1;0.4995675088053724;1.337888240814209
/m/03cw411;/film/film/other_crew./film/film_crew_gig/film_crew_role;/m/0ch6mp2;/m/040njc;/award/award_category/nominees./award/award_nomination/nominated_for;/m/03cw411;7.474295;1;9.615405;1;9.629133;1;0.49656801845347065;1.3373992443084717
/m/0j1yf;/people/person/profession;/m/0dz3r;/m/0j1yf;/award/award_winner/awards_won./award/award_honor/award_winner;/m/04mn81;6.7939734;1;7.8130116;1;7.8026834;1;0.5025820502586539;7.575756788253784
/m/0j1yf;/people/person/profession;/m/0dz3r;/m/015f7;/base/popstra/celebrity/breakup./base/popstra/breakup/participant;/m/0j1yf;6.7939734;1;7.8130116;1;7.8242326;1;0.49719479643166753;1.5340380668640137
/m/0j1yf;/people/person/profession;/m/0dz3r;/m/0bqsy;/award/award_nominee/award_nominations./award/award_nomination/award_nominee;/m/0j1yf;6.7939734;1;7.8130116;1;7.8160377;1;0.49924349842576726;1.535090446472168
/m/0j1yf;/people/person/profession;/m/0dz3r;/m/015f7;/base/popstra/celebrity/dated./base/popstra/dated/participant;/m/0j1yf;6.7939734;1;7.8130116;1;7.822009;1;0.49775065508988886;1.5351331233978271
/m/0j1yf;/people/person/profession;/m/0dz3r;/m/0j1yf;/award/award_nominee/award_nominations./award/award_nomination/award_nominee;/m/0bqsy;6.7939734;1;7.8130116;1;7.81609;1;0.499230385434458;1.537921667098999
/m/0j1yf;/people/person/profession;/m/0dz3r;/m/024dgj;/celebrities/celebrity/celebrity_friends./celebrities/friendship/friend;/m/0j1yf;6.7939734;1;7.8130116;1;7.8118963;1;0.5002788304993552;1.5353450775146484
/m/0j1yf;/people/person/profession;/m/0dz3r;/m/0j1yf;/award/award_nominee/award_nominations./award/award_nomination/award_nominee;/m/03h_0_z;6.7939734;1;7.8130116;1;7.81202;1;0.5002479553019393;1.5332145690917969
/m/0j1yf;/people/person/profession;/m/0dz3r;/m/03q2t9;/award/award_nominee/award_nominations./award/award_nomination/award_nominee;/m/0j1yf;6.7939734;1;7.8130116;1;7.8059688;1;0.5017607139287268;1.5342788696289062
/m/0j1yf;/people/person/profession;/m/0dz3r;/m/0j1yf;/base/popstra/celebrity/dated./base/popstra/dated/participant;/m/015f7;6.7939734;1;7.8130116;1;7.822596;1;0.49760391162230505;1.5350558757781982
/m/0j1yf;/people/person/profession;/m/0dz3r;/m/03h_0_z;/base/popstra/celebrity/friendship./base/popstra/friendship/participant;/m/0j1yf;6.7939734;1;7.8130116;1;7.8163185;1;0.4991732843303347;1.5346221923828125
/m/0j1yf;/people/person/profession;/m/0dz3r;/m/03h_0_z;/base/popstra/celebrity/canoodled./base/popstra/canoodled/participant;/m/0j1yf;6.7939734;1;7.8130116;1;7.8187075;1;0.4985760488860088;1.5344223976135254
/m/0j1yf;/people/person/profession;/m/0dz3r;/m/03f5spx;/award/award_winner/awards_won./award/award_honor/award_winner;/m/0j1yf;6.7939734;1;7.8130116;1;7.814174;1;0.49970936778480696;1.5342655181884766
/m/0j1yf;/people/person/profession;/m/0dz3r;/m/0j1yf;/base/popstra/celebrity/canoodled./base/popstra/canoodled/participant;/m/0127s7;6.7939734;1;7.8130116;1;7.814473;1;0.4996346235925639;1.53568696975708
/m/0j1yf;/people/person/profession;/m/0dz3r;/m/0j1yf;/award/award_winner/awards_won./award/award_honor/award_winner;/m/04vrxh;6.7939734;1;7.8130116;1;7.814719;1;0.4995731116378433;1.5362870693206787
/m/0j1yf;/people/person/profession;/m/0dz3r;/m/0j1yf;/base/popstra/celebrity/breakup./base/popstra/breakup/participant;/m/015f7;6.7939734;1;7.8130116;1;7.8229723;1;0.49750985773874046;1.533820390701294
/m/0j1yf;/people/person/profession;/m/0dz3r;/m/0j1yf;/award/award_nominee/award_nominations./award/award_nomination/award_nominee;/m/03f5spx;6.7939734;1;7.8130116;1;7.813439;1;0.4998931884781873;1.5349478721618652
/m/0j1yf;/people/person/profession;/m/0dz3r;/m/0j1yf;/award/award_winner/awards_won./award/award_honor/award_winner;/m/03f5spx;6.7939734;1;7.8130116;1;7.81378;1;0.49980795384397775;1.534250020980835
/m/0j1yf;/people/person/profession;/m/0dz3r;/m/03h_0_z;/award/award_nominee/award_nominations./award/award_nomination/award_nominee;/m/0j1yf;6.7939734;1;7.8130116;1;7.8118033;1;0.500302076302969;1.53676438331604
/m/0j1yf;/people/person/profession;/m/0dz3r;/m/0j1yf;/celebrities/celebrity/celebrity_friends./celebrities/friendship/friend;/m/024dgj;6.7939734;1;7.8130116;1;7.8131795;1;0.4999580383301767;1.534494400024414
/m/0j1yf;/people/person/profession;/m/0dz3r;/m/0127s7;/base/popstra/celebrity/friendship./base/popstra/friendship/participant;/m/0j1yf;6.7939734;1;7.8130116;1;7.823058;1;0.4974884006034403;1.534872055053711
/m/05k7sb;/location/location/time_zones;/m/02hcv8;/m/05k7sb;/location/location/contains;/m/0pc7r;6.146474;1;5.69949;2;5.7100983;2;0.49734797580552004;7.9721057415008545
/m/05k7sb;/location/location/time_zones;/m/02hcv8;/m/05k7sb;/location/location/contains;/m/0gv10;6.146474;1;5.69949;2;5.7013187;2;0.4995428325019714;1.698380947113037
/m/05k7sb;/location/location/time_zones;/m/02hcv8;/m/05k7sb;/location/location/contains;/m/0k3gj;6.146474;1;5.69949;2;5.7083297;2;0.49779011258009165;1.6990561485290527
/m/05k7sb;/location/location/time_zones;/m/02hcv8;/m/05k7sb;/location/location/contains;/m/0t_07;6.146474;1;5.69949;2;5.699951;2;0.49988472461904676;1.6992621421813965
/m/05k7sb;/location/location/time_zones;/m/02hcv8;/m/05k7sb;/location/location/contains;/m/0k3k1;6.146474;1;5.69949;2;5.71713;2;0.4955900858958418;1.6991467475891113
/m/05k7sb;/location/location/time_zones;/m/02hcv8;/m/05k7sb;/location/location/contains;/m/0typ5;6.146474;1;5.69949;2;5.695257;2;0.5010582192833065;1.6987111568450928
/m/05k7sb;/location/location/time_zones;/m/02hcv8;/m/06btq;/location/location/adjoin_s./location/adjoining_relationship/adjoins;/m/05k7sb;6.146474;1;5.69949;2;5.691472;2;0.5020044934649691;1.6987066268920898
/m/05k7sb;/location/location/time_zones;/m/02hcv8;/m/01lxw6;/base/biblioness/bibs_location/state;/m/05k7sb;6.146474;1;5.69949;2;5.6941814;2;0.5013271539038011;1.6990954875946045
/m/05k7sb;/location/location/time_zones;/m/02hcv8;/m/05k7sb;/location/location/contains;/m/0t_4_;6.146474;1;5.69949;2;5.708499;2;0.4977477941249153;1.6991689205169678
/m/05k7sb;/location/location/time_zones;/m/02hcv8;/m/05k7sb;/base/aareas/schema/administrative_area/capital;/m/01cx_;6.146474;1;5.69949;2;5.6993284;2;0.5000404119490697;1.6989340782165527
/m/05k7sb;/location/location/time_zones;/m/02hcv8;/m/05k7sb;/location/location/adjoin_s./location/adjoining_relationship/adjoins;/m/059f4;6.146474;1;5.69949;2;5.698361;2;0.5002822875676637;1.6990115642547607
/m/05k7sb;/location/location/time_zones;/m/02hcv8;/m/05k7sb;/location/location/contains;/m/0tz14;6.146474;1;5.69949;2;5.7072096;2;0.4980701303950147;1.706387996673584
/m/05k7sb;/location/location/time_zones;/m/02hcv8;/m/05k7sb;/location/location/contains;/m/0t_hx;6.146474;1;5.69949;2;5.6985416;2;0.5002371072591429;1.7049534320831299
/m/05k7sb;/location/location/time_zones;/m/02hcv8;/m/0mzvm;/base/biblioness/bibs_location/state;/m/05k7sb;6.146474;1;5.69949;2;5.6999507;2;0.49988484382833;1.726867437362671
/m/05k7sb;/location/location/time_zones;/m/02hcv8;/m/05k7sb;/location/location/contains;/m/0mzvm;6.146474;1;5.69949;2;5.706062;2;0.49835706348435693;1.7527499198913574
/m/05k7sb;/location/location/time_zones;/m/02hcv8;/m/05k7sb;/location/location/contains;/m/0tyww;6.146474;1;5.69949;2;5.695113;2;0.5010942203219418;1.7542686462402344
/m/05k7sb;/location/location/time_zones;/m/02hcv8;/m/01cx_;/base/biblioness/bibs_location/state;/m/05k7sb;6.146474;1;5.69949;2;5.7155814;2;0.4959772501158131;1.7548985481262207
/m/05k7sb;/location/location/time_zones;/m/02hcv8;/m/05k7sb;/location/location/contains;/m/0tyql;6.146474;1;5.69949;2;5.697113;2;0.5005942580286;1.75404691696167
/m/05k7sb;/location/location/time_zones;/m/02hcv8;/m/05k7sb;/location/location/contains;/m/0k3gw;6.146474;1;5.69949;2;5.7058506;2;0.4984098726475747;1.755450963973999
/m/05k7sb;/location/location/time_zones;/m/02hcv8;/m/0tz41;/base/biblioness/bibs_location/state;/m/05k7sb;6.146474;1;5.69949;2;5.698273;2;0.5003042220693922;1.7540442943572998
/m/06t2t;/location/country/form_of_government;/m/01fpfn;/m/06wrt;/olympics/olympic_sport/athletes./olympics/olympic_athlete_affiliation/country;/m/06t2t;7.9803767;1;10.618721;1;10.606857;1;0.5029658923372579;8.348387956619263
/m/06t2t;/location/country/form_of_government;/m/01fpfn;/m/07jbh;/olympics/olympic_sport/athletes./olympics/olympic_athlete_affiliation/country;/m/06t2t;7.9803767;1;10.618721;1;10.607613;1;0.5027770710526928;1.9107041358947754
/m/06t2t;/location/country/form_of_government;/m/01fpfn;/m/02vr3gz;/film/film/release_date_s./film/film_regional_release_date/film_release_region;/m/06t2t;7.9803767;1;10.618721;1;10.620828;1;0.49947333355354534;1.9168016910552979
/m/06t2t;/location/country/form_of_government;/m/01fpfn;/m/05qbckf;/film/film/release_date_s./film/film_regional_release_date/film_release_region;/m/06t2t;7.9803767;1;10.618721;1;10.617787;1;0.5002334117719851;1.9106810092926025
/m/06t2t;/location/country/form_of_government;/m/01fpfn;/m/0d29z;/people/ethnicity/geographic_distribution;/m/06t2t;7.9803767;1;10.618721;1;10.60045;1;0.504567734481153;1.9091813564300537
/m/06t2t;/location/country/form_of_government;/m/01fpfn;/m/0gkz15s;/film/film/release_date_s./film/film_regional_release_date/film_release_region;/m/06t2t;7.9803767;1;10.618721;1;10.621628;1;0.49927330068258446;1.9106833934783936
/m/06t2t;/location/country/form_of_government;/m/01fpfn;/m/03g90h;/film/film/release_date_s./film/film_regional_release_date/film_release_region;/m/06t2t;7.9803767;1;10.618721;1;10.6213045;1;0.49935412442845484;1.911757469177246
/m/06t2t;/location/country/form_of_government;/m/01fpfn;/m/06tpmy;/film/film/release_date_s./film/film_regional_release_date/film_release_region;/m/06t2t;7.9803767;1;10.618721;1;10.623238;1;0.49887085152889754;1.9109320640563965
/m/06t2t;/location/country/form_of_government;/m/01fpfn;/m/0j8f09z;/film/film/release_date_s./film/film_regional_release_date/film_release_region;/m/06t2t;7.9803767;1;10.618721;1;10.623747;1;0.4987435367329161;1.9104220867156982
/m/06t2t;/location/country/form_of_government;/m/01fpfn;/m/01jrbb;/film/film/release_date_s./film/film_regional_release_date/film_release_region;/m/06t2t;7.9803767;1;10.618721;1;10.622393;1;0.4990820895016535;1.9108819961547852
/m/06t2t;/location/country/form_of_government;/m/01fpfn;/m/05q4y12;/film/film/release_date_s./film/film_regional_release_date/film_release_region;/m/06t2t;7.9803767;1;10.618721;1;10.625993;1;0.4981820663451576;1.9108028411865234
/m/06t2t;/location/country/form_of_government;/m/01fpfn;/m/0gkz3nz;/film/film/release_date_s./film/film_regional_release_date/film_release_region;/m/06t2t;7.9803767;1;10.618721;1;10.626568;1;0.49803830199674143;1.9099435806274414
/m/06t2t;/location/country/form_of_government;/m/01fpfn;/m/06q1r;/location/statistical_region/places_exported_to./location/imports_and_exports/exported_to;/m/06t2t;7.9803767;1;10.618721;1;10.612431;1;0.5015726037621511;1.913484811782837
/m/06t2t;/location/country/form_of_government;/m/01fpfn;/m/047p7fr;/film/film/release_date_s./film/film_regional_release_date/film_release_region;/m/06t2t;7.9803767;1;10.618721;1;10.622949;1;0.49894309201301207;1.9111852645874023
/m/06t2t;/location/country/form_of_government;/m/01fpfn;/m/0cz8mkh;/film/film/release_date_s./film/film_regional_release_date/film_release_region;/m/06t2t;7.9803767;1;10.618721;1;10.619309;1;0.4998528957409387;1.9101557731628418
/m/06t2t;/location/country/form_of_government;/m/01fpfn;/m/01shy7;/film/film/release_date_s./film/film_regional_release_date/film_release_region;/m/06t2t;7.9803767;1;10.618721;1;10.623227;1;0.4988734741199237;1.9100086688995361
/m/06t2t;/location/country/form_of_government;/m/01fpfn;/m/0gyfp9c;/film/film/release_date_s./film/film_regional_release_date/film_release_region;/m/06t2t;7.9803767;1;10.618721;1;10.621851;1;0.49921751086220256;1.9127559661865234
/m/06t2t;/location/country/form_of_government;/m/01fpfn;/m/047tsx3;/film/film/release_date_s./film/film_regional_release_date/film_release_region;/m/06t2t;7.9803767;1;10.618721;1;10.620921;1;0.4994499685598842;1.9106838703155518
/m/06t2t;/location/country/form_of_government;/m/01fpfn;/m/0h1cdwq;/film/film/release_date_s./film/film_regional_release_date/film_release_region;/m/06t2t;7.9803767;1;10.618721;1;10.622694;1;0.4990067495059831;1.9109368324279785
/m/06t2t;/location/country/form_of_government;/m/01fpfn;/m/02bg55;/film/film/release_date_s./film/film_regional_release_date/film_release_region;/m/06t2t;7.9803767;1;10.618721;1;10.61912;1;0.4999003410352554;1.9106910228729248
/m/0p9sw;/award/award_category/winners./award/award_honor/ceremony;/m/073h1t;/m/0p9sw;/award/award_category/winners./award/award_honor/award_winner;/m/0b6mgp_;6.63526;1;8.820797;1;8.816698;1;0.5010247216182903;8.865679740905762
/m/0p9sw;/award/award_category/winners./award/award_honor/ceremony;/m/073h1t;/m/0b6mgp_;/award/award_nominee/award_nominations./award/award_nomination/award;/m/0p9sw;6.63526;1;8.820797;1;8.818306;1;0.5006227490065966;2.156973123550415
/m/0p9sw;/award/award_category/winners./award/award_honor/ceremony;/m/073h1t;/m/0p9sw;/award/award_category/category_of;/m/0g_w;6.63526;1;8.820797;1;8.812563;1;0.5020584943816282;2.1570277214050293
/m/0p9sw;/award/award_category/winners./award/award_honor/ceremony;/m/073h1t;/m/0p9sw;/award/award_category/winners./award/award_honor/award_winner;/m/0c94fn;6.63526;1;8.820797;1;8.811624;1;0.5022933322301897;2.158726692199707
/m/0p9sw;/award/award_category/winners./award/award_honor/ceremony;/m/073h1t;/m/0c94fn;/award/award_nominee/award_nominations./award/award_nomination/award;/m/0p9sw;6.63526;1;8.820797;1;8.813525;1;0.5018179336548424;2.157413959503174
/m/0p9sw;/award/award_category/winners./award/award_honor/ceremony;/m/073h1t;/m/04v8x9;/award/award_winning_work/awards_won./award/award_honor/award;/m/0p9sw;6.63526;1;8.820797;1;8.819432;1;0.5003411769337428;2.1568024158477783
/m/0p9sw;/award/award_category/winners./award/award_honor/ceremony;/m/073h1t;/m/0p9sw;/award/award_category/nominees./award/award_nomination/nominated_for;/m/01h7bb;6.63526;1;8.820797;1;8.825917;1;0.4987199334454535;2.157231092453003
/m/0p9sw;/award/award_category/winners./award/award_honor/ceremony;/m/073h1t;/m/0p9sw;/award/award_category/nominees./award/award_nomination/nominated_for;/m/03hj3b3;6.63526;1;8.820797;1;8.818468;1;0.5005822179070206;2.156954765319824
/m/0p9sw;/award/award_category/winners./award/award_honor/ceremony;/m/073h1t;/m/0p9sw;/award/award_category/nominees./award/award_nomination/nominated_for;/m/03hmt9b;6.63526;1;8.820797;1;8.821817;1;0.4997448921424979;2.1591906547546387
/m/0p9sw;/award/award_category/winners./award/award_honor/ceremony;/m/073h1t;/m/0ywrc;/award/award_winning_work/awards_won./award/award_honor/award;/m/0p9sw;6.63526;1;8.820797;1;8.824193;1;0.49915099225578985;2.1586556434631348
/m/0p9sw;/award/award_category/winners./award/award_honor/ceremony;/m/073h1t;/m/0p9sw;/award/award_category/nominees./award/award_nomination/nominated_for;/m/0299hs;6.63526;1;8.820797;1;8.822661;1;0.4995338918128768;2.1564040184020996
/m/0p9sw;/award/award_category/winners./award/award_honor/ceremony;/m/073h1t;/m/0g1rw;/award/award_nominee/award_nominations./award/award_nomination/award;/m/0p9sw;6.63526;1;8.820797;1;8.815204;1;0.501398321320892;2.15818452835083
/m/0p9sw;/award/award_category/winners./award/award_honor/ceremony;/m/073h1t;/m/0p9sw;/award/award_category/nominees./award/award_nomination/nominated_for;/m/017gl1;6.63526;1;8.820797;1;8.819695;1;0.50027537343102;2.1573054790496826
/m/0p9sw;/award/award_category/winners./award/award_honor/ceremony;/m/073h1t;/m/0p9sw;/award/award_category/nominees./award/award_nomination/nominated_for;/m/0dgq_kn;6.63526;1;8.820797;1;8.81665;1;0.5010366424965902;2.157857894897461
/m/0p9sw;/award/award_category/winners./award/award_honor/ceremony;/m/073h1t;/m/0404j37;/award/award_winning_work/awards_won./award/award_honor/award;/m/0p9sw;6.63526;1;8.820797;1;8.817896;1;0.5007252688089567;2.1576342582702637
/m/0p9sw;/award/award_category/winners./award/award_honor/ceremony;/m/073h1t;/m/0p9sw;/award/award_category/nominees./award/award_nomination/nominated_for;/m/023p33;6.63526;1;8.820797;1;8.820024;1;0.5001933574580126;2.1565465927124023
/m/0p9sw;/award/award_category/winners./award/award_honor/ceremony;/m/073h1t;/m/0p9sw;/award/award_category/nominees./award/award_nomination/nominated_for;/m/0294zg;6.63526;1;8.820797;1;8.817012;1;0.5009462822106538;2.155613422393799
/m/0p9sw;/award/award_category/winners./award/award_honor/ceremony;/m/073h1t;/m/0p9sw;/award/award_category/nominees./award/award_nomination/nominated_for;/m/02mmwk;6.63526;1;8.820797;1;8.823346;1;0.49936270748316997;2.1571877002716064
/m/0p9sw;/award/award_category/winners./award/award_honor/ceremony;/m/073h1t;/m/0p9sw;/award/award_category/winners./award/award_honor/ceremony;/m/073h9x;6.63526;1;8.820797;1;8.8029785;2;1.5044544948750889;2.1571667194366455
/m/0p9sw;/award/award_category/winners./award/award_honor/ceremony;/m/073h1t;/m/0p9sw;/award/award_category/winners./award/award_honor/ceremony;/m/09306z;6.63526;1;8.820797;1;8.812018;2;1.502194628926864;2.1575827598571777
/m/04rzd;/music/performance_role/regular_performances./music/group_membership/group;/m/02mq_y;/m/02sgy;/music/performance_role/track_performances./music/track_contribution/role;/m/04rzd;6.8026056;1;9.137474;1;9.137498;1;0.49999403953552274;9.438063144683838
/m/04rzd;/music/performance_role/regular_performances./music/group_membership/group;/m/02mq_y;/m/01vj9c;/music/performance_role/track_performances./music/track_contribution/role;/m/04rzd;6.8026056;1;9.137474;1;9.137818;1;0.49991393089379443;2.4494457244873047
/m/04rzd;/music/performance_role/regular_performances./music/group_membership/group;/m/02mq_y;/m/07y_7;/music/performance_role/guest_performances./music/recording_contribution/performance_role;/m/04rzd;6.8026056;1;9.137474;1;9.140087;1;0.49934673346497704;2.44932222366333
/m/04rzd;/music/performance_role/regular_performances./music/group_membership/group;/m/02mq_y;/m/04rzd;/music/performance_role/track_performances./music/track_contribution/role;/m/0l14j_;6.8026056;1;9.137474;1;9.138951;1;0.49963068968813207;2.45000958442688
/m/04rzd;/music/performance_role/regular_performances./music/group_membership/group;/m/02mq_y;/m/07y_7;/music/performance_role/regular_performances./music/group_membership/role;/m/04rzd;6.8026056;1;9.137474;1;9.1385565;1;0.4997293949391406;2.4499661922454834
/m/04rzd;/music/performance_role/regular_performances./music/group_membership/group;/m/02mq_y;/m/042v_gx;/music/performance_role/track_performances./music/track_contribution/role;/m/04rzd;6.8026056;1;9.137474;1;9.13896;1;0.4996285439220976;2.4494740962982178
/m/04rzd;/music/performance_role/regular_performances./music/group_membership/group;/m/02mq_y;/m/04rzd;/music/performance_role/regular_performances./music/group_membership/role;/m/0l14md;6.8026056;1;9.137474;1;9.13876;1;0.4996786117996328;2.4506754875183105
/m/04rzd;/music/performance_role/regular_performances./music/group_membership/group;/m/02mq_y;/m/04rzd;/music/performance_role/regular_performances./music/group_membership/role;/m/02sgy;6.8026056;1;9.137474;1;9.137297;1;0.5000443458555967;2.4506633281707764
/m/04rzd;/music/performance_role/regular_performances./music/group_membership/group;/m/02mq_y;/m/04rzd;/music/performance_role/regular_performances./music/group_membership/role;/m/0g2dz;6.8026056;1;9.137474;1;9.137772;1;0.49992561340386915;2.4486465454101562
/m/04rzd;/music/performance_role/regular_performances./music/group_membership/group;/m/02mq_y;/m/04rzd;/music/performance_role/track_performances./music/track_contribution/role;/m/042v_gx;6.8026056;1;9.137474;1;9.139151;1;0.49958086023611775;2.449301242828369
/m/04rzd;/music/performance_role/regular_performances./music/group_membership/group;/m/02mq_y;/m/04rzd;/music/performance_role/track_performances./music/track_contribution/role;/m/0g2dz;6.8026056;1;9.137474;1;9.139123;1;0.4995877743701327;2.45166277885437
/m/04rzd;/music/performance_role/regular_performances./music/group_membership/group;/m/02mq_y;/m/0l14j_;/music/performance_role/regular_performances./music/group_membership/role;/m/04rzd;6.8026056;1;9.137474;1;9.136955;1;0.5001296997041221;2.4514994621276855
/m/04rzd;/music/performance_role/regular_performances./music/group_membership/group;/m/02mq_y;/m/04rzd;/music/performance_role/regular_performances./music/group_membership/role;/m/07y_7;6.8026056;1;9.137474;1;9.138585;1;0.4997222423839184;2.448843479156494
/m/04rzd;/music/performance_role/regular_performances./music/group_membership/group;/m/02mq_y;/m/05148p4;/music/performance_role/guest_performances./music/recording_contribution/performance_role;/m/04rzd;6.8026056;1;9.137474;1;9.135606;1;0.5004670618606092;2.450580596923828
/m/04rzd;/music/performance_role/regular_performances./music/group_membership/group;/m/02mq_y;/m/0g2dz;/music/performance_role/regular_performances./music/group_membership/role;/m/04rzd;6.8026056;1;9.137474;1;9.137979;1;0.49987387657433024;2.4485409259796143
/m/04rzd;/music/performance_role/regular_performances./music/group_membership/group;/m/02mq_y;/m/0l14md;/music/performance_role/guest_performances./music/recording_contribution/performance_role;/m/04rzd;6.8026056;1;9.137474;1;9.135711;1;0.5004408358385316;2.4496209621429443
/m/04rzd;/music/performance_role/regular_performances./music/group_membership/group;/m/02mq_y;/m/05r5c;/music/performance_role/regular_performances./music/group_membership/role;/m/04rzd;6.8026056;1;9.137474;1;9.135107;1;0.5005917546370408;2.451108932495117
/m/04rzd;/music/performance_role/regular_performances./music/group_membership/group;/m/02mq_y;/m/01vj9c;/music/performance_role/regular_performances./music/group_membership/role;/m/04rzd;6.8026056;1;9.137474;1;9.136407;1;0.5002667903646956;2.4496872425079346
/m/04rzd;/music/performance_role/regular_performances./music/group_membership/group;/m/02mq_y;/m/04rzd;/music/performance_role/guest_performances./music/recording_contribution/performance_role;/m/02sgy;6.8026056;1;9.137474;1;9.136798;1;0.5001690387661428;2.4491043090820312
/m/04rzd;/music/performance_role/regular_performances./music/group_membership/group;/m/02mq_y;/m/04rzd;/music/performance_role/regular_performances./music/group_membership/role;/m/03qjg;6.8026056;1;9.137474;1;9.139626;1;0.49946212789302685;2.4504666328430176
