/m/0yjvm;/location/location/time_zones;/m/02hcv8;/m/05fkf;/location/location/contains;/m/0yjvm;7.988154;1;10.829769;1;10.657321;1;0.5430055161989984;6.644230365753174
/m/0yjvm;/location/location/time_zones;/m/02hcv8;/m/09c7w0;/location/location/contains;/m/0yjvm;7.988154;1;10.829769;1;10.436704;1;0.5970204262794802;0.9714932441711426
/m/0yjvm;/location/location/time_zones;/m/02hcv8;/m/0yjvm;/common/topic/webpage./common/webpage/category;/m/08mbj5d;7.988154;1;10.829769;1;10.666919;1;0.5406228572946495;0.9700088500976562
/m/0yjvm;/location/location/time_zones;/m/02hcv8;/m/0yjvm;/location/hud_foreclosure_area/estimated_number_of_mortgages./measurement_unit/dated_integer/source;/m/0jbk9;7.988154;1;10.829769;1;9.263767;1;0.827212899211765;0.9729223251342773
/m/0yjvm;/location/location/time_zones;/m/02hcv8;/m/0yjvm;/location/location/contains;/m/0m9_5;7.988154;1;10.829769;1;11.349337;1;0.37295337463868306;0.9641201496124268
/m/01l3j;/film/actor/film./film/performance/special_performance_type;/m/01pb34;/m/01l3j;/people/deceased_person/place_of_death;/m/030qb3t;7.152444;1;10.708091;1;10.662298;1;0.5114461448066351;6.493481874465942
/m/01l3j;/film/actor/film./film/performance/special_performance_type;/m/01pb34;/m/01l3j;/people/person/spouse_s./people/marriage/type_of_union;/m/04ztj;7.152444;1;10.708091;1;10.374732;1;0.582576390891492;0.8879644870758057
/m/01l3j;/film/actor/film./film/performance/special_performance_type;/m/01pb34;/m/01l3j;/common/topic/webpage./common/webpage/category;/m/08mbj5d;7.152444;1;10.708091;1;10.212221;1;0.6214881906312156;0.8883717060089111
/m/01l3j;/film/actor/film./film/performance/special_performance_type;/m/01pb34;/m/03m6t5;/base/americancomedy/celebrity_impressionist/celebrities_impersonated;/m/01l3j;7.152444;1;10.708091;1;10.486261;1;0.5552310536527444;0.887413740158081
/m/01l3j;/film/actor/film./film/performance/special_performance_type;/m/01pb34;/m/01l3j;/people/person/nationality;/m/09c7w0;7.152444;1;10.708091;1;10.3097515;1;0.5982885869417381;0.888676643371582
/m/01l3j;/film/actor/film./film/performance/special_performance_type;/m/01pb34;/m/0gk4g;/people/cause_of_death/people;/m/01l3j;7.152444;1;10.708091;1;10.600312;1;0.5269185846683032;1.0198161602020264
/m/01l3j;/film/actor/film./film/performance/special_performance_type;/m/01pb34;/m/01l3j;/people/person/religion;/m/0c8wxp;7.152444;1;10.708091;1;10.369358;1;0.5838826525250296;1.020967721939087
/m/01l3j;/film/actor/film./film/performance/special_performance_type;/m/01pb34;/m/01l3j;/people/person/nationality;/m/012m_;7.152444;1;10.708091;1;11.822235;1;0.2470990658129071;1.0179297924041748
/m/01l3j;/film/actor/film./film/performance/special_performance_type;/m/01pb34;/m/01l3j;/film/actor/film./film/performance/film;/m/0gt1k;7.152444;1;10.708091;1;10.802288;1;0.47646807925576523;1.0194673538208008
/m/01l3j;/film/actor/film./film/performance/special_performance_type;/m/01pb34;/m/01l3j;/people/deceased_person/place_of_burial;/m/018mlg;7.152444;1;10.708091;1;10.718413;1;0.49741938021469306;1.0224323272705078
/m/02khs;/base/aareas/schema/administrative_area/administrative_parent;/m/02j71;/m/02khs;/organization/organization_member/member_of./organization/organization_membership/organization;/m/02vk52z;9.391165;1;13.0713415;1;12.968021;1;0.5258070768770554;6.472074270248413
/m/02khs;/base/aareas/schema/administrative_area/administrative_parent;/m/02j71;/m/02khs;/location/statistical_region/gdp_nominal./measurement_unit/dated_money_value/currency;/m/09nqf;9.391165;1;13.0713415;1;13.076142;1;0.49879980317794453;0.9096057415008545
/m/02khs;/base/aareas/schema/administrative_area/administrative_parent;/m/02j71;/m/02khs;/location/statistical_region/gdp_real./measurement_unit/adjusted_money_value/adjustment_currency;/m/09nqf;9.391165;1;13.0713415;1;13.05148;1;0.5049651421135892;0.9091296195983887
/m/02khs;/base/aareas/schema/administrative_area/administrative_parent;/m/02j71;/m/02khs;/location/statistical_region/gdp_nominal_per_capita./measurement_unit/dated_money_value/currency;/m/09nqf;9.391165;1;13.0713415;1;13.022157;1;0.512293721541128;0.9097659587860107
/m/02khs;/base/aareas/schema/administrative_area/administrative_parent;/m/02j71;/m/027jk;/location/location/adjoin_s./location/adjoining_relationship/adjoins;/m/02khs;9.391165;1;13.0713415;1;13.168225;1;0.47579798453700844;0.9099087715148926
/m/02khs;/base/aareas/schema/administrative_area/administrative_parent;/m/02j71;/m/02khs;/location/location/adjoin_s./location/adjoining_relationship/adjoins;/m/019pcs;9.391165;1;13.0713415;1;13.242762;1;0.45724960891410366;0.9081401824951172
/m/02khs;/base/aareas/schema/administrative_area/administrative_parent;/m/02j71;/m/02khs;/location/statistical_region/gni_per_capita_in_ppp_dollars./measurement_unit/dated_money_value/currency;/m/09nqf;9.391165;1;13.0713415;1;13.058507;1;0.5032085931928707;0.9084911346435547
/m/02khs;/base/aareas/schema/administrative_area/administrative_parent;/m/02j71;/m/019pcs;/location/location/adjoin_s./location/adjoining_relationship/adjoins;/m/02khs;9.391165;1;13.0713415;1;13.246943;1;0.4562119732153008;0.9080243110656738
/m/02khs;/base/aareas/schema/administrative_area/administrative_parent;/m/02j71;/m/0kbws;/olympics/olympic_games/participating_countries;/m/02khs;9.391165;1;13.0713415;1;12.968679;1;0.525643003532036;0.9090576171875
/m/02khs;/base/aareas/schema/administrative_area/administrative_parent;/m/02j71;/m/0dg3n1;/base/locations/continents/countries_within;/m/02khs;9.391165;1;13.0713415;1;13.067792;1;0.5008873930196913;0.9973554611206055
/m/02khs;/base/aareas/schema/administrative_area/administrative_parent;/m/02j71;/m/02khs;/location/country/official_language;/m/02h40lc;9.391165;1;13.0713415;1;12.898209;1;0.5431754293229225;1.0475091934204102
/m/02khs;/base/aareas/schema/administrative_area/administrative_parent;/m/02j71;/m/02khs;/location/country/official_language;/m/0jzc;9.391165;1;13.0713415;1;13.062641;1;0.5021750789766808;1.0476703643798828
/m/02khs;/base/aareas/schema/administrative_area/administrative_parent;/m/02j71;/m/02khs;/olympics/olympic_participating_country/medals_won./olympics/olympic_medal_honor/olympics;/m/0kbvb;9.391165;1;13.0713415;1;13.053085;1;0.5045639201019839;1.0481326580047607
/m/02khs;/base/aareas/schema/administrative_area/administrative_parent;/m/02j71;/m/0dg3n1;/location/location/contains;/m/02khs;9.391165;1;13.0713415;1;13.027021;1;0.5110782133007478;1.0503203868865967
/m/02khs;/base/aareas/schema/administrative_area/administrative_parent;/m/02j71;/m/02khs;/base/aareas/schema/administrative_area/administrative_area_type;/m/0hzc9wc;9.391165;1;13.0713415;1;13.026874;1;0.5111151499785367;1.0489695072174072
/m/02khs;/base/aareas/schema/administrative_area/administrative_parent;/m/02j71;/m/03hr1p;/olympics/olympic_sport/athletes./olympics/olympic_athlete_affiliation/country;/m/02khs;9.391165;1;13.0713415;1;13.095529;1;0.4939535227673895;1.049530267715454
/m/02khs;/base/aareas/schema/administrative_area/administrative_parent;/m/02j71;/m/01lb14;/olympics/olympic_sport/athletes./olympics/olympic_athlete_affiliation/country;/m/02khs;9.391165;1;13.0713415;1;13.068889;1;0.5006132122780012;1.0489757061004639
/m/02khs;/base/aareas/schema/administrative_area/administrative_parent;/m/02j71;/m/060c4;/government/government_office_category/officeholders./government/government_position_held/jurisdiction_of_office;/m/02khs;9.391165;1;13.0713415;1;12.946853;1;0.5310820768791339;1.0497100353240967
/m/02khs;/base/aareas/schema/administrative_area/administrative_parent;/m/02j71;/m/02khs;/location/country/form_of_government;/m/01d9r3;9.391165;1;13.0713415;1;13.081709;1;0.49740817484127436;1.047905683517456
/m/02khs;/base/aareas/schema/administrative_area/administrative_parent;/m/02j71;/m/02khs;/organization/organization_member/member_of./organization/organization_membership/organization;/m/07t65;9.391165;1;13.0713415;1;12.956924;1;0.5285731043146392;1.0494475364685059
/m/014j1m;/food/food/nutrients./food/nutrition_fact/nutrient;/m/025tkqy;/m/014j1m;/food/food/nutrients./food/nutrition_fact/nutrient;/m/06x4c;7.1198025;1;9.430604;1;9.449963;1;0.49516049239838394;6.919765949249268
/m/014j1m;/food/food/nutrients./food/nutrition_fact/nutrient;/m/025tkqy;/m/014j1m;/food/food/nutrients./food/nutrition_fact/nutrient;/m/06jry;7.1198025;1;9.430604;1;9.403894;1;0.5066769922022011;1.1332523822784424
/m/014j1m;/food/food/nutrients./food/nutrition_fact/nutrient;/m/025tkqy;/m/014j1m;/food/food/nutrients./food/nutrition_fact/nutrient;/m/025s7x6;7.1198025;1;9.430604;1;9.427676;1;0.5007319445149958;1.1328051090240479
/m/014j1m;/food/food/nutrients./food/nutrition_fact/nutrient;/m/025tkqy;/m/014j1m;/food/food/nutrients./food/nutrition_fact/nutrient;/m/05v_8y;7.1198025;1;9.430604;1;9.4459915;1;0.49615319212862097;1.1331374645233154
/m/014j1m;/food/food/nutrients./food/nutrition_fact/nutrient;/m/025tkqy;/m/014j1m;/food/food/nutrients./food/nutrition_fact/nutrient;/m/0d9t0;7.1198025;1;9.430604;1;9.439263;1;0.4978351728291261;1.1370229721069336
/m/014j1m;/food/food/nutrients./food/nutrition_fact/nutrient;/m/025tkqy;/m/014j1m;/food/food/nutrients./food/nutrition_fact/nutrient;/m/04kl74p;7.1198025;1;9.430604;1;9.438077;2;1.4981317607085656;1.1319167613983154
/m/014j1m;/food/food/nutrients./food/nutrition_fact/nutrient;/m/025tkqy;/m/014j1m;/food/food/nutrients./food/nutrition_fact/nutrient;/m/0h1vz;7.1198025;1;9.430604;1;9.433067;2;1.4993841651215902;1.132275104522705
/m/014j1m;/food/food/nutrients./food/nutrition_fact/nutrient;/m/025tkqy;/m/014j1m;/food/food/nutrients./food/nutrition_fact/nutrient;/m/061xhr;7.1198025;1;9.430604;1;9.444107;1;0.4966242826304083;1.1329619884490967
/m/014j1m;/food/food/nutrients./food/nutrition_fact/nutrient;/m/025tkqy;/m/014j1m;/food/food/nutrients./food/nutrition_fact/nutrient;/m/014d7f;7.1198025;1;9.430604;1;9.367404;1;0.5157947422549104;1.133368968963623
/m/014j1m;/food/food/nutrients./food/nutrition_fact/nutrient;/m/025tkqy;/m/014j1m;/food/food/nutrients./food/nutrition_fact/nutrient;/m/0h1vg;7.1198025;1;9.430604;1;9.43259;2;1.4995036126813908;1.1319553852081299
/m/014j1m;/food/food/nutrients./food/nutrition_fact/nutrient;/m/025tkqy;/m/014j1m;/food/food/nutrients./food/nutrition_fact/nutrient;/m/05wvs;7.1198025;1;9.430604;1;9.436566;1;0.49850941145930777;1.1336421966552734
/m/014j1m;/food/food/nutrients./food/nutrition_fact/nutrient;/m/025tkqy;/m/014j1m;/food/food/nutrients./food/nutrition_fact/nutrient;/m/02y_3rf;7.1198025;1;9.430604;1;9.435766;1;0.49870944309729526;1.1326489448547363
/m/014j1m;/food/food/nutrients./food/nutrition_fact/nutrient;/m/025tkqy;/m/014j1m;/food/food/nutrients./food/nutrition_fact/nutrient;/m/0h1wg;7.1198025;1;9.430604;1;9.429813;1;0.5001976489917803;1.1319923400878906
/m/014j1m;/food/food/nutrients./food/nutrition_fact/nutrient;/m/025tkqy;/m/014j1m;/food/food/nutrients./food/nutrition_fact/nutrient;/m/0h1yf;7.1198025;1;9.430604;1;9.434815;1;0.4989471451108159;1.133359670639038
/m/014j1m;/food/food/nutrients./food/nutrition_fact/nutrient;/m/025tkqy;/m/014j1m;/food/food/nutrients./food/nutrition_fact/nutrient;/m/01sh2;7.1198025;1;9.430604;1;9.41311;2;1.504373438875754;1.1319165229797363
/m/014j1m;/food/food/nutrients./food/nutrition_fact/nutrient;/m/025tkqy;/m/014j1m;/food/food/nutrients./food/nutrition_fact/nutrient;/m/09gvd;7.1198025;1;9.430604;1;9.432891;2;1.4994282724964905;1.1323204040527344
/m/014j1m;/food/food/nutrients./food/nutrition_fact/nutrient;/m/025tkqy;/m/014j1m;/food/food/nutrients./food/nutrition_fact/nutrient;/m/01n78x;7.1198025;1;9.430604;1;9.436626;1;0.4984943912236664;1.1326258182525635
/m/014j1m;/food/food/nutrients./food/nutrition_fact/nutrient;/m/025tkqy;/m/014j1m;/food/food/nutrients./food/nutrition_fact/nutrient;/m/025s0zp;7.1198025;1;9.430604;1;9.433547;2;1.499264240795956;1.1361956596374512
/m/014j1m;/food/food/nutrients./food/nutrition_fact/nutrient;/m/025tkqy;/m/014j1m;/food/food/nutrients./food/nutrition_fact/nutrient;/m/04k8n;7.1198025;1;9.430604;1;9.429759;2;1.5002112388485163;1.132575273513794
/m/014j1m;/food/food/nutrients./food/nutrition_fact/nutrient;/m/025tkqy;/m/014j1m;/food/food/nutrients./food/nutrition_fact/nutrient;/m/0h1tz;7.1198025;1;9.430604;1;9.435637;1;0.4987416293963461;1.1334741115570068
/m/0h3mrc;/people/person/profession;/m/018gz8;/m/0h3mrc;/award/award_nominee/award_nominations./award/award_nomination/award_nominee;/m/083chw;5.6296997;1;6.156985;1;6.1857204;1;0.4928165848778931;7.397287607192993
/m/0h3mrc;/people/person/profession;/m/018gz8;/m/05p92jn;/award/award_nominee/award_nominations./award/award_nomination/award_nominee;/m/0h3mrc;5.6296997;1;6.156985;1;6.147613;1;0.5023429222286494;1.3414721488952637
/m/0h3mrc;/people/person/profession;/m/018gz8;/m/04zkj5;/award/award_winner/awards_won./award/award_honor/award_winner;/m/0h3mrc;5.6296997;1;6.156985;1;6.1822314;1;0.4936886801838573;1.3372962474822998
/m/0h3mrc;/people/person/profession;/m/018gz8;/m/0h3mrc;/award/award_nominee/award_nominations./award/award_nomination/award_nominee;/m/05p92jn;5.6296997;1;6.156985;1;6.147084;1;0.5024751222610873;1.3406431674957275
/m/0h3mrc;/people/person/profession;/m/018gz8;/m/0h3mrc;/award/award_nominee/award_nominations./award/award_nomination/award_nominee;/m/048wrb;5.6296997;1;6.156985;1;6.173231;1;0.49593850962877617;1.3422906398773193
/m/0h3mrc;/people/person/profession;/m/018gz8;/m/0h3mrc;/award/award_winner/awards_won./award/award_honor/award_winner;/m/08hsww;5.6296997;1;6.156985;1;6.1935887;1;0.4908500397034092;1.339890718460083
/m/0h3mrc;/people/person/profession;/m/018gz8;/m/0h3mrc;/award/award_winner/awards_won./award/award_honor/award_winner;/m/0cms7f;5.6296997;1;6.156985;1;6.1852;1;0.4929466158511995;1.339561939239502
/m/0h3mrc;/people/person/profession;/m/018gz8;/m/04t2l2;/award/award_winner/awards_won./award/award_honor/award_winner;/m/0h3mrc;5.6296997;1;6.156985;1;6.1780243;1;0.4947403225364411;1.340571641921997
/m/0h3mrc;/people/person/profession;/m/018gz8;/m/0h3mrc;/award/award_nominee/award_nominations./award/award_nomination/award_nominee;/m/015pxr;5.6296997;1;6.156985;1;6.1729116;1;0.49601837468566407;1.3405375480651855
/m/0h3mrc;/people/person/profession;/m/018gz8;/m/0h3mrc;/award/award_nominee/award_nominations./award/award_nomination/award_nominee;/m/0cms7f;5.6296997;1;6.156985;1;6.1866646;1;0.49258060082145766;1.3410584926605225
/m/0h3mrc;/people/person/profession;/m/018gz8;/m/015pxr;/award/award_winner/awards_won./award/award_honor/award_winner;/m/0h3mrc;5.6296997;1;6.156985;1;6.171974;1;0.49625272614460153;1.3504035472869873
/m/0h3mrc;/people/person/profession;/m/018gz8;/m/0h3mrc;/award/award_nominee/award_nominations./award/award_nomination/award_nominee;/m/08hsww;5.6296997;1;6.156985;1;6.1951594;1;0.49045750152775763;1.3409903049468994
/m/0h3mrc;/people/person/profession;/m/018gz8;/m/0cms7f;/award/award_nominee/award_nominations./award/award_nomination/award_nominee;/m/0h3mrc;5.6296997;1;6.156985;1;6.186752;1;0.4925587903391138;1.3406410217285156
/m/0h3mrc;/people/person/profession;/m/018gz8;/m/0h3mrc;/award/award_winner/awards_won./award/award_honor/award_winner;/m/083chw;5.6296997;1;6.156985;1;6.1875405;1;0.4923616630122696;1.3402068614959717
/m/0h3mrc;/people/person/profession;/m/018gz8;/m/0cms7f;/award/award_winner/awards_won./award/award_honor/award_winner;/m/0h3mrc;5.6296997;1;6.156985;1;6.1861973;1;0.49269740060433503;1.3404593467712402
/m/0h3mrc;/people/person/profession;/m/018gz8;/m/083chw;/award/award_winner/awards_won./award/award_honor/award_winner;/m/0h3mrc;5.6296997;1;6.156985;1;6.1840515;1;0.4932337361763476;1.3421289920806885
/m/0h3mrc;/people/person/profession;/m/018gz8;/m/0h3mrc;/award/award_nominee/award_nominations./award/award_nomination/award_nominee;/m/05l0j5;5.6296997;1;6.156985;1;6.174576;1;0.495602363500181;1.3416211605072021
/m/0h3mrc;/people/person/profession;/m/018gz8;/m/015pxr;/award/award_nominee/award_nominations./award/award_nomination/award_nominee;/m/0h3mrc;5.6296997;1;6.156985;1;6.1734824;1;0.49587569054288616;1.3429763317108154
/m/0h3mrc;/people/person/profession;/m/018gz8;/m/04t2l2;/award/award_nominee/award_nominations./award/award_nomination/award_nominee;/m/0h3mrc;5.6296997;1;6.156985;1;6.1773624;1;0.49490576729067604;1.3437068462371826
/m/0h3mrc;/people/person/profession;/m/018gz8;/m/0h3mrc;/award/award_nominee/award_nominations./award/award_nomination/award_nominee;/m/04zkj5;5.6296997;1;6.156985;1;6.1828046;1;0.49354541397046264;1.3404021263122559
/m/01kwld;/people/person/religion;/m/0c8wxp;/m/01kwld;/people/person/nationality;/m/0345h;5.410924;1;5.299294;2;5.0829935;2;0.553865274175192;7.59018349647522
/m/01kwld;/people/person/religion;/m/0c8wxp;/m/033w9g;/award/award_winner/awards_won./award/award_honor/award_winner;/m/01kwld;5.410924;1;5.299294;2;5.4086065;1;-0.5273009535474832;1.471146583557129
/m/01kwld;/people/person/religion;/m/0c8wxp;/m/015t56;/award/award_winner/awards_won./award/award_honor/award_winner;/m/01kwld;5.410924;1;5.299294;2;5.373601;1;-0.5185681982737449;1.479356050491333
/m/01kwld;/people/person/religion;/m/0c8wxp;/m/01kwld;/people/person/place_of_birth;/m/0156q;5.410924;1;5.299294;2;5.2850695;1;-0.49644392764369516;1.4869179725646973
/m/01kwld;/people/person/religion;/m/0c8wxp;/m/033w9g;/award/award_nominee/award_nominations./award/award_nomination/award_nominee;/m/01kwld;5.410924;1;5.299294;2;5.4076834;1;-0.5270708466474061;1.5007469654083252
/m/01kwld;/people/person/religion;/m/0c8wxp;/m/02ck7w;/award/award_winner/awards_won./award/award_honor/award_winner;/m/01kwld;5.410924;1;5.299294;2;5.3919888;1;-0.5231571111102227;1.5175154209136963
/m/01kwld;/people/person/religion;/m/0c8wxp;/m/01kwld;/award/award_nominee/award_nominations./award/award_nomination/award_nominee;/m/02ck7w;5.410924;1;5.299294;2;5.3915625;1;-0.5230507655572383;1.518157720565796
/m/01kwld;/people/person/religion;/m/0c8wxp;/m/015t56;/award/award_nominee/award_nominations./award/award_nomination/award_nominee;/m/01kwld;5.410924;1;5.299294;2;5.371596;1;-0.5180675960553609;1.5180015563964844
/m/01kwld;/people/person/religion;/m/0c8wxp;/m/01kwld;/people/person/nationality;/m/07ssc;5.410924;1;5.299294;2;5.0983076;2;0.5500781320121955;1.5208873748779297
/m/01kwld;/people/person/religion;/m/0c8wxp;/m/01kwld;/award/award_winner/awards_won./award/award_honor/award_winner;/m/02ck7w;5.410924;1;5.299294;2;5.3934956;1;-0.5235329912512898;1.5174486637115479
/m/01kwld;/people/person/religion;/m/0c8wxp;/m/01kwld;/award/award_nominee/award_nominations./award/award_nomination/award_nominee;/m/033w9g;5.410924;1;5.299294;2;5.408694;1;-0.5273227037561985;1.5185327529907227
/m/01kwld;/people/person/religion;/m/0c8wxp;/m/01kwld;/award/award_winner/awards_won./award/award_honor/award_winner;/m/015t56;5.410924;1;5.299294;2;5.375442;1;-0.5190278147389289;1.518172025680542
/m/01kwld;/people/person/religion;/m/0c8wxp;/m/01kwld;/award/award_winner/awards_won./award/award_honor/award_winner;/m/09wj5;5.410924;1;5.299294;2;5.298085;2;0.500302195512215;1.5177161693572998
/m/01kwld;/people/person/religion;/m/0c8wxp;/m/01v9l67;/base/popstra/celebrity/friendship./base/popstra/friendship/participant;/m/01kwld;5.410924;1;5.299294;2;5.286668;2;0.503156500843961;1.5170581340789795
/m/01kwld;/people/person/religion;/m/0c8wxp;/m/0ck27z;/award/award_category/winners./award/award_honor/award_winner;/m/01kwld;5.410924;1;5.299294;2;5.265923;2;0.5083419687844664;1.5185325145721436
/m/01kwld;/people/person/religion;/m/0c8wxp;/m/09wj5;/award/award_nominee/award_nominations./award/award_nomination/award_nominee;/m/01kwld;5.410924;1;5.299294;2;5.2995515;2;0.49993562698399824;1.5179543495178223
/m/01kwld;/people/person/religion;/m/0c8wxp;/m/01kwld;/award/award_winner/awards_won./award/award_honor/award_winner;/m/01v9l67;5.410924;1;5.299294;2;5.319437;1;-0.5050355877572996;1.5178325176239014
/m/01kwld;/people/person/religion;/m/0c8wxp;/m/01kwld;/award/award_nominee/award_nominations./award/award_nomination/award_nominee;/m/0294fd;5.410924;1;5.299294;2;5.313562;2;0.49643308014874393;1.519099473953247
/m/01kwld;/people/person/religion;/m/0c8wxp;/m/01kwld;/award/award_nominee/award_nominations./award/award_nomination/award_nominee;/m/031ydm;5.410924;1;5.299294;2;5.309634;2;0.49741496958867576;1.5182037353515625
/m/01kwld;/people/person/religion;/m/0c8wxp;/m/01kwld;/people/person/spouse_s./people/marriage/type_of_union;/m/01g63y;5.410924;1;5.299294;2;5.0925536;2;0.5515017863791154;1.5187029838562012
/m/0154qm;/people/person/gender;/m/02zsn;/m/0psss;/award/award_nominee/award_nominations./award/award_nomination/award_nominee;/m/0154qm;7.100894;1;7.2502766;1;7.2685184;1;0.49543965587896954;7.91939115524292
/m/0154qm;/people/person/gender;/m/02zsn;/m/0blbxk;/award/award_nominee/award_nominations./award/award_nomination/award_nominee;/m/0154qm;7.100894;1;7.2502766;1;7.265646;1;0.49615772181380374;1.7440361976623535
/m/0154qm;/people/person/gender;/m/02zsn;/m/0294fd;/award/award_nominee/award_nominations./award/award_nomination/award_nominee;/m/0154qm;7.100894;1;7.2502766;1;7.267455;1;0.495705471744476;1.7452211380004883
/m/0154qm;/people/person/gender;/m/02zsn;/m/0154qm;/award/award_nominee/award_nominations./award/award_nomination/award_nominee;/m/01j5ts;7.100894;1;7.2502766;1;7.2661;1;0.4960442414717272;1.7453668117523193
/m/0154qm;/people/person/gender;/m/02zsn;/m/01rh0w;/award/award_winner/awards_won./award/award_honor/award_winner;/m/0154qm;7.100894;1;7.2502766;1;7.259221;1;0.49776388705480457;1.7457952499389648
/m/0154qm;/people/person/gender;/m/02zsn;/m/01rh0w;/award/award_nominee/award_nominations./award/award_nomination/award_nominee;/m/0154qm;7.100894;1;7.2502766;1;7.263653;1;0.49665599086957685;1.745215892791748
/m/0154qm;/people/person/gender;/m/02zsn;/m/0294fd;/award/award_winner/awards_won./award/award_honor/award_winner;/m/0154qm;7.100894;1;7.2502766;1;7.263362;1;0.4967287053537863;1.7444260120391846
/m/0154qm;/people/person/gender;/m/02zsn;/m/01j5ts;/award/award_nominee/award_nominations./award/award_nomination/award_nominee;/m/0154qm;7.100894;1;7.2502766;1;7.2664814;1;0.4959488801543914;1.7449743747711182
/m/0154qm;/people/person/gender;/m/02zsn;/m/0154qm;/award/award_nominee/award_nominations./award/award_nomination/award_nominee;/m/01pk8v;7.100894;1;7.2502766;1;7.266158;1;0.49602969885206294;1.744844913482666
/m/0154qm;/people/person/gender;/m/02zsn;/m/0154qm;/award/award_nominee/award_nominations./award/award_nomination/award_nominee;/m/0294fd;7.100894;1;7.2502766;1;7.267085;1;0.4957979714747293;1.7449939250946045
/m/0154qm;/people/person/gender;/m/02zsn;/m/01pk8v;/award/award_nominee/award_nominations./award/award_nomination/award_nominee;/m/0154qm;7.100894;1;7.2502766;1;7.26626;1;0.496004189682992;1.7455713748931885
/m/0154qm;/people/person/gender;/m/02zsn;/m/0psss;/award/award_winner/awards_won./award/award_honor/award_winner;/m/0154qm;7.100894;1;7.2502766;1;7.2650695;1;0.49630183764923336;1.745455026626587
/m/0154qm;/people/person/gender;/m/02zsn;/m/0154qm;/award/award_nominee/award_nominations./award/award_nomination/award_nominee;/m/016fnb;7.100894;1;7.2502766;1;7.26425;1;0.4965067478173291;1.747955322265625
/m/0154qm;/people/person/gender;/m/02zsn;/m/0154qm;/award/award_nominee/award_nominations./award/award_nomination/award_nominee;/m/0509bl;7.100894;1;7.2502766;1;7.2664557;1;0.4959553170341133;1.745544672012329
/m/0154qm;/people/person/gender;/m/02zsn;/m/016fnb;/award/award_nominee/award_nominations./award/award_nomination/award_nominee;/m/0154qm;7.100894;1;7.2502766;1;7.264748;1;0.4963821804097543;1.7452013492584229
/m/0154qm;/people/person/gender;/m/02zsn;/m/0154qm;/award/award_nominee/award_nominations./award/award_nomination/award_nominee;/m/0blbxk;7.100894;1;7.2502766;1;7.265132;1;0.49628622209022033;1.7453334331512451
/m/0154qm;/people/person/gender;/m/02zsn;/m/0154qm;/award/award_nominee/award_nominations./award/award_nomination/award_nominee;/m/01rh0w;7.100894;1;7.2502766;1;7.26325;1;0.49675671834790974;1.7453792095184326
/m/0154qm;/people/person/gender;/m/02zsn;/m/02f2dn;/award/award_nominee/award_nominations./award/award_nomination/award_nominee;/m/0154qm;7.100894;1;7.2502766;1;7.26692;1;0.49583921500425443;1.7458312511444092
/m/0154qm;/people/person/gender;/m/02zsn;/m/0509bl;/award/award_nominee/award_nominations./award/award_nomination/award_nominee;/m/0154qm;7.100894;1;7.2502766;1;7.2667465;1;0.4958826042120322;1.7455849647521973
/m/0154qm;/people/person/gender;/m/02zsn;/m/0154qm;/award/award_nominee/award_nominations./award/award_nomination/nominated_for;/m/05p09dd;7.100894;1;7.2502766;1;7.2611933;1;0.49727084962874396;1.7453432083129883
/m/02_xgp2;/education/educational_degree/people_with_this_degree./education/education/institution;/m/07w0v;/m/02_xgp2;/education/educational_degree/people_with_this_degree./education/education/major_field_of_study;/m/01mkq;5.6730866;1;7.1625066;1;7.1613235;1;0.500295758212881;8.590538263320923
/m/02_xgp2;/education/educational_degree/people_with_this_degree./education/education/institution;/m/07w0v;/m/02_xgp2;/education/educational_degree/people_with_this_degree./education/education/major_field_of_study;/m/02jfc;5.6730866;1;7.1625066;1;7.15339;1;0.5022791466213268;2.0403387546539307
/m/02_xgp2;/education/educational_degree/people_with_this_degree./education/education/institution;/m/07w0v;/m/02_xgp2;/education/educational_degree/people_with_this_degree./education/education/major_field_of_study;/m/04rjg;5.6730866;1;7.1625066;1;7.15965;1;0.5007141823680004;2.0403237342834473
/m/02_xgp2;/education/educational_degree/people_with_this_degree./education/education/institution;/m/07w0v;/m/02_xgp2;/education/educational_degree/people_with_this_degree./education/education/major_field_of_study;/m/02_7t;5.6730866;1;7.1625066;1;7.149805;1;0.5031753351565695;2.0407040119171143
/m/02_xgp2;/education/educational_degree/people_with_this_degree./education/education/institution;/m/07w0v;/m/02_xgp2;/education/educational_degree/people_with_this_degree./education/education/major_field_of_study;/m/0g4gr;5.6730866;1;7.1625066;1;7.1515546;1;0.5027379715950133;2.0414841175079346
/m/02_xgp2;/education/educational_degree/people_with_this_degree./education/education/institution;/m/07w0v;/m/02_xgp2;/education/educational_degree/people_with_this_degree./education/education/major_field_of_study;/m/01lj9;5.6730866;1;7.1625066;1;7.1630383;1;0.49986708164528193;2.0414066314697266
/m/02_xgp2;/education/educational_degree/people_with_this_degree./education/education/institution;/m/07w0v;/m/02_xgp2;/education/educational_degree/people_with_this_degree./education/education/major_field_of_study;/m/0dc_v;5.6730866;1;7.1625066;1;7.161231;1;0.5003188848063128;2.040347099304199
/m/02_xgp2;/education/educational_degree/people_with_this_degree./education/education/institution;/m/07w0v;/m/02_xgp2;/education/educational_degree/people_with_this_degree./education/education/major_field_of_study;/m/01tbp;5.6730866;1;7.1625066;1;7.1580496;1;0.5011142473849046;2.04042649269104
/m/02_xgp2;/education/educational_degree/people_with_this_degree./education/education/institution;/m/07w0v;/m/02_xgp2;/education/educational_degree/people_with_this_degree./education/education/major_field_of_study;/m/03g3w;5.6730866;1;7.1625066;1;7.160922;1;0.5003961323862953;2.0398075580596924
/m/02_xgp2;/education/educational_degree/people_with_this_degree./education/education/institution;/m/07w0v;/m/02_xgp2;/education/educational_degree/people_with_this_degree./education/education/major_field_of_study;/m/02h40lc;5.6730866;1;7.1625066;1;7.16331;1;0.49979913235791307;2.040192127227783
/m/02_xgp2;/education/educational_degree/people_with_this_degree./education/education/institution;/m/07w0v;/m/02_xgp2;/education/educational_degree/people_with_this_degree./education/education/major_field_of_study;/m/02lp1;5.6730866;1;7.1625066;1;7.1566634;1;0.5014607864779099;2.0400822162628174
/m/02_xgp2;/education/educational_degree/people_with_this_degree./education/education/institution;/m/07w0v;/m/02_xgp2;/education/educational_degree/people_with_this_degree./education/education/major_field_of_study;/m/02j62;5.6730866;1;7.1625066;1;7.1585565;1;0.5009875284705689;2.0411689281463623
/m/02_xgp2;/education/educational_degree/people_with_this_degree./education/education/institution;/m/07w0v;/m/02_xgp2;/education/educational_degree/people_with_this_degree./education/education/major_field_of_study;/m/0mkz;5.6730866;1;7.1625066;1;7.1559134;1;0.5016483008755641;2.0413122177124023
/m/02_xgp2;/education/educational_degree/people_with_this_degree./education/education/institution;/m/07w0v;/m/02_xgp2;/education/educational_degree/people_with_this_degree./education/education/major_field_of_study;/m/04rlf;5.6730866;1;7.1625066;1;7.160187;1;0.5005799529335783;2.040476083755493
/m/02_xgp2;/education/educational_degree/people_with_this_degree./education/education/institution;/m/07w0v;/m/02_xgp2;/education/educational_degree/people_with_this_degree./education/education/major_field_of_study;/m/0db86;5.6730866;1;7.1625066;1;7.1597753;1;0.5006828303860469;2.0406532287597656
/m/02_xgp2;/education/educational_degree/people_with_this_degree./education/education/institution;/m/07w0v;/m/02_xgp2;/education/educational_degree/people_with_this_degree./education/education/institution;/m/0277jc;5.6730866;1;7.1625066;1;7.1710534;1;0.497863305700898;2.040231227874756
/m/02_xgp2;/education/educational_degree/people_with_this_degree./education/education/institution;/m/07w0v;/m/02_xgp2;/education/educational_degree/people_with_this_degree./education/education/student;/m/0n00;5.6730866;1;7.1625066;1;7.168899;1;0.498401885706362;2.0407001972198486
/m/02_xgp2;/education/educational_degree/people_with_this_degree./education/education/institution;/m/07w0v;/m/02_xgp2;/education/educational_degree/people_with_this_degree./education/education/institution;/m/01k3s2;5.6730866;1;7.1625066;1;7.1659575;1;0.49913728322766;2.0399725437164307
/m/02_xgp2;/education/educational_degree/people_with_this_degree./education/education/institution;/m/07w0v;/m/02_xgp2;/education/educational_degree/people_with_this_degree./education/education/institution;/m/02dj3;5.6730866;1;7.1625066;1;7.166872;1;0.49890864068734087;2.04044771194458
/m/02_xgp2;/education/educational_degree/people_with_this_degree./education/education/institution;/m/07w0v;/m/02_xgp2;/education/educational_degree/people_with_this_degree./education/education/student;/m/01tdnyh;5.6730866;1;7.1625066;1;7.1643867;1;0.49952995790976923;2.040907144546509
/m/0kyk;/dataworld/gardening_hint/split_to;/m/0kyk;/m/014zfs;/people/person/profession;/m/0kyk;6.943675;1;8.80976;1;8.808399;1;0.5003402232598693;9.046586513519287
/m/0kyk;/dataworld/gardening_hint/split_to;/m/0kyk;/m/0fb1q;/people/person/profession;/m/0kyk;6.943675;1;8.80976;1;8.7998;1;0.5024900230549266;2.1322290897369385
/m/0kyk;/dataworld/gardening_hint/split_to;/m/0kyk;/m/0mj0c;/people/person/profession;/m/0kyk;6.943675;1;8.80976;1;8.807623;1;0.5005342958323977;2.132831573486328
/m/0kyk;/dataworld/gardening_hint/split_to;/m/0kyk;/m/08f3b1;/people/person/profession;/m/0kyk;6.943675;1;8.80976;1;8.809848;1;0.49997806549073665;2.1317832469940186
/m/0kyk;/dataworld/gardening_hint/split_to;/m/0kyk;/m/0hgqq;/people/person/profession;/m/0kyk;6.943675;1;8.80976;1;8.809625;1;0.5000338554381807;2.132133960723877
/m/0kyk;/dataworld/gardening_hint/split_to;/m/0kyk;/m/048_p;/people/person/profession;/m/0kyk;6.943675;1;8.80976;1;8.806683;1;0.5007693761475275;2.1313226222991943
/m/0kyk;/dataworld/gardening_hint/split_to;/m/0kyk;/m/01qrbf;/people/person/profession;/m/0kyk;6.943675;1;8.80976;1;8.8091755;1;0.5001461505848269;2.13287091255188
/m/0kyk;/dataworld/gardening_hint/split_to;/m/0kyk;/m/01vsksr;/people/person/profession;/m/0kyk;6.943675;1;8.80976;1;8.807988;1;0.5004429816040673;2.1322076320648193
/m/0kyk;/dataworld/gardening_hint/split_to;/m/0kyk;/m/01w8sf;/people/person/profession;/m/0kyk;6.943675;1;8.80976;1;8.814615;1;0.498786213398129;2.1336963176727295
/m/0kyk;/dataworld/gardening_hint/split_to;/m/0kyk;/m/081lh;/people/person/profession;/m/0kyk;6.943675;1;8.80976;1;8.80877;1;0.5002474784648981;2.131760597229004
/m/0kyk;/dataworld/gardening_hint/split_to;/m/0kyk;/m/02mjmr;/people/person/profession;/m/0kyk;6.943675;1;8.80976;1;8.80697;1;0.5006976123097812;2.132899045944214
/m/0kyk;/dataworld/gardening_hint/split_to;/m/0kyk;/m/0448r;/people/person/profession;/m/0kyk;6.943675;1;8.80976;1;8.812758;1;0.49925041254887775;2.1337127685546875
/m/0kyk;/dataworld/gardening_hint/split_to;/m/0kyk;/m/02t_99;/people/person/profession;/m/0kyk;6.943675;1;8.80976;1;8.80605;1;0.5009274472090344;2.1324243545532227
/m/0kyk;/dataworld/gardening_hint/split_to;/m/0kyk;/m/025b3k;/people/person/profession;/m/0kyk;6.943675;1;8.80976;1;8.814992;1;0.49869203865854334;2.132455825805664
/m/0kyk;/dataworld/gardening_hint/split_to;/m/0kyk;/m/051z6rz;/people/person/profession;/m/0kyk;6.943675;1;8.80976;1;8.81466;1;0.49877500779155903;2.1362781524658203
/m/0kyk;/dataworld/gardening_hint/split_to;/m/0kyk;/m/01kp_1t;/people/person/profession;/m/0kyk;6.943675;1;8.80976;1;8.812058;1;0.4994254114773008;2.132866382598877
/m/0kyk;/dataworld/gardening_hint/split_to;/m/0kyk;/m/06hgj;/people/person/profession;/m/0kyk;6.943675;1;8.80976;1;8.813455;1;0.4990763674751602;2.132646322250366
/m/0kyk;/dataworld/gardening_hint/split_to;/m/0kyk;/m/02b29;/people/person/profession;/m/0kyk;6.943675;1;8.80976;1;8.814081;1;0.498919727098985;2.1329641342163086
/m/0kyk;/dataworld/gardening_hint/split_to;/m/0kyk;/m/0c1j_;/people/person/profession;/m/0kyk;6.943675;1;8.80976;1;8.802449;1;0.5018277086866664;2.1316893100738525
/m/0kyk;/dataworld/gardening_hint/split_to;/m/0kyk;/m/04mhbh;/people/person/profession;/m/0kyk;6.943675;1;8.80976;1;8.810601;1;0.49978971482563084;2.13283634185791
/m/02h4rq6;/education/educational_degree/people_with_this_degree./education/education/institution;/m/0j_sncb;/m/02h4rq6;/education/educational_degree/people_with_this_degree./education/education/major_field_of_study;/m/034ns;5.9831867;1;7.2774563;1;7.2713003;1;0.5015389870679904;9.377454996109009
/m/02h4rq6;/education/educational_degree/people_with_this_degree./education/education/institution;/m/0j_sncb;/m/02h4rq6;/education/educational_degree/people_with_this_degree./education/education/major_field_of_study;/m/0fdys;5.9831867;1;7.2774563;1;7.276282;1;0.5002936124464145;2.467465877532959
/m/02h4rq6;/education/educational_degree/people_with_this_degree./education/education/institution;/m/0j_sncb;/m/02h4rq6;/education/educational_degree/people_with_this_degree./education/education/major_field_of_study;/m/04rjg;5.9831867;1;7.2774563;1;7.273478;1;0.5009945617910204;2.4675042629241943
/m/02h4rq6;/education/educational_degree/people_with_this_degree./education/education/institution;/m/0j_sncb;/m/02h4rq6;/education/educational_degree/people_with_this_degree./education/education/major_field_of_study;/m/01mkq;5.9831867;1;7.2774563;1;7.275863;1;0.500398278152153;2.466639757156372
/m/02h4rq6;/education/educational_degree/people_with_this_degree./education/education/institution;/m/0j_sncb;/m/02h4rq6;/education/educational_degree/people_with_this_degree./education/education/major_field_of_study;/m/02ky346;5.9831867;1;7.2774563;1;7.276339;1;0.5002793073363648;2.4667468070983887
/m/02h4rq6;/education/educational_degree/people_with_this_degree./education/education/institution;/m/0j_sncb;/m/02h4rq6;/education/educational_degree/people_with_this_degree./education/education/major_field_of_study;/m/04x_3;5.9831867;1;7.2774563;1;7.274968;1;0.5006220337519677;2.4675769805908203
/m/02h4rq6;/education/educational_degree/people_with_this_degree./education/education/institution;/m/0j_sncb;/m/02h4rq6;/education/educational_degree/people_with_this_degree./education/education/major_field_of_study;/m/02jfc;5.9831867;1;7.2774563;1;7.273529;1;0.5009818064468622;2.4684808254241943
/m/02h4rq6;/education/educational_degree/people_with_this_degree./education/education/institution;/m/0j_sncb;/m/02h4rq6;/education/educational_degree/people_with_this_degree./education/education/major_field_of_study;/m/05qfh;5.9831867;1;7.2774563;1;7.2773113;1;0.5000362396239599;2.4712324142456055
/m/02h4rq6;/education/educational_degree/people_with_this_degree./education/education/institution;/m/0j_sncb;/m/02h4rq6;/education/educational_degree/people_with_this_degree./education/education/major_field_of_study;/m/011s0;5.9831867;1;7.2774563;1;7.272832;1;0.5011560896298386;2.469144821166992
/m/02h4rq6;/education/educational_degree/people_with_this_degree./education/education/institution;/m/0j_sncb;/m/02h4rq6;/education/educational_degree/people_with_this_degree./education/education/major_field_of_study;/m/0g26h;5.9831867;1;7.2774563;1;7.276221;1;0.5003088712299371;2.4683797359466553
/m/02h4rq6;/education/educational_degree/people_with_this_degree./education/education/institution;/m/0j_sncb;/m/02h4rq6;/education/educational_degree/people_with_this_degree./education/education/major_field_of_study;/m/0w7s;5.9831867;1;7.2774563;1;7.2723575;1;0.5012747021715294;2.4692764282226562
/m/02h4rq6;/education/educational_degree/people_with_this_degree./education/education/institution;/m/0j_sncb;/m/02h4rq6;/education/educational_degree/people_with_this_degree./education/education/major_field_of_study;/m/01zc2w;5.9831867;1;7.2774563;1;7.275196;1;0.5005650517919216;2.4689271450042725
/m/02h4rq6;/education/educational_degree/people_with_this_degree./education/education/institution;/m/0j_sncb;/m/02h4rq6;/education/educational_degree/people_with_this_degree./education/education/major_field_of_study;/m/0_jm;5.9831867;1;7.2774563;1;7.2735605;1;0.5009739386638459;2.4684062004089355
/m/02h4rq6;/education/educational_degree/people_with_this_degree./education/education/institution;/m/0j_sncb;/m/02h4rq6;/education/educational_degree/people_with_this_degree./education/education/major_field_of_study;/m/01r4k;5.9831867;1;7.2774563;1;7.273483;1;0.5009933697028359;2.4683194160461426
/m/02h4rq6;/education/educational_degree/people_with_this_degree./education/education/institution;/m/0j_sncb;/m/02h4rq6;/education/educational_degree/people_with_this_degree./education/education/major_field_of_study;/m/02lp1;5.9831867;1;7.2774563;1;7.2756314;1;0.5004562138245078;2.467878580093384
/m/02h4rq6;/education/educational_degree/people_with_this_degree./education/education/institution;/m/0j_sncb;/m/02h4rq6;/education/educational_degree/people_with_this_degree./education/education/major_field_of_study;/m/062z7;5.9831867;1;7.2774563;1;7.2720585;1;0.5013494458812384;2.469261407852173
/m/02h4rq6;/education/educational_degree/people_with_this_degree./education/education/institution;/m/0j_sncb;/m/02h4rq6;/education/educational_degree/people_with_this_degree./education/education/major_field_of_study;/m/088tb;5.9831867;1;7.2774563;1;7.274304;1;0.5007880919605856;2.4686391353607178
/m/02h4rq6;/education/educational_degree/people_with_this_degree./education/education/institution;/m/0j_sncb;/m/02h4rq6;/education/educational_degree/people_with_this_degree./education/education/institution;/m/01jtp7;5.9831867;1;7.2774563;1;7.2797055;1;0.49943769001825344;2.4672605991363525
/m/02h4rq6;/education/educational_degree/people_with_this_degree./education/education/institution;/m/0j_sncb;/m/02h4rq6;/education/educational_degree/people_with_this_degree./education/education/institution;/m/0f102;5.9831867;1;7.2774563;1;7.2754827;1;0.5004934070892902;2.4666433334350586
/m/02h4rq6;/education/educational_degree/people_with_this_degree./education/education/institution;/m/0j_sncb;/m/02h4rq6;/education/educational_degree/people_with_this_degree./education/education/institution;/m/02zcnq;5.9831867;1;7.2774563;1;7.281953;1;0.49887585829363756;2.4666011333465576
