billy_halop;actedin;hell's_kitchen_(1939_film);billy_halop;actedin;crime_school;billy_halop;actedin;on_dress_parade;billy_halop;actedin;the_angels_wash_their_faces;;;;11.186914;8.509013;1;16
laotian_civil_war;happenedin;north_vietnam;north_vietnam;participatedin;laotian_civil_war;laotian_civil_war;happenedin;south_vietnam;laotian_civil_war;happenedin;kingdom_of_laos;pathet_lao;participatedin;laotian_civil_war;9.956245;8.07395;1;6
rosalyn_sussman_yalow;haswonprize;albert_lasker_award_for_basic_medical_research;rosalyn_sussman_yalow;haswonprize;dickson_prize;rosalyn_sussman_yalow;haswonprize;nobel_prize_in_physiology_or_medicine;;;;;;;9.098927;5.722439;1;12
rekha;haswonprize;filmfare_awards;rekha;actedin;vijeta;rekha;hasgender;female;rekha;actedin;umrao_jaan;rekha;actedin;dil_hai_tumhaara;9.715781;9.209073;1;1
juan_povedano_martínez;isaffiliatedto;umf_selfoss;juan_povedano_martínez;playsfor;umf_selfoss;;;;;;;;;;9.208758;-2.0814025;1;38007
gergő_jeremiás;isaffiliatedto;rákospalotai_eac;gergő_jeremiás;playsfor;rákospalotai_eac;;;;;;;;;;9.692066;5.438903;1;14
anthony_charles;isaffiliatedto;barnet_f.c.;anthony_charles;playsfor;barnet_f.c.;anthony_charles;isaffiliatedto;plymouth_argyle_f.c.;;;;;;;9.982346;6.1257787;1;13
doug_gilmour;isaffiliatedto;toronto_maple_leafs;doug_gilmour;isaffiliatedto;st._louis_blues;doug_gilmour;isaffiliatedto;cornwall_royals;doug_gilmour;haswonprize;frank_j._selke_trophy;;;;7.3466187;6.6850967;1;1
davide_succi;isaffiliatedto;a.c._cesena;davide_succi;playsfor;a.c._cesena;davide_succi;isaffiliatedto;ravenna_f.c.;;;;;;;9.905563;6.4703717;1;12
petar_borota;isaffiliatedto;f.c._porto;petar_borota;playsfor;f.c._porto;petar_borota;isaffiliatedto;chelsea_f.c.;petar_borota;isaffiliatedto;fk_partizan;;;;9.646546;5.4030905;1;14
paulo_sérgio_betanin;isaffiliatedto;e.c._juventude;paulo_sérgio_betanin;playsfor;esporte_clube_juventude;paulo_sérgio_betanin;isaffiliatedto;esporte_clube_juventude;;;;;;;6.8070574;1.9265065;1;417
joe_allon;isaffiliatedto;port_vale_f.c.;joe_allon;playsfor;port_vale_f.c.;;;;;;;;;;10.007121;3.919026;1;97
lorgio_álvarez;isaffiliatedto;bolivia_national_football_team;lorgio_álvarez;isaffiliatedto;cerro_porteño;lorgio_álvarez;isaffiliatedto;club_bolívar;lorgio_álvarez;isaffiliatedto;club_atlético_independiente;lorgio_álvarez;isaffiliatedto;c.a._independiente;7.527168;7.347688;1;4
yaroslav_svorak;isaffiliatedto;fc_krymteplytsia_molodizhne;yaroslav_svorak;playsfor;fc_krymteplytsia_molodizhne;yaroslav_svorak;isaffiliatedto;fc_slavia-mozyr;yaroslav_svorak;isaffiliatedto;ukraine_national_under-18_football_team;;;;9.899031;5.4141874;1;41
manfred_schwabl;isaffiliatedto;1._fc_nuremberg;manfred_schwabl;isaffiliatedto;germany_national_under-21_football_team;manfred_schwabl;isaffiliatedto;germany_national_football_team;manfred_schwabl;isaffiliatedto;bayern_munich_junior_team;manfred_schwabl;isaffiliatedto;1._fc_nürnberg;8.36265;8.19462;1;5
gábor_bardi;isaffiliatedto;zalaegerszegi_te;gábor_bardi;playsfor;zalaegerszegi_te;gábor_bardi;isaffiliatedto;apop_kinyras_fc;gábor_bardi;isaffiliatedto;újpest_fc;;;;9.410546;4.2001753;1;26
imre_deme;isaffiliatedto;hungary_national_under-21_football_team;imre_deme;playsfor;hungary_national_under-21_football_team;imre_deme;isaffiliatedto;hungary_national_under-19_football_team;imre_deme;isaffiliatedto;ferencvárosi_tc;imre_deme;wasbornin;zalaegerszeg;9.084056;6.326729;1;6
kevin_mcleod;isaffiliatedto;swansea_city_a.f.c.;kevin_mcleod;playsfor;swansea_city_a.f.c.;;;;;;;;;;10.128949;5.047072;1;62
andrea_esposito;isaffiliatedto;u.s._lecce;andrea_esposito;playsfor;u.s._lecce;andrea_esposito;isaffiliatedto;genoa_c.f.c.;andrea_esposito;isaffiliatedto;bologna_f.c._1909;andrea_esposito;isaffiliatedto;a.s._livorno_calcio;9.867696;4.946043;1;19
diego_scotti;isaffiliatedto;club_olimpia;diego_scotti;playsfor;club_olimpia;;;;;;;;;;10.082614;6.50378;1;12
jirès_kembo_ekoko;isaffiliatedto;al_ain_fc;jirès_kembo_ekoko;playsfor;al_ain_fc;;;;;;;;;;9.140924;2.3445408;1;225
nicole_barnhart;isaffiliatedto;united_states_women's_national_soccer_team;nicole_barnhart;isaffiliatedto;fc_gold_pride;nicole_barnhart;isaffiliatedto;california_storm;nicole_barnhart;isaffiliatedto;fc_kansas_city;nicole_barnhart;isaffiliatedto;philadelphia_independence;10.029227;8.896364;1;3
ryan_johnson_(soccer);isaffiliatedto;toronto_fc;ryan_johnson_(soccer);isaffiliatedto;chicago_fire_soccer_club;ryan_johnson_(soccer);isaffiliatedto;real_salt_lake;ryan_johnson_(soccer);isaffiliatedto;östers_if;ryan_johnson_(soccer);isaffiliatedto;jamaica_national_football_team;8.11527;7.53867;1;5
bobby_campbell_(scottish_footballer);isaffiliatedto;chelsea_f.c.;bobby_campbell_(scottish_footballer);playsfor;chelsea_f.c.;;;;;;;;;;9.461398;5.0846796;1;16
héctor_scarone;isaffiliatedto;uruguay_national_football_team;héctor_scarone;playsfor;uruguay_national_football_team;héctor_scarone;isaffiliatedto;club_nacional_de_football;héctor_scarone;isaffiliatedto;inter_milan;héctor_scarone;isaffiliatedto;u.s._città_di_palermo;8.9994335;6.9131837;1;4
raúl_enrique_estévez;isaffiliatedto;unión_española;raúl_enrique_estévez;playsfor;unión_española;;;;;;;;;;9.608419;4.8940697;1;63
attila_polonkai;isaffiliatedto;videoton_fc;attila_polonkai;playsfor;videoton_fc;attila_polonkai;isaffiliatedto;vasas_sc;attila_polonkai;playsfor;puskás_akadémia_fc;attila_polonkai;isaffiliatedto;újpest_fc;9.833284;6.676621;1;9
mario_esteban_berríos;isaffiliatedto;coquimbo_unido;mario_esteban_berríos;playsfor;coquimbo_unido;;;;;;;;;;9.640746;4.8105364;1;24
fumaça_(footballer_born_1976);isaffiliatedto;barnsley_f.c.;fumaça_(footballer_born_1976);playsfor;barnsley_f.c.;;;;;;;;;;9.964664;4.636689;1;53
markus_heppke;isaffiliatedto;rot-weiss_essen;markus_heppke;playsfor;rot-weiss_essen;markus_heppke;isaffiliatedto;rot-weiß_oberhausen;markus_heppke;isaffiliatedto;fc_schalke_04_ii;markus_heppke;isaffiliatedto;de/deutsche_fußballnationalmannschaft_(u-19-junioren);9.501044;6.2552743;1;6
steven_n'zonzi;isaffiliatedto;amiens_sc;steven_n'zonzi;playsfor;amiens_sc;;;;;;;;;;9.71572;4.859656;1;54
phil_harrington;isaffiliatedto;chester_city_f.c.;phil_harrington;playsfor;chester_city_f.c.;;;;;;;;;;10.140457;6.073607;1;7
jürgen_macho;isaffiliatedto;chelsea_f.c.;jürgen_macho;playsfor;chelsea_f.c.;;;;;;;;;;9.630463;4.2341228;1;115
félix_ricardo_torres;isaffiliatedto;club_atlético_platense;félix_ricardo_torres;playsfor;club_atlético_platense;;;;;;;;;;9.947815;5.5845203;1;41
janício_martins;isaffiliatedto;s.c.u._torreense;janício_martins;playsfor;s.c.u._torreense;;;;;;;;;;9.259438;4.022342;1;46
ahmad_momenzadeh;isaffiliatedto;foolad_f.c.;ahmad_momenzadeh;playsfor;foolad_f.c.;;;;;;;;;;10.091197;6.103529;1;17
césar_pellegrín;isaffiliatedto;deportivo_maldonado;césar_pellegrín;isaffiliatedto;central_español;césar_pellegrín;isaffiliatedto;c.s._herediano;césar_pellegrín;isaffiliatedto;danubio_f.c.;césar_pellegrín;isaffiliatedto;club_nacional_de_football;9.972744;9.667264;1;5
tyrone_marshall;isaffiliatedto;jamaica_national_football_team;tyrone_marshall;playsfor;jamaica_national_football_team;;;;;;;;;;9.91627;5.4785323;1;21
darnell_mee;isaffiliatedto;continental_basketball_association;darnell_mee;isaffiliatedto;national_basketball_league_(australia);darnell_mee;isaffiliatedto;lega_basket_serie_a;darnell_mee;isaffiliatedto;lnb_pro_a;darnell_mee;isaffiliatedto;yakima_sun_kings;8.506555;6.4509134;1;7
tetsuya_asano;isaffiliatedto;nagoya_grampus;tetsuya_asano;playsfor;nagoya_grampus;;;;;;;;;;9.842428;5.7049084;1;8
dado_pršo;isaffiliatedto;nk_pazinka;dado_pršo;isaffiliatedto;nk_zadar;dado_pršo;isaffiliatedto;fc_rouen;dado_pršo;isaffiliatedto;étoile_fréjus_saint-raphaël;dado_pršo;isaffiliatedto;a.s._monaco_f.c.;9.456441;8.910143;1;5
alan_sunderland;isaffiliatedto;england_national_football_b_team;alan_sunderland;playsfor;england_national_football_b_team;alan_sunderland;isaffiliatedto;england_national_football_team;alan_sunderland;isaffiliatedto;arsenal_f.c.;alan_sunderland;isaffiliatedto;ipswich_town_f.c.;9.534369;5.064867;1;5
gérald_passi;isaffiliatedto;montpellier_hsc;gérald_passi;playsfor;montpellier_hsc;gérald_passi;isaffiliatedto;as_monaco_fc;gérald_passi;isaffiliatedto;as_saint-étienne;gérald_passi;isaffiliatedto;montpellier_h.s.c.;9.810757;5.1445355;1;28
thomas_kleine;isaffiliatedto;germany_national_football_b_team;thomas_kleine;playsfor;germany_national_football_b_team;;;;;;;;;;9.051148;4.8980446;1;19
santiago_cañizares;isaffiliatedto;spain_national_football_team;santiago_cañizares;isaffiliatedto;spain_national_under-21_football_team;santiago_cañizares;isaffiliatedto;real_madrid_c.f.;santiago_cañizares;isaffiliatedto;spain_national_under-18_football_team;santiago_cañizares;isaffiliatedto;real_madrid_castilla;8.723984;8.207105;1;5
mariusz_ujek;isaffiliatedto;zagłębie_sosnowiec;mariusz_ujek;playsfor;zagłębie_sosnowiec;mariusz_ujek;isaffiliatedto;gks_bełchatów;mariusz_ujek;isaffiliatedto;polonia_bytom;mariusz_ujek;isaffiliatedto;zagłębie_lubin;10.11274;6.74583;1;10
róbert_vittek;isaffiliatedto;1._fc_nuremberg;róbert_vittek;isaffiliatedto;lille_o.s.c.;róbert_vittek;isaffiliatedto;slovakia_national_football_team;róbert_vittek;isaffiliatedto;šk_slovan_bratislava;róbert_vittek;isaffiliatedto;1._fc_nürnberg;8.830595;8.467005;1;5
jordy_clasie;isaffiliatedto;feyenoord;jordy_clasie;playsfor;feyenoord;jordy_clasie;playsfor;s.b.v._excelsior;jordy_clasie;isaffiliatedto;netherlands_national_football_team;jordy_clasie;hasgender;male;9.742213;5.955815;1;4
abdikokhor_marifaliev;isaffiliatedto;navbahor_namangan;abdikokhor_marifaliev;playsfor;navbahor_namangan;abdikokhor_marifaliev;isaffiliatedto;pakhtakor_tashkent_fk;abdikokhor_marifaliev;isaffiliatedto;lokomotiv_tashkent_fk;abdikokhor_marifaliev;isaffiliatedto;fc_kyzylzhar;9.579206;6.1794186;1;6
colorado_springs_airport;isconnectedto;salt_lake_city_international_airport;salt_lake_city_international_airport;isconnectedto;colorado_springs_airport;colorado_springs_airport;isconnectedto;dallas/fort_worth_international_airport;colorado_springs_airport;isconnectedto;san_francisco_international_airport;colorado_springs_airport;isconnectedto;seattle–tacoma_international_airport;10.0493765;7.892569;1;7
saint-augustin_airport;isconnectedto;tête-à-la-baleine_airport;tête-à-la-baleine_airport;isconnectedto;saint-augustin_airport;saint-augustin_airport;isconnectedto;kegaska_airport;;;;;;;10.340551;9.002654;1;4
jürgen_habermas;isinterestedin;political_philosophy;jürgen_habermas;hasgender;male;immanuel_kant;influences;jürgen_habermas;john_rawls;influences;jürgen_habermas;karl_marx;influences;jürgen_habermas;11.660901;11.422115;1;2
maitland_florida;islocatedin;florida;maitland_florida;islocatedin;orange_county_florida;maitland_florida;islocatedin;united_states;maitland_florida;islocatedin;orange_county_(florida);;;;8.905705;4.9084573;1;9
naughty_dog;islocatedin;california;naughty_dog;islocatedin;santa_monica_california;naughty_dog;created;crash_bandicoot;;;;;;;7.941422;7.923642;1;2
penarth;islocatedin;wales;penarth;islocatedin;glamorgan;penarth;islocatedin;south_wales;penarth;islocatedin;vale_of_glamorgan;;;;9.030945;4.2627983;2;7
wallace_mccain;livesin;ontario;wallace_mccain;livesin;toronto;wallace_mccain;diedin;toronto;wallace_mccain;haswonprize;order_of_canada;;;;8.378553;3.444369;1;13
republic_of_genoa;participatedin;battle_of_crécy;battle_of_crécy;happenedin;republic_of_genoa;;;;;;;;;;11.954094;9.596393;1;35
mauricio_almada;playsfor;deportivo_merlo;mauricio_almada;isaffiliatedto;deportivo_merlo;;;;;;;;;;10.091831;2.241653;1;269
cristian_ianu;playsfor;fc_wohlen;cristian_ianu;isaffiliatedto;fc_wohlen;cristian_ianu;playsfor;fc_aarau;cristian_ianu;playsfor;ac_bellinzona;;;;10.176417;4.822957;1;38
mevlüt_erdinç;playsfor;paris_saint-germain_f.c.;mevlüt_erdinç;isaffiliatedto;paris_saint-germain_f.c.;;;;;;;;;;9.92828;5.648439;1;26
wim_suurbier;playsfor;afc_ajax;wim_suurbier;isaffiliatedto;afc_ajax;wim_suurbier;isaffiliatedto;a.f.c._ajax;;;;;;;10.157594;6.26384;1;13
alan_o'neill_(footballer_born_1957);playsfor;shamrock_rovers_f.c.;alan_o'neill_(footballer_born_1957);isaffiliatedto;shamrock_rovers_f.c.;alan_o'neill_(footballer_born_1957);playsfor;sligo_rovers_f.c.;alan_o'neill_(footballer_born_1957);playsfor;dundalk_f.c.;alan_o'neill_(footballer_born_1957);hasgender;male;10.659566;7.301822;1;3
martin_kayongo-mutumba;playsfor;uganda_national_football_team;martin_kayongo-mutumba;isaffiliatedto;uganda_national_football_team;;;;;;;;;;9.590147;-1.2380917;1;8853
yakubu_abubakar_akilu;playsfor;fc_hjørring;yakubu_abubakar_akilu;isaffiliatedto;fc_hjørring;;;;;;;;;;9.597553;4.078142;1;23
darijan_matič;playsfor;bnei_sakhnin_f.c.;darijan_matič;isaffiliatedto;bnei_sakhnin_f.c.;;;;;;;;;;10.221523;3.6936874;1;190
léider_preciado;playsfor;racing_de_santander;léider_preciado;isaffiliatedto;racing_de_santander;léider_preciado;playsfor;cd_toledo;;;;;;;10.647223;7.440516;1;8
srdjan_luchin;playsfor;romania_national_football_team;srdjan_luchin;isaffiliatedto;romania_national_football_team;srdjan_luchin;isaffiliatedto;fc_dinamo_bucurești;srdjan_luchin;playsfor;fc_politehnica_ii_timișoara;srdjan_luchin;playsfor;pfc_botev_plovdiv;9.221161;7.3313966;1;3
jody_morris;playsfor;millwall_f.c.;jody_morris;isaffiliatedto;millwall_f.c.;jody_morris;wasbornin;london;;;;;;;10.275754;5.699466;1;19
laryea_kingston;playsfor;heart_of_midlothian_f.c.;laryea_kingston;isaffiliatedto;heart_of_midlothian_f.c.;;;;;;;;;;10.243646;2.9045684;1;445
christian_mcclean;playsfor;swansea_city_a.f.c.;christian_mcclean;isaffiliatedto;swansea_city_a.f.c.;;;;;;;;;;10.07344;2.8139486;1;172
ian_bogie;playsfor;bedlington_terriers_f.c.;ian_bogie;playsfor;newcastle_united_f.c.;ian_bogie;playsfor;gateshead_f.c.;ian_bogie;playsfor;kidderminster_harriers_f.c.;ian_bogie;playsfor;leyton_orient_f.c.;9.551779;9.416745;1;5
stu_riddle;playsfor;greenock_morton_f.c.;stu_riddle;isaffiliatedto;greenock_morton_f.c.;;;;;;;;;;10.005321;1.6169422;1;1213
chris_sulley;playsfor;dundee_united_f.c.;chris_sulley;isaffiliatedto;dundee_united_f.c.;;;;;;;;;;9.927814;4.5179286;1;62
dean_gordon;playsfor;crystal_palace_f.c.;dean_gordon;isaffiliatedto;crystal_palace_f.c.;dean_gordon;playsfor;grimsby_town_f.c.;dean_gordon;playsfor;reading_f.c.;dean_gordon;playsfor;blackpool_f.c.;10.391139;6.5454473;1;31
sergey_timofeev;playsfor;fc_kyzylzhar;sergey_timofeev;isaffiliatedto;fc_kyzylzhar;sergey_timofeev;playsfor;fc_sokol_saratov;;;;;;;10.048546;6.952512;1;7
lukáš_magera;playsfor;sk_kladno;lukáš_magera;isaffiliatedto;sk_kladno;;;;;;;;;;10.1834955;4.2092085;1;55
andrea_orlandi;playsfor;fc_barcelona;andrea_orlandi;playsfor;swansea_city_a.f.c.;andrea_orlandi;playsfor;fc_barcelona_b;andrea_orlandi;playsfor;deportivo_alavés;andrea_orlandi;playsfor;deportivo_alavés_b;9.749051;9.381885;1;2
chris_turner_(footballer_born_1990);playsfor;burnley_f.c.;chris_turner_(footballer_born_1990);isaffiliatedto;burnley_f.c.;;;;;;;;;;10.17964;5.6967335;1;19
mykhaylo_forkash;playsfor;fc_zorya_luhansk;mykhaylo_forkash;isaffiliatedto;fc_zorya_luhansk;mykhaylo_forkash;playsfor;fc_volyn_lutsk;;;;;;;9.840891;6.308156;1;2
grzegorz_podstawek;playsfor;kszo_ostrowiec_świętokrzyski;grzegorz_podstawek;isaffiliatedto;kszo_ostrowiec_świętokrzyski;;;;;;;;;;9.472238;5.488042;1;30
azar_karadas;playsfor;kasımpaşa_spor_kulübü;azar_karadas;isaffiliatedto;kasımpaşa_spor_kulübü;;;;;;;;;;10.184913;3.080531;1;224
derek_mcwilliams;playsfor;airdrieonians_f.c._(1878);derek_mcwilliams;isaffiliatedto;airdrieonians_f.c._(1878);;;;;;;;;;10.39512;5.7687054;1;28
vedran_celiščak;playsfor;dalian_shide_f.c.;vedran_celiščak;isaffiliatedto;dalian_shide_f.c.;;;;;;;;;;10.117927;1.3735992;1;1075
steve_mautone;playsfor;canberra_cosmos_fc;steve_mautone;isaffiliatedto;canberra_cosmos_fc;steve_mautone;playsfor;blacktown_city_fc;;;;;;;10.125108;3.5461102;1;253
kieran_charnock;playsfor;peterborough_united_f.c.;kieran_charnock;isaffiliatedto;peterborough_united_f.c.;;;;;;;;;;10.298274;5.0250587;1;76
dedi_ben_dayan;playsfor;maccabi_tel_aviv_f.c.;dedi_ben_dayan;isaffiliatedto;maccabi_tel_aviv_f.c.;;;;;;;;;;10.356521;8.279935;1;5
mike_twellman;playsfor;dallas_sidekicks_(1984–2004);mike_twellman;isaffiliatedto;dallas_sidekicks_(1984–2004);;;;;;;;;;9.939923;3.6768835;1;42
marc_wilson_(irish_footballer);playsfor;a.f.c._bournemouth;marc_wilson_(irish_footballer);isaffiliatedto;a.f.c._bournemouth;marc_wilson_(irish_footballer);playsfor;portsmouth_f.c.;;;;;;;10.185992;6.016218;1;8
vlatko_đolonga;playsfor;deportivo_alavés;vlatko_đolonga;isaffiliatedto;deportivo_alavés;;;;;;;;;;10.174706;1.6540016;1;611
feridun_sungur;playsfor;elazığspor;feridun_sungur;isaffiliatedto;elazığspor;;;;;;;;;;9.424069;5.141713;1;36
sven_benken;playsfor;f.c._hansa_rostock;sven_benken;isaffiliatedto;f.c._hansa_rostock;sven_benken;playsfor;fc_energie_cottbus;sven_benken;isaffiliatedto;hansa_rostock;;;;10.275907;4.225278;1;24
rené_bot;playsfor;feyenoord;rené_bot;isaffiliatedto;feyenoord;;;;;;;;;;10.088839;3.6979823;1;36
luke_steele_(footballer);playsfor;barnsley_f.c.;luke_steele_(footballer);isaffiliatedto;barnsley_f.c.;;;;;;;;;;10.241514;5.9438086;1;11
kenneth_udjus;playsfor;sk_brann;kenneth_udjus;isaffiliatedto;sk_brann;kenneth_udjus;playsfor;tromsø_il;kenneth_udjus;playsfor;lillestrøm_sk;kenneth_udjus;playsfor;fk_tønsberg;10.285631;7.153152;1;6
leonīds_ostrovskis;playsfor;fc_mashuk-kmv_pyatigorsk;leonīds_ostrovskis;isaffiliatedto;fc_mashuk-kmv_pyatigorsk;;;;;;;;;;9.484733;3.2823818;1;106
florin_stângă;playsfor;fc_brașov;florin_stângă;playsfor;cs_pandurii_târgu_jiu;florin_stângă;playsfor;asa_târgu_mureș_(2013);florin_stângă;playsfor;cs_juventus_bucurești;florin_stângă;playsfor;as_cimentul_fieni;9.972211;9.729239;1;2
hamed_rasouli;playsfor;sepahan_novin_f.c.;hamed_rasouli;isaffiliatedto;sepahan_novin_f.c.;hamed_rasouli;playsfor;sepahan_isfahan_f.c.;;;;;;;9.265009;5.0799675;1;13
danny_lennon;playsfor;ayr_united_f.c.;danny_lennon;isaffiliatedto;ayr_united_f.c.;;;;;;;;;;10.07169;5.834361;1;26
joseph_kamwendo;playsfor;mighty_wanderers_f.c.;joseph_kamwendo;playsfor;malawi_national_football_team;joseph_kamwendo;playsfor;caps_united_f.c.;joseph_kamwendo;playsfor;vasco_da_gama_(south_africa);joseph_kamwendo;playsfor;liga_muçulmana_de_maputo;9.881422;8.529123;1;4
i̇skender_alın;wasbornin;istanbul;i̇skender_alın;isaffiliatedto;i̇stanbul_büyükşehir_belediyespor_(football);i̇skender_alın;playsfor;i̇stanbul_başakşehir_f.k.;i̇skender_alın;hasgender;male;i̇skender_alın;playsfor;fenerbahçe_s.k.;9.546727;8.734648;1;1
