mickey_daniels;actedin;the_big_show_(1923_film);mickey_daniels;actedin;july_days_(film);mickey_daniels;actedin;stage_fright_(1923_film);mickey_daniels;actedin;the_champeen;0.7477171;1;0.98366666;2;0.74000216;6;4.560616509874853;3.865485429763794
mickey_daniels;actedin;the_big_show_(1923_film);mickey_daniels;actedin;a_quiet_street;mickey_daniels;actedin;july_days_(film);mickey_daniels;actedin;stage_fright_(1923_film);0.7477171;1;0.98366666;2;0.89265436;5;3.5227373820015413;3.877326011657715
mickey_daniels;actedin;the_big_show_(1923_film);mickey_daniels;actedin;july_days_(film);mickey_daniels;actedin;stage_fright_(1923_film);mickey_daniels;actedin;the_cobbler_(1923_film);0.7477171;1;0.98366666;2;0.9059079;6;4.519429893242971;3.947591781616211
mickey_daniels;actedin;the_big_show_(1923_film);mickey_daniels;actedin;a_quiet_street;mickey_daniels;actedin;july_days_(film);mickey_daniels;actedin;the_champeen;0.7477171;1;0.98366666;2;0.86806655;6;4.528867886708624;3.917083263397217
mickey_daniels;actedin;the_big_show_(1923_film);mickey_daniels;actedin;july_days_(film);mickey_daniels;actedin;stage_fright_(1923_film);mickey_daniels;actedin;back_stage_(1923_film);0.7477171;1;0.98366666;2;0.8197939;6;4.540876759166385;3.890362501144409
mickey_daniels;actedin;the_big_show_(1923_film);mickey_daniels;actedin;july_days_(film);mickey_daniels;actedin;stage_fright_(1923_film);mickey_daniels;actedin;giants_vs._yanks;0.7477171;1;0.98366666;2;0.83377534;6;4.537402826720854;3.891975164413452
mickey_daniels;actedin;the_big_show_(1923_film);mickey_daniels;actedin;july_days_(film);mickey_daniels;actedin;stage_fright_(1923_film);mickey_daniels;actedin;dogs_of_war_(film);0.7477171;1;0.98366666;2;0.8423595;6;4.535268127975367;3.8940811157226562
mickey_daniels;actedin;the_big_show_(1923_film);mickey_daniels;actedin;july_days_(film);mickey_daniels;actedin;stage_fright_(1923_film);mickey_daniels;actedin;saturday_morning_(1922_film);0.7477171;1;0.98366666;2;0.83753526;6;4.536467976224898;3.8873226642608643
mickey_daniels;actedin;the_big_show_(1923_film);mickey_daniels;actedin;july_days_(film);mickey_daniels;actedin;the_cobbler_(1923_film);mickey_daniels;actedin;the_champeen;0.7477171;1;0.98366666;2;0.86981195;5;3.528432968741938;3.906783103942871
mickey_daniels;actedin;the_big_show_(1923_film);mickey_daniels;actedin;july_days_(film);mickey_daniels;actedin;young_sherlocks;mickey_daniels;actedin;stage_fright_(1923_film);0.7477171;1;0.98366666;2;0.9025282;5;3.5202734867776675;3.9283251762390137
mickey_daniels;actedin;the_big_show_(1923_film);mickey_daniels;actedin;july_days_(film);mickey_daniels;actedin;the_champeen;mickey_daniels;actedin;back_stage_(1923_film);0.7477171;1;0.98366666;2;0.89371675;6;4.522472326571767;3.9010093212127686
mickey_daniels;actedin;the_big_show_(1923_film);mickey_daniels;actedin;july_days_(film);mickey_daniels;actedin;giants_vs._yanks;mickey_daniels;actedin;the_champeen;0.7477171;1;0.98366666;2;0.83162194;6;4.537938120011057;3.8270602226257324
mickey_daniels;actedin;the_big_show_(1923_film);mickey_daniels;actedin;july_days_(film);mickey_daniels;actedin;dogs_of_war_(film);mickey_daniels;actedin;the_champeen;0.7477171;1;0.98366666;2;0.9051867;6;4.519609922488753;3.8652398586273193
mickey_daniels;actedin;the_big_show_(1923_film);mickey_daniels;actedin;july_days_(film);mickey_daniels;actedin;saturday_morning_(1922_film);mickey_daniels;actedin;the_champeen;0.7477171;1;0.98366666;2;0.85124695;6;4.533056636508125;3.870404005050659
mickey_daniels;actedin;the_big_show_(1923_film);mickey_daniels;actedin;july_days_(film);mickey_daniels;actedin;young_sherlocks;mickey_daniels;actedin;the_champeen;0.7477171;1;0.98366666;2;0.8835969;5;3.5249965842394464;3.870553970336914
mickey_daniels;actedin;the_big_show_(1923_film);mickey_daniels;actedin;a_quiet_street;mickey_daniels;actedin;july_days_(film);mickey_daniels;actedin;the_cobbler_(1923_film);0.7477171;1;0.98366666;2;0.9002814;5;3.5208342368049266;3.869237184524536
mickey_daniels;actedin;the_big_show_(1923_film);mickey_daniels;actedin;a_quiet_street;mickey_daniels;actedin;july_days_(film);mickey_daniels;actedin;back_stage_(1923_film);0.7477171;1;0.98366666;2;0.87964594;5;3.525981755361762;3.854945182800293
mickey_daniels;actedin;the_big_show_(1923_film);mickey_daniels;actedin;a_quiet_street;mickey_daniels;actedin;july_days_(film);mickey_daniels;actedin;giants_vs._yanks;0.7477171;1;0.98366666;2;0.9262161;5;3.5143586841328602;3.890486478805542
mickey_daniels;actedin;the_big_show_(1923_film);mickey_daniels;actedin;a_quiet_street;mickey_daniels;actedin;july_days_(film);mickey_daniels;actedin;dogs_of_war_(film);0.7477171;1;0.98366666;2;0.85905635;5;3.5311123279756496;3.849370241165161
mickey_daniels;actedin;the_big_show_(1923_film);mickey_daniels;actedin;a_quiet_street;mickey_daniels;actedin;july_days_(film);mickey_daniels;actedin;saturday_morning_(1922_film);0.7477171;1;0.98366666;2;0.8433489;5;3.535021990832816;3.8361990451812744
mickey_daniels;actedin;the_big_show_(1923_film);mickey_daniels;actedin;a_quiet_street;mickey_daniels;actedin;july_days_(film);mickey_daniels;actedin;young_sherlocks;0.7477171;1;0.98366666;2;0.9362072;5;3.5118626442494127;3.8304851055145264
mickey_daniels;actedin;the_big_show_(1923_film);mickey_daniels;actedin;july_days_(film);mickey_daniels;actedin;the_cobbler_(1923_film);mickey_daniels;actedin;back_stage_(1923_film);0.7477171;1;0.98366666;2;0.8899324;5;3.523416423659514;3.8690624237060547
mickey_daniels;actedin;the_big_show_(1923_film);mickey_daniels;actedin;july_days_(film);mickey_daniels;actedin;giants_vs._yanks;mickey_daniels;actedin;the_cobbler_(1923_film);0.7477171;1;0.98366666;2;0.8526653;5;3.532703581874071;3.896685838699341
mickey_daniels;actedin;the_big_show_(1923_film);mickey_daniels;actedin;july_days_(film);mickey_daniels;actedin;dogs_of_war_(film);mickey_daniels;actedin;the_cobbler_(1923_film);0.7477171;1;0.98366666;2;0.94076556;5;3.5107236299919276;3.898984432220459
rekha;haswonprize;filmfare_awards;rekha;actedin;vijeta;rekha;hasgender;female;rekha;actedin;zubeidaa;0.99263144;1;0.9773228;2;0.991916;2;0.49635176874545067;4.329218149185181
rekha;haswonprize;filmfare_awards;rekha;actedin;vijeta;rekha;actedin;nagin_(1976_film);rekha;hasgender;female;0.99263144;1;0.9773228;2;0.9942629;2;0.49576508695293836;4.327162981033325
rekha;haswonprize;filmfare_awards;rekha;actedin;vijeta;rekha;hasgender;female;rekha;actedin;khoon_pasina;0.99263144;1;0.9773228;2;0.9866681;2;0.4976636937420596;4.312431335449219
rekha;haswonprize;filmfare_awards;rekha;actedin;lajja_(film);rekha;actedin;vijeta;rekha;hasgender;female;0.99263144;1;0.9773228;2;0.997399;2;0.4949811296553886;4.482961654663086
rekha;haswonprize;filmfare_awards;rekha;actedin;vijeta;rekha;hasgender;female;rekha;actedin;dil_hai_tumhaara;0.99263144;1;0.9773228;2;0.97075504;2;0.501641938148616;4.59684419631958
rekha;haswonprize;filmfare_awards;rekha;actedin;ganga_ki_saugandh;rekha;actedin;vijeta;rekha;hasgender;female;0.99263144;1;0.9773228;2;0.9856856;2;0.49790931966431584;4.6430158615112305
rekha;haswonprize;filmfare_awards;rekha;actedin;namak_haraam;rekha;actedin;vijeta;rekha;hasgender;female;0.99263144;1;0.9773228;2;0.9615093;2;0.5039532999904749;4.64147162437439
rekha;haswonprize;filmfare_awards;rekha;actedin;muqaddar_ka_sikandar;rekha;actedin;vijeta;rekha;hasgender;female;0.99263144;1;0.9773228;2;0.9604177;2;0.5042261815917328;4.626394748687744
rekha;haswonprize;filmfare_awards;rekha;actedin;vijeta;rekha;hasgender;female;rekha;actedin;umrao_jaan;0.99263144;1;0.9773228;2;0.98063606;2;0.4991716899104542;4.621642827987671
rekha;haswonprize;filmfare_awards;rekha;actedin;immaan_dharam;rekha;actedin;vijeta;rekha;hasgender;female;0.99263144;1;0.9773228;2;0.95124495;2;0.5065190971972979;4.625258445739746
rekha;haswonprize;filmfare_awards;rekha;actedin;suhaag_(1979_film);rekha;actedin;vijeta;rekha;hasgender;female;0.99263144;1;0.9773228;2;0.9786345;2;0.4996720850937816;4.623491048812866
rekha;haswonprize;filmfare_awards;rekha;actedin;vijeta;rekha;actedin;ram_balram;rekha;hasgender;female;0.99263144;1;0.9773228;2;0.9381882;2;0.5097824069420552;4.625320911407471
rekha;haswonprize;filmfare_awards;rekha;actedin;utsav;rekha;actedin;vijeta;rekha;hasgender;female;0.99263144;1;0.9773228;2;0.8116796;2;0.54131637818789;4.62429666519165
rekha;haswonprize;filmfare_awards;rekha;actedin;alaap;rekha;actedin;vijeta;rekha;hasgender;female;0.99263144;1;0.9773228;2;0.9784882;2;0.4997086525293119;4.626667261123657
rekha;haswonprize;filmfare_awards;rekha;actedin;vijeta;rekha;hasgender;female;rekha;wasbornin;chennai;0.99263144;1;0.9773228;2;0.9789878;2;0.4995837510593719;4.905691385269165
rekha;haswonprize;filmfare_awards;rekha;actedin;jaani_dushman;rekha;actedin;vijeta;rekha;hasgender;female;0.99263144;1;0.9773228;2;0.99118716;2;0.4965339709203015;4.628541707992554
rekha;haswonprize;filmfare_awards;rekha;actedin;silsila_(film);rekha;actedin;vijeta;rekha;hasgender;female;0.99263144;1;0.9773228;2;0.98852575;2;0.4971992964409255;4.6266984939575195
rekha;haswonprize;filmfare_awards;rekha;actedin;mujhe_insaaf_chahiye;rekha;actedin;vijeta;rekha;hasgender;female;0.99263144;1;0.9773228;2;0.9642997;2;0.5032557384966824;4.634205102920532
rekha;haswonprize;filmfare_awards;rekha;actedin;vijeta;rekha;actedin;nagin_(1976_film);rekha;actedin;zubeidaa;0.99263144;1;0.9773228;2;0.9003855;2;0.5192248471794924;4.722524166107178
rekha;haswonprize;filmfare_awards;rekha;actedin;vijeta;rekha;actedin;khoon_pasina;rekha;actedin;zubeidaa;0.99263144;1;0.9773228;2;0.9779049;2;0.49985447526389004;4.7346274852752686
rekha;haswonprize;filmfare_awards;rekha;actedin;vijeta;rekha;actedin;nagin_(1976_film);rekha;actedin;khoon_pasina;0.99263144;1;0.9773228;2;0.9903137;2;0.4967523226905657;4.726075649261475
alexander_hleb;isaffiliatedto;fc_bate_borisov;alexander_hleb;playsfor;fc_bate_borisov;alexander_hleb;isaffiliatedto;belarus_national_football_team;alexander_hleb;isaffiliatedto;vfb_stuttgart;0.7576731;1;0.9783865;2;0.59840184;4;2.5938694071684543;4.883634328842163
alexander_hleb;isaffiliatedto;fc_bate_borisov;alexander_hleb;hasgender;male;alexander_hleb;isaffiliatedto;belarus_national_football_team;alexander_hleb;isaffiliatedto;vfb_stuttgart;0.7576731;1;0.9783865;2;0.56682074;4;2.6014632641796616;4.806778907775879
alexander_hleb;isaffiliatedto;fc_bate_borisov;alexander_hleb;isaffiliatedto;belarus_national_football_team;alexander_hleb;isaffiliatedto;vfb_stuttgart;alexander_hleb;playsfor;arsenal_f.c.;0.7576731;1;0.9783865;2;0.9608687;4;2.504379339283515;4.877298593521118
alexander_hleb;isaffiliatedto;fc_bate_borisov;alexander_hleb;isaffiliatedto;belarus_national_football_team;alexander_hleb;isaffiliatedto;vfb_stuttgart;alexander_hleb;playsfor;torku_konyaspor;0.7576731;1;0.9783865;2;0.94004405;4;2.509584444790884;4.857227802276611
alexander_hleb;isaffiliatedto;fc_bate_borisov;alexander_hleb;wasbornin;minsk;alexander_hleb;isaffiliatedto;belarus_national_football_team;alexander_hleb;isaffiliatedto;vfb_stuttgart;0.7576731;1;0.9783865;2;0.96962106;3;1.5021913507344644;4.751462936401367
alexander_hleb;isaffiliatedto;fc_bate_borisov;alexander_hleb;isaffiliatedto;torku_konyaspor;alexander_hleb;isaffiliatedto;belarus_national_football_team;alexander_hleb;isaffiliatedto;vfb_stuttgart;0.7576731;1;0.9783865;2;0.9139668;4;2.5160993694153477;4.86989951133728
alexander_hleb;isaffiliatedto;fc_bate_borisov;alexander_hleb;playsfor;vfl_wolfsburg;alexander_hleb;isaffiliatedto;belarus_national_football_team;alexander_hleb;isaffiliatedto;vfb_stuttgart;0.7576731;1;0.9783865;2;0.9723761;4;2.501502598769011;4.876013994216919
alexander_hleb;isaffiliatedto;fc_bate_borisov;alexander_hleb;isaffiliatedto;birmingham_city_f.c.;alexander_hleb;isaffiliatedto;belarus_national_football_team;alexander_hleb;isaffiliatedto;vfb_stuttgart;0.7576731;1;0.9783865;2;0.88008136;4;2.5245565186365417;4.852988243103027
alexander_hleb;isaffiliatedto;fc_bate_borisov;alexander_hleb;isaffiliatedto;fc_dinamo-juni_minsk;alexander_hleb;isaffiliatedto;belarus_national_football_team;alexander_hleb;isaffiliatedto;vfb_stuttgart;0.7576731;1;0.9783865;2;0.90615565;4;2.5180498719232056;4.829875707626343
alexander_hleb;isaffiliatedto;fc_bate_borisov;alexander_hleb;isaffiliatedto;belarus_national_football_team;alexander_hleb;playsfor;birmingham_city_f.c.;alexander_hleb;isaffiliatedto;vfb_stuttgart;0.7576731;1;0.9783865;2;0.93840384;4;2.5099943377376137;4.833505392074585
alexander_hleb;isaffiliatedto;fc_bate_borisov;alexander_hleb;playsfor;fc_krylia_sovetov_samara;alexander_hleb;isaffiliatedto;belarus_national_football_team;alexander_hleb;isaffiliatedto;vfb_stuttgart;0.7576731;1;0.9783865;2;0.87819856;4;2.525026059302654;4.8325066566467285
alexander_hleb;isaffiliatedto;fc_bate_borisov;alexander_hleb;isaffiliatedto;belarus_national_football_team;alexander_hleb;isaffiliatedto;vfb_stuttgart;alexander_hleb;isaffiliatedto;fc_barcelona;0.7576731;1;0.9783865;2;0.97892135;3;1.4998662918837948;4.829280376434326
alexander_hleb;isaffiliatedto;fc_bate_borisov;alexander_hleb;playsfor;fc_dinamo-juni_minsk;alexander_hleb;isaffiliatedto;belarus_national_football_team;alexander_hleb;isaffiliatedto;vfb_stuttgart;0.7576731;1;0.9783865;2;0.96232706;3;1.5040147782779623;4.829518795013428
alexander_hleb;isaffiliatedto;fc_bate_borisov;alexander_hleb;isaffiliatedto;arsenal_f.c.;alexander_hleb;isaffiliatedto;belarus_national_football_team;alexander_hleb;isaffiliatedto;vfb_stuttgart;0.7576731;1;0.9783865;2;0.8876496;5;3.522668680572024;4.820295333862305
alexander_hleb;isaffiliatedto;fc_bate_borisov;alexander_hleb;playsfor;fc_barcelona;alexander_hleb;isaffiliatedto;belarus_national_football_team;alexander_hleb;isaffiliatedto;vfb_stuttgart;0.7576731;1;0.9783865;2;0.9475544;4;2.5077074174003475;4.862484693527222
harri_ylönen;isaffiliatedto;finland_national_football_team;harri_ylönen;playsfor;finland_national_football_team;harri_ylönen;isaffiliatedto;finland_national_under-21_football_team;harri_ylönen;playsfor;sportfreunde_siegen;0.8326293;1;0.9978389;3;0.09231094;7;4.712084171864085;3.3054935932159424
harri_ylönen;isaffiliatedto;finland_national_football_team;harri_ylönen;playsfor;finland_national_football_team;harri_ylönen;isaffiliatedto;finland_national_under-21_football_team;harri_ylönen;isaffiliatedto;sk_brann;0.8326293;1;0.9978389;3;0.007948275;26;23.729066320175555;3.303086757659912
fernando_muñoz;isaffiliatedto;spain_national_football_team;fernando_muñoz;playsfor;spain_national_football_team;fernando_muñoz;isaffiliatedto;rcd_espanyol;fernando_muñoz;isaffiliatedto;spain_national_under-21_football_team;0.95637673;1;0.99935657;2;0.8891546;4;2.5275226403546798;4.712574005126953
fernando_muñoz;isaffiliatedto;spain_national_football_team;fernando_muñoz;playsfor;spain_national_football_team;fernando_muñoz;isaffiliatedto;rcd_espanyol;fernando_muñoz;playsfor;spain_national_under-18_football_team;0.95637673;1;0.99935657;2;0.9741587;3;1.506299132604648;4.710341453552246
fernando_muñoz;isaffiliatedto;spain_national_football_team;fernando_muñoz;playsfor;spain_national_football_team;fernando_muñoz;isaffiliatedto;rcd_espanyol;fernando_muñoz;isaffiliatedto;elche_c.f.;0.95637673;1;0.99935657;2;0.9614468;3;1.5094763016650201;4.709027290344238
fernando_muñoz;isaffiliatedto;spain_national_football_team;fernando_muñoz;playsfor;spain_national_football_team;fernando_muñoz;isaffiliatedto;rcd_espanyol;fernando_muñoz;playsfor;rcd_espanyol;0.95637673;1;0.99935657;2;0.8349716;3;1.5410039463679759;4.70774507522583
fernando_muñoz;isaffiliatedto;spain_national_football_team;fernando_muñoz;playsfor;spain_national_football_team;fernando_muñoz;isaffiliatedto;rcd_espanyol;fernando_muñoz;isaffiliatedto;sevilla_f.c.;0.95637673;1;0.99935657;2;0.8873915;4;2.5279620597211907;4.710972785949707
fernando_muñoz;isaffiliatedto;spain_national_football_team;fernando_muñoz;playsfor;spain_national_football_team;fernando_muñoz;isaffiliatedto;rcd_espanyol;fernando_muñoz;playsfor;real_madrid_c.f.;0.95637673;1;0.99935657;2;0.8435701;3;1.5388680367235956;4.70830225944519
fernando_muñoz;isaffiliatedto;spain_national_football_team;fernando_muñoz;playsfor;spain_national_football_team;fernando_muñoz;isaffiliatedto;rcd_espanyol;fernando_muñoz;isaffiliatedto;sevilla_fc;0.95637673;1;0.99935657;2;0.95076036;4;2.512146660472229;4.711071491241455
fernando_muñoz;isaffiliatedto;spain_national_football_team;fernando_muñoz;playsfor;spain_national_football_team;fernando_muñoz;isaffiliatedto;rcd_espanyol;fernando_muñoz;playsfor;spain_national_under-21_football_team;0.95637673;1;0.99935657;2;0.8269153;3;1.5430038004513127;4.7076311111450195
fernando_muñoz;isaffiliatedto;spain_national_football_team;fernando_muñoz;playsfor;spain_national_football_team;fernando_muñoz;isaffiliatedto;rcd_espanyol;fernando_muñoz;isaffiliatedto;r.c.d._espanyol_de_barcelona;0.95637673;1;0.99935657;2;0.9440232;3;1.5138298155055012;4.708641767501831
fernando_muñoz;isaffiliatedto;spain_national_football_team;fernando_muñoz;playsfor;spain_national_football_team;fernando_muñoz;isaffiliatedto;rcd_espanyol;fernando_muñoz;hasgender;male;0.95637673;1;0.99935657;2;0.80441064;3;1.5485827190939525;4.615180015563965
fernando_muñoz;isaffiliatedto;spain_national_football_team;fernando_muñoz;playsfor;spain_national_football_team;fernando_muñoz;isaffiliatedto;rcd_espanyol;fernando_muñoz;isaffiliatedto;spain_national_under-18_football_team;0.95637673;1;0.99935657;2;0.8137747;4;2.5462627653273247;4.716021299362183
fernando_muñoz;isaffiliatedto;spain_national_football_team;fernando_muñoz;playsfor;spain_national_football_team;fernando_muñoz;isaffiliatedto;rcd_espanyol;fernando_muñoz;isaffiliatedto;fc_barcelona;0.95637673;1;0.99935657;2;0.8786258;4;2.5301460810922833;4.716925382614136
fernando_muñoz;isaffiliatedto;spain_national_football_team;fernando_muñoz;playsfor;spain_national_football_team;fernando_muñoz;isaffiliatedto;rcd_espanyol;fernando_muñoz;playsfor;fc_barcelona;0.95637673;1;0.99935657;2;0.9230401;3;1.5190698642995988;4.735288143157959
fernando_muñoz;isaffiliatedto;spain_national_football_team;fernando_muñoz;playsfor;spain_national_football_team;fernando_muñoz;isaffiliatedto;rcd_espanyol;fernando_muñoz;playsfor;sevilla_fc;0.95637673;1;0.99935657;2;0.90594923;3;1.5233348694327242;4.725088834762573
fernando_muñoz;isaffiliatedto;spain_national_football_team;fernando_muñoz;playsfor;spain_national_football_team;fernando_muñoz;isaffiliatedto;rcd_espanyol;fernando_muñoz;wasbornin;seville;0.95637673;1;0.99935657;2;0.97509325;3;1.5060655330218657;4.589129209518433
alo_bärengrub;isaffiliatedto;fc_lelle;alo_bärengrub;isaffiliatedto;nõmme_kalju_fc;alo_bärengrub;isaffiliatedto;fc_warrior_valga;alo_bärengrub;isaffiliatedto;fk_bodø/glimt;0.7591801;1;0.9805329;2;0.9555606;5;3.50624274058137;3.7559659481048584
alo_bärengrub;isaffiliatedto;fc_lelle;alo_bärengrub;isaffiliatedto;nõmme_kalju_fc;alo_bärengrub;isaffiliatedto;estonia_national_football_team;alo_bärengrub;isaffiliatedto;fk_bodø/glimt;0.7591801;1;0.9805329;2;0.92602015;5;3.513624810961141;3.754054546356201
alo_bärengrub;isaffiliatedto;fc_lelle;alo_bärengrub;isaffiliatedto;nõmme_kalju_fc;alo_bärengrub;isaffiliatedto;fc_flora_tallinn;alo_bärengrub;isaffiliatedto;fk_bodø/glimt;0.7591801;1;0.9805329;2;0.9197882;5;3.5151815077799995;3.754680633544922
alo_bärengrub;isaffiliatedto;fc_lelle;alo_bärengrub;isaffiliatedto;nõmme_kalju_fc;alo_bärengrub;isaffiliatedto;estonia_national_football_team;alo_bärengrub;isaffiliatedto;fc_warrior_valga;0.7591801;1;0.9805329;2;0.8863273;5;3.523533987417383;3.7588632106781006
alo_bärengrub;isaffiliatedto;fc_lelle;alo_bärengrub;isaffiliatedto;nõmme_kalju_fc;alo_bärengrub;isaffiliatedto;fc_flora_tallinn;alo_bärengrub;isaffiliatedto;fc_warrior_valga;0.7591801;1;0.9805329;2;0.89120483;5;3.522317174634157;3.753124952316284
alo_bärengrub;isaffiliatedto;fc_lelle;alo_bärengrub;isaffiliatedto;nõmme_kalju_fc;alo_bärengrub;isaffiliatedto;fc_flora_tallinn;alo_bärengrub;isaffiliatedto;estonia_national_football_team;0.7591801;1;0.9805329;2;0.9147403;5;3.516442209509571;3.7500815391540527
alo_bärengrub;isaffiliatedto;fc_lelle;alo_bärengrub;isaffiliatedto;estonia_national_football_team;alo_bärengrub;isaffiliatedto;fc_warrior_valga;alo_bärengrub;isaffiliatedto;fk_bodø/glimt;0.7591801;1;0.9805329;2;0.9674933;5;3.503259851042575;3.751786231994629
alo_bärengrub;isaffiliatedto;fc_lelle;alo_bärengrub;isaffiliatedto;fc_flora_tallinn;alo_bärengrub;isaffiliatedto;fc_warrior_valga;alo_bärengrub;isaffiliatedto;fk_bodø/glimt;0.7591801;1;0.9805329;2;0.89677113;5;3.5209282032665365;3.749607801437378
alo_bärengrub;isaffiliatedto;fc_lelle;alo_bärengrub;isaffiliatedto;fc_flora_tallinn;alo_bärengrub;isaffiliatedto;estonia_national_football_team;alo_bärengrub;isaffiliatedto;fk_bodø/glimt;0.7591801;1;0.9805329;2;0.9720371;5;3.5021239391366694;3.7495276927948
alo_bärengrub;isaffiliatedto;fc_lelle;alo_bärengrub;isaffiliatedto;fc_flora_tallinn;alo_bärengrub;isaffiliatedto;estonia_national_football_team;alo_bärengrub;isaffiliatedto;fc_warrior_valga;0.7591801;1;0.9805329;2;0.9314925;5;3.512257637790864;3.753765106201172
alo_bärengrub;isaffiliatedto;fc_lelle;alo_bärengrub;playsfor;fc_lelle;alo_bärengrub;isaffiliatedto;nõmme_kalju_fc;alo_bärengrub;isaffiliatedto;fk_bodø/glimt;0.7591801;1;0.9805329;2;0.3909212;6;4.643276035099491;3.752727746963501
alo_bärengrub;isaffiliatedto;fc_lelle;alo_bärengrub;playsfor;fc_lelle;alo_bärengrub;isaffiliatedto;nõmme_kalju_fc;alo_bärengrub;isaffiliatedto;fc_warrior_valga;0.7591801;1;0.9805329;2;0.18602534;11;9.68879837139707;3.7518463134765625
alex_tayo_akande;isaffiliatedto;eastern_aa;alex_tayo_akande;playsfor;eastern_aa;alex_tayo_akande;isaffiliatedto;kitchee_sc;alex_tayo_akande;isaffiliatedto;waltham_forest_f.c.;0.95485723;1;0.99322975;2;0.23825143;6;4.680262476662223;4.457490921020508
alex_tayo_akande;isaffiliatedto;eastern_aa;alex_tayo_akande;playsfor;eastern_aa;alex_tayo_akande;isaffiliatedto;hong_kong_rangers_fc;alex_tayo_akande;isaffiliatedto;kitchee_sc;0.95485723;1;0.99322975;2;0.20324476;4;2.687828110016339;4.5041608810424805
alex_tayo_akande;isaffiliatedto;eastern_aa;alex_tayo_akande;playsfor;eastern_aa;alex_tayo_akande;isaffiliatedto;kitchee_sc;alex_tayo_akande;isaffiliatedto;hong_kong_sapling;0.95485723;1;0.99322975;2;0.47016054;4;2.627865168078621;4.5175817012786865
alex_tayo_akande;isaffiliatedto;eastern_aa;alex_tayo_akande;playsfor;eastern_aa;alex_tayo_akande;isaffiliatedto;hong_kong_rangers_fc;alex_tayo_akande;isaffiliatedto;waltham_forest_f.c.;0.95485723;1;0.99322975;2;0.16008015;8;6.6970204865501985;4.514193058013916
jesús_turiel;isaffiliatedto;real_valladolid_b;jesús_turiel;playsfor;real_valladolid_b;jesús_turiel;isaffiliatedto;real_valladolid;jesús_turiel;isaffiliatedto;cd_toledo;0.68340343;1;0.97013783;2;0.18989843;11;9.685731708525617;3.7325921058654785
vasil_gigiadze;isaffiliatedto;fc_samtredia;vasil_gigiadze;isaffiliatedto;fc_dinamo_tbilisi;vasil_gigiadze;isaffiliatedto;sc_tavriya_simferopol;vasil_gigiadze;isaffiliatedto;fc_torpedo_kutaisi;0.8168388;1;0.9937733;2;0.9923779;5;3.500348851028104;4.285119295120239
vasil_gigiadze;isaffiliatedto;fc_samtredia;vasil_gigiadze;playsfor;fc_samtredia;vasil_gigiadze;isaffiliatedto;sc_tavriya_simferopol;vasil_gigiadze;isaffiliatedto;fc_torpedo_kutaisi;0.8168388;1;0.9937733;2;0.64135915;4;2.587202876762309;4.285639762878418
vasil_gigiadze;isaffiliatedto;fc_samtredia;vasil_gigiadze;playsfor;fc_samtredia;vasil_gigiadze;isaffiliatedto;fc_dinamo_tbilisi;vasil_gigiadze;isaffiliatedto;sc_tavriya_simferopol;0.8168388;1;0.9937733;2;0.8614417;4;2.5330347087938017;4.273845195770264
vasil_gigiadze;isaffiliatedto;fc_samtredia;vasil_gigiadze;playsfor;fc_samtredia;vasil_gigiadze;isaffiliatedto;fc_dinamo_tbilisi;vasil_gigiadze;isaffiliatedto;fc_torpedo_kutaisi;0.8168388;1;0.9937733;2;0.6943631;4;2.574298320258684;4.27114462852478
vasil_gigiadze;isaffiliatedto;fc_samtredia;vasil_gigiadze;isaffiliatedto;sc_tavriya_simferopol;vasil_gigiadze;isaffiliatedto;fc_torpedo_kutaisi;vasil_gigiadze;playsfor;fc_torpedo_kutaisi;0.8168388;1;0.9937733;2;0.98945194;3;1.5010803325053814;4.269625425338745
vasil_gigiadze;isaffiliatedto;fc_samtredia;vasil_gigiadze;isaffiliatedto;sc_tavriya_simferopol;vasil_gigiadze;isaffiliatedto;fc_torpedo_kutaisi;vasil_gigiadze;isaffiliatedto;fc_elista;0.8168388;1;0.9937733;2;0.9795283;5;3.50356118319569;4.2752768993377686
vasil_gigiadze;isaffiliatedto;fc_samtredia;vasil_gigiadze;isaffiliatedto;sc_tavriya_simferopol;vasil_gigiadze;isaffiliatedto;fc_torpedo_kutaisi;vasil_gigiadze;playsfor;fc_kryvbas_kryvyi_rih;0.8168388;1;0.9937733;2;0.95734376;4;2.5091063740308384;4.265536546707153
vasil_gigiadze;isaffiliatedto;fc_samtredia;vasil_gigiadze;isaffiliatedto;sc_tavriya_simferopol;vasil_gigiadze;isaffiliatedto;fc_torpedo_kutaisi;vasil_gigiadze;playsfor;fc_naftovyk-ukrnafta_okhtyrka;0.8168388;1;0.9937733;2;0.99519944;4;2.4996434599765465;4.265134572982788
vasil_gigiadze;isaffiliatedto;fc_samtredia;vasil_gigiadze;isaffiliatedto;sc_tavriya_simferopol;vasil_gigiadze;isaffiliatedto;fc_torpedo_kutaisi;vasil_gigiadze;isaffiliatedto;fc_naftovyk-ukrnafta_okhtyrka;0.8168388;1;0.9937733;2;0.9869486;5;3.501706161433337;4.2530505657196045
vasil_gigiadze;isaffiliatedto;fc_samtredia;vasil_gigiadze;isaffiliatedto;sc_tavriya_simferopol;vasil_gigiadze;isaffiliatedto;fc_torpedo_kutaisi;vasil_gigiadze;playsfor;sc_tavriya_simferopol;0.8168388;1;0.9937733;2;0.9895836;3;1.50104741598934;4.266742944717407
vasil_gigiadze;isaffiliatedto;fc_samtredia;vasil_gigiadze;isaffiliatedto;sc_tavriya_simferopol;vasil_gigiadze;playsfor;fc_dinamo_tbilisi;vasil_gigiadze;isaffiliatedto;fc_torpedo_kutaisi;0.8168388;1;0.9937733;2;0.9813669;4;2.503101562414352;4.258580446243286
vasil_gigiadze;isaffiliatedto;fc_samtredia;vasil_gigiadze;isaffiliatedto;georgia_national_football_team;vasil_gigiadze;isaffiliatedto;sc_tavriya_simferopol;vasil_gigiadze;isaffiliatedto;fc_torpedo_kutaisi;0.8168388;1;0.9937733;2;0.97071475;4;2.505764378011344;4.245395660400391
vasil_gigiadze;isaffiliatedto;fc_samtredia;vasil_gigiadze;isaffiliatedto;sc_tavriya_simferopol;vasil_gigiadze;isaffiliatedto;fc_torpedo_kutaisi;vasil_gigiadze;isaffiliatedto;fc_kryvbas_kryvyi_rih;0.8168388;1;0.9937733;2;0.98326856;4;2.5026261564993266;4.25773024559021
vasil_gigiadze;isaffiliatedto;fc_samtredia;vasil_gigiadze;isaffiliatedto;sc_tavriya_simferopol;vasil_gigiadze;isaffiliatedto;fc_torpedo_kutaisi;vasil_gigiadze;playsfor;fc_elista;0.8168388;1;0.9937733;2;0.9843671;4;2.5023515349100096;4.262202024459839
jacques_glassmann;isaffiliatedto;tours_fc;jacques_glassmann;playsfor;tours_fc;jacques_glassmann;isaffiliatedto;fc_mulhouse;jacques_glassmann;isaffiliatedto;rc_strasbourg;0.74049586;1;0.99788386;2;0.7097629;4;2.5715360568520236;3.8143551349639893
jacques_glassmann;isaffiliatedto;tours_fc;jacques_glassmann;isaffiliatedto;fc_mulhouse;jacques_glassmann;isaffiliatedto;rc_strasbourg;jacques_glassmann;isaffiliatedto;valenciennes_fc;0.74049586;1;0.99788386;2;0.9417628;4;2.5140265815432685;3.8136887550354004
jacques_glassmann;isaffiliatedto;tours_fc;jacques_glassmann;isaffiliatedto;fc_mulhouse;jacques_glassmann;isaffiliatedto;rc_strasbourg;jacques_glassmann;isaffiliatedto;tours_f.c.;0.74049586;1;0.99788386;2;0.9664366;4;2.50786116010937;3.813203811645508
jacques_glassmann;isaffiliatedto;tours_fc;jacques_glassmann;isaffiliatedto;fc_mulhouse;jacques_glassmann;isaffiliatedto;r.c._strasbourg;jacques_glassmann;isaffiliatedto;rc_strasbourg;0.74049586;1;0.99788386;2;0.9984484;2;0.4998588711060809;3.8117611408233643
jacques_glassmann;isaffiliatedto;tours_fc;jacques_glassmann;isaffiliatedto;fc_mulhouse;jacques_glassmann;isaffiliatedto;rc_strasbourg;jacques_glassmann;wasbornin;mulhouse;0.74049586;1;0.99788386;2;0.99593747;4;2.500486597265165;3.8332974910736084
jacques_glassmann;isaffiliatedto;tours_fc;jacques_glassmann;isaffiliatedto;fc_mulhouse;jacques_glassmann;isaffiliatedto;rc_strasbourg;jacques_glassmann;playsfor;fc_mulhouse;0.74049586;1;0.99788386;2;0.9984158;2;0.49986700713948123;4.060600996017456
jacques_glassmann;isaffiliatedto;tours_fc;jacques_glassmann;isaffiliatedto;fc_mulhouse;jacques_glassmann;isaffiliatedto;rc_strasbourg;jacques_glassmann;hasgender;male;0.74049586;1;0.99788386;2;0.99737704;3;1.5001267045709192;3.9704463481903076
jacques_glassmann;isaffiliatedto;tours_fc;jacques_glassmann;isaffiliatedto;valenciennes_f.c.;jacques_glassmann;isaffiliatedto;fc_mulhouse;jacques_glassmann;isaffiliatedto;rc_strasbourg;0.74049586;1;0.99788386;2;0.99309325;5;3.5011976487381418;3.940086841583252
jacques_glassmann;isaffiliatedto;tours_fc;jacques_glassmann;isaffiliatedto;fc_mulhouse;jacques_glassmann;isaffiliatedto;rc_strasbourg;jacques_glassmann;playsfor;rc_strasbourg;0.74049586;1;0.99788386;2;0.99907863;2;0.49970130625940107;3.841130495071411
jacques_glassmann;isaffiliatedto;tours_fc;jacques_glassmann;playsfor;valenciennes_fc;jacques_glassmann;isaffiliatedto;fc_mulhouse;jacques_glassmann;isaffiliatedto;rc_strasbourg;0.74049586;1;0.99788386;2;0.99607;4;2.500453457111968;3.8624370098114014
jacques_glassmann;isaffiliatedto;tours_fc;jacques_glassmann;playsfor;tours_fc;jacques_glassmann;isaffiliatedto;rc_strasbourg;jacques_glassmann;isaffiliatedto;valenciennes_fc;0.74049586;1;0.99788386;2;0.16042057;6;4.697930680347133;3.8570072650909424
jacques_glassmann;isaffiliatedto;tours_fc;jacques_glassmann;playsfor;tours_fc;jacques_glassmann;isaffiliatedto;fc_mulhouse;jacques_glassmann;isaffiliatedto;valenciennes_fc;0.74049586;1;0.99788386;2;0.29713616;5;3.66835353231508;3.8604722023010254
jacques_glassmann;isaffiliatedto;tours_fc;jacques_glassmann;playsfor;tours_fc;jacques_glassmann;isaffiliatedto;rc_strasbourg;jacques_glassmann;isaffiliatedto;tours_f.c.;0.74049586;1;0.99788386;2;4.5504253e-06;85279;85277.73064142463;3.85530424118042
baie-comeau_airport;isconnectedto;sept-îles_airport;sept-îles_airport;isconnectedto;baie-comeau_airport;baie-comeau_airport;isconnectedto;mont-joli_airport;baie-comeau_airport;isconnectedto;wabush_airport;0.92208433;1;0.99607015;2;0.9619503;5;3.5085291336828366;4.550610780715942
baie-comeau_airport;isconnectedto;sept-îles_airport;sept-îles_airport;isconnectedto;baie-comeau_airport;baie-comeau_airport;isconnectedto;montréal/saint-hubert_airport;baie-comeau_airport;isconnectedto;wabush_airport;0.92208433;1;0.99607015;2;0.94996166;5;3.511525079286887;4.7716522216796875
baie-comeau_airport;isconnectedto;sept-îles_airport;sept-îles_airport;isconnectedto;baie-comeau_airport;baie-comeau_airport;isconnectedto;québec_city_jean_lesage_international_airport;baie-comeau_airport;isconnectedto;wabush_airport;0.92208433;1;0.99607015;2;0.9729168;5;3.5057880825947785;4.45967960357666
baie-comeau_airport;isconnectedto;sept-îles_airport;sept-îles_airport;isconnectedto;baie-comeau_airport;baie-comeau_airport;isconnectedto;mont-joli_airport;baie-comeau_airport;isconnectedto;montréal/saint-hubert_airport;0.92208433;1;0.99607015;2;0.9476744;5;3.5120965773200865;4.557101011276245
baie-comeau_airport;isconnectedto;sept-îles_airport;sept-îles_airport;isconnectedto;baie-comeau_airport;baie-comeau_airport;isconnectedto;mont-joli_airport;baie-comeau_airport;isconnectedto;québec_city_jean_lesage_international_airport;0.92208433;1;0.99607015;2;0.9439189;5;3.5130348615223257;4.536655426025391
baie-comeau_airport;isconnectedto;sept-îles_airport;sept-îles_airport;isconnectedto;baie-comeau_airport;baie-comeau_airport;isconnectedto;québec_city_jean_lesage_international_airport;baie-comeau_airport;isconnectedto;montréal/saint-hubert_airport;0.92208433;1;0.99607015;2;0.95240706;6;4.510914037246051;4.56508469581604
baie-comeau_airport;isconnectedto;sept-îles_airport;baie-comeau_airport;isconnectedto;mont-joli_airport;baie-comeau_airport;isconnectedto;montréal/saint-hubert_airport;baie-comeau_airport;isconnectedto;wabush_airport;0.92208433;1;0.99607015;2;0.9729497;5;3.5057798582545057;4.532158374786377
baie-comeau_airport;isconnectedto;sept-îles_airport;baie-comeau_airport;isconnectedto;mont-joli_airport;baie-comeau_airport;isconnectedto;québec_city_jean_lesage_international_airport;baie-comeau_airport;isconnectedto;wabush_airport;0.92208433;1;0.99607015;2;0.96279603;6;4.5083177611181515;4.546673059463501
baie-comeau_airport;isconnectedto;sept-îles_airport;baie-comeau_airport;isconnectedto;québec_city_jean_lesage_international_airport;baie-comeau_airport;isconnectedto;montréal/saint-hubert_airport;baie-comeau_airport;isconnectedto;wabush_airport;0.92208433;1;0.99607015;2;0.98728395;5;3.502196536238719;4.517033338546753
baie-comeau_airport;isconnectedto;sept-îles_airport;baie-comeau_airport;isconnectedto;mont-joli_airport;baie-comeau_airport;isconnectedto;québec_city_jean_lesage_international_airport;baie-comeau_airport;isconnectedto;montréal/saint-hubert_airport;0.92208433;1;0.99607015;2;0.9768188;6;4.50481268801035;4.550335645675659
baie-comeau_airport;isconnectedto;sept-îles_airport;sept-îles_airport;isconnectedto;baie-comeau_airport;havre_saint-pierre_airport;isconnectedto;baie-comeau_airport;baie-comeau_airport;isconnectedto;wabush_airport;0.92208433;1;0.99607015;2;0.97448933;3;1.505394994445492;4.515385150909424
baie-comeau_airport;isconnectedto;sept-îles_airport;sept-îles_airport;isconnectedto;baie-comeau_airport;wabush_airport;isconnectedto;baie-comeau_airport;baie-comeau_airport;isconnectedto;wabush_airport;0.92208433;1;0.99607015;2;0.8976589;5;3.5245829786560563;4.621821880340576
baie-comeau_airport;isconnectedto;sept-îles_airport;sept-îles_airport;isconnectedto;baie-comeau_airport;montréal/saint-hubert_airport;isconnectedto;baie-comeau_airport;baie-comeau_airport;isconnectedto;wabush_airport;0.92208433;1;0.99607015;2;0.92522293;7;5.517704398588413;4.65152382850647
gujarat;islocatedin;gandhinagar;gujarat;islocatedin;india;western_ghats;islocatedin;gujarat;banaskantha_district;islocatedin;gujarat;0.5957318;1;0.7083182;2;0.45962265;3;1.561855398526009;6.578430652618408
gujarat;islocatedin;gandhinagar;western_ghats;islocatedin;gujarat;junagadh_district;islocatedin;gujarat;banaskantha_district;islocatedin;gujarat;0.5957318;1;0.7083182;2;0.62088937;2;0.5218432900199923;7.443106412887573
gujarat;islocatedin;gandhinagar;gujarat;islocatedin;india;junagadh_district;islocatedin;gujarat;banaskantha_district;islocatedin;gujarat;0.5957318;1;0.7083182;2;0.3901497;2;0.5788778274037745;6.223630428314209
gujarat;islocatedin;gandhinagar;western_ghats;islocatedin;gujarat;bhavnagar;islocatedin;gujarat;banaskantha_district;islocatedin;gujarat;0.5957318;1;0.7083182;2;0.59557444;2;0.5281561154280108;7.097047567367554
gujarat;islocatedin;gandhinagar;gujarat;islocatedin;india;western_ghats;islocatedin;gujarat;junagadh_district;islocatedin;gujarat;0.5957318;1;0.7083182;2;0.4713902;2;0.5589564614404811;6.71271014213562
gujarat;islocatedin;gandhinagar;gujarat;islocatedin;india;bhavnagar;islocatedin;gujarat;banaskantha_district;islocatedin;gujarat;0.5957318;1;0.7083182;2;0.34230185;2;0.5904960333446789;6.60136866569519
gujarat;islocatedin;gandhinagar;western_ghats;islocatedin;gujarat;vadodara_district;islocatedin;gujarat;banaskantha_district;islocatedin;gujarat;0.5957318;1;0.7083182;2;0.62135875;2;0.5217261661349742;6.640766382217407
gujarat;islocatedin;gandhinagar;junagadh_district;islocatedin;gujarat;bhavnagar;islocatedin;gujarat;banaskantha_district;islocatedin;gujarat;0.5957318;1;0.7083182;2;0.6304905;2;0.5194471078285958;6.58651328086853
gujarat;islocatedin;gandhinagar;gujarat;islocatedin;india;vadodara_district;islocatedin;gujarat;banaskantha_district;islocatedin;gujarat;0.5957318;1;0.7083182;2;0.32621843;2;0.5943794365480478;6.633553981781006
gujarat;islocatedin;gandhinagar;gujarat;islocatedin;india;western_ghats;islocatedin;gujarat;bhavnagar;islocatedin;gujarat;0.5957318;1;0.7083182;2;0.5147003;2;0.5482538197222528;6.826870918273926
gujarat;islocatedin;gandhinagar;vadodara_district;islocatedin;gujarat;junagadh_district;islocatedin;gujarat;banaskantha_district;islocatedin;gujarat;0.5957318;1;0.7083182;2;0.70975167;2;0.49964162713465626;6.572517156600952
järva_county;islocatedin;paide;järva_county;hascapital;paide;paide;islocatedin;järva_county;koigi_parish;islocatedin;järva_county;0.5622096;1;0.7373545;2;0.02912338;8;6.670010191122127;3.9106595516204834
paíto;playsfor;sporting_clube_de_portugal;paíto;isaffiliatedto;sporting_clube_de_portugal;paíto;playsfor;s.c._braga;paíto;playsfor;sporting_clube_de_portugal_b;0.8967926;1;0.98810554;2;0.08866;7;5.71083554631481;4.535876274108887
carlos_trucco;playsfor;oriente_petrolero;carlos_trucco;isaffiliatedto;oriente_petrolero;carlos_trucco;hasgender;male;carlos_trucco;playsfor;c.f._pachuca;0.9345929;1;0.9968362;2;0.8759555;3;1.530183421111658;4.452892780303955
carlos_trucco;playsfor;oriente_petrolero;carlos_trucco;isaffiliatedto;oriente_petrolero;carlos_trucco;playsfor;c.f._pachuca;carlos_trucco;isaffiliatedto;c.f._pachuca;0.9345929;1;0.9968362;2;0.9118197;2;0.5212413297851954;4.4923787117004395
carlos_trucco;playsfor;oriente_petrolero;carlos_trucco;isaffiliatedto;oriente_petrolero;carlos_trucco;isaffiliatedto;deportivo_cali;carlos_trucco;playsfor;c.f._pachuca;0.9345929;1;0.9968362;2;0.92068076;3;1.5190296598066975;4.502734661102295
carlos_trucco;playsfor;oriente_petrolero;carlos_trucco;isaffiliatedto;oriente_petrolero;carlos_trucco;playsfor;c.f._pachuca;carlos_trucco;isaffiliatedto;club_atlético_vélez_sarsfield;0.9345929;1;0.9968362;2;0.98022926;3;1.504151636314957;4.458846092224121
carlos_trucco;playsfor;oriente_petrolero;carlos_trucco;isaffiliatedto;oriente_petrolero;carlos_trucco;isaffiliatedto;bolivia_national_football_team;carlos_trucco;playsfor;c.f._pachuca;0.9345929;1;0.9968362;2;0.84422415;3;1.5380791296846645;4.386903285980225
carlos_trucco;playsfor;oriente_petrolero;carlos_trucco;isaffiliatedto;oriente_petrolero;carlos_trucco;isaffiliatedto;unión_de_santa_fe;carlos_trucco;playsfor;c.f._pachuca;0.9345929;1;0.9968362;2;0.9027379;3;1.5235072246811905;4.36815881729126
carlos_trucco;playsfor;oriente_petrolero;carlos_trucco;isaffiliatedto;oriente_petrolero;carlos_trucco;playsfor;estudiantes_de_río_cuarto;carlos_trucco;playsfor;c.f._pachuca;0.9345929;1;0.9968362;2;0.9506322;4;2.5115489382375977;4.347347736358643
carlos_trucco;playsfor;oriente_petrolero;carlos_trucco;isaffiliatedto;oriente_petrolero;carlos_trucco;playsfor;unión_de_santa_fe;carlos_trucco;playsfor;c.f._pachuca;0.9345929;1;0.9968362;2;0.866009;4;2.532660226707679;4.339902639389038
carlos_trucco;playsfor;oriente_petrolero;carlos_trucco;isaffiliatedto;oriente_petrolero;carlos_trucco;isaffiliatedto;estudiantes_de_río_cuarto;carlos_trucco;playsfor;c.f._pachuca;0.9345929;1;0.9968362;2;0.9279716;3;1.5172093454954854;4.341312408447266
carlos_trucco;playsfor;oriente_petrolero;carlos_trucco;isaffiliatedto;oriente_petrolero;carlos_trucco;playsfor;bolivia_national_football_team;carlos_trucco;playsfor;c.f._pachuca;0.9345929;1;0.9968362;2;0.8123074;5;3.5460017327976017;4.344726324081421
carlos_trucco;playsfor;oriente_petrolero;carlos_trucco;isaffiliatedto;oriente_petrolero;carlos_trucco;playsfor;club_destroyers;carlos_trucco;playsfor;c.f._pachuca;0.9345929;1;0.9968362;2;0.87056565;4;2.5315257564073113;4.339682102203369
carlos_trucco;playsfor;oriente_petrolero;carlos_trucco;isaffiliatedto;oriente_petrolero;carlos_trucco;isaffiliatedto;club_bolívar;carlos_trucco;playsfor;c.f._pachuca;0.9345929;1;0.9968362;2;0.79913014;4;2.549266140449479;4.320597171783447
evgheni_hmaruc;playsfor;fc_dinamo-auto_tiraspol;evgheni_hmaruc;isaffiliatedto;fc_dinamo-auto_tiraspol;evgheni_hmaruc;playsfor;fc_rapid_ghidighici;evgheni_hmaruc;isaffiliatedto;fc_dynamo_saint_petersburg;0.6816587;1;0.9241256;2;0.70009816;4;2.5557737926120216;5.500630140304565
evgheni_hmaruc;playsfor;fc_dinamo-auto_tiraspol;evgheni_hmaruc;playsfor;moldova_national_under-21_football_team;evgheni_hmaruc;playsfor;fc_rapid_ghidighici;evgheni_hmaruc;isaffiliatedto;fc_dynamo_saint_petersburg;0.6816587;1;0.9241256;2;0.83679587;4;2.521818571502444;5.3796446323394775
evgheni_hmaruc;playsfor;fc_dinamo-auto_tiraspol;evgheni_hmaruc;playsfor;fc_rapid_ghidighici;evgheni_hmaruc;playsfor;fc_nistru_otaci;evgheni_hmaruc;isaffiliatedto;fc_dynamo_saint_petersburg;0.6816587;1;0.9241256;2;0.8144718;4;2.527386022420595;5.399889945983887
evgheni_hmaruc;playsfor;fc_dinamo-auto_tiraspol;evgheni_hmaruc;isaffiliatedto;fc_dinamo-auto_tiraspol;evgheni_hmaruc;playsfor;moldova_national_under-21_football_team;evgheni_hmaruc;playsfor;fc_rapid_ghidighici;0.6816587;1;0.9241256;2;0.8135159;5;3.5276242691835122;5.2489752769470215
evgheni_hmaruc;playsfor;fc_dinamo-auto_tiraspol;evgheni_hmaruc;isaffiliatedto;fc_dinamo-auto_tiraspol;evgheni_hmaruc;playsfor;fc_rapid_ghidighici;evgheni_hmaruc;playsfor;fc_nistru_otaci;0.6816587;1;0.9241256;2;0.8205152;5;3.5258794516649803;5.2506561279296875
evgheni_hmaruc;playsfor;fc_dinamo-auto_tiraspol;evgheni_hmaruc;playsfor;fc_chernomorets_novorossiysk;evgheni_hmaruc;playsfor;fc_rapid_ghidighici;evgheni_hmaruc;isaffiliatedto;fc_dynamo_saint_petersburg;0.6816587;1;0.9241256;2;0.87845707;4;2.511415151696875;5.235152006149292
evgheni_hmaruc;playsfor;fc_dinamo-auto_tiraspol;evgheni_hmaruc;isaffiliatedto;fc_dinamo-auto_tiraspol;evgheni_hmaruc;playsfor;moldova_national_under-21_football_team;evgheni_hmaruc;isaffiliatedto;fc_dynamo_saint_petersburg;0.6816587;1;0.9241256;2;0.63603246;5;3.571529240441098;5.764768362045288
evgheni_hmaruc;playsfor;fc_dinamo-auto_tiraspol;evgheni_hmaruc;playsfor;fc_tiraspol;evgheni_hmaruc;playsfor;fc_rapid_ghidighici;evgheni_hmaruc;isaffiliatedto;fc_dynamo_saint_petersburg;0.6816587;1;0.9241256;2;0.9138269;4;2.50257465947924;5.6370344161987305
evgheni_hmaruc;playsfor;fc_dinamo-auto_tiraspol;evgheni_hmaruc;isaffiliatedto;fc_dinamo-auto_tiraspol;evgheni_hmaruc;playsfor;fc_nistru_otaci;evgheni_hmaruc;isaffiliatedto;fc_dynamo_saint_petersburg;0.6816587;1;0.9241256;2;0.7780148;4;2.5364628626682597;5.838249921798706
evgheni_hmaruc;playsfor;fc_dinamo-auto_tiraspol;evgheni_hmaruc;playsfor;moldova_national_under-21_football_team;evgheni_hmaruc;playsfor;fc_rapid_ghidighici;evgheni_hmaruc;playsfor;fc_nistru_otaci;0.6816587;1;0.9241256;2;0.7869024;5;3.5342520651115024;5.745323419570923
evgheni_hmaruc;playsfor;fc_dinamo-auto_tiraspol;evgheni_hmaruc;isaffiliatedto;fc_dinamo-auto_tiraspol;evgheni_hmaruc;playsfor;fc_chernomorets_novorossiysk;evgheni_hmaruc;playsfor;fc_rapid_ghidighici;0.6816587;1;0.9241256;2;0.72177696;5;3.5504152586881323;5.865391731262207
evgheni_hmaruc;playsfor;fc_dinamo-auto_tiraspol;evgheni_hmaruc;isaffiliatedto;fc_dinamo-auto_tiraspol;evgheni_hmaruc;playsfor;fc_tiraspol;evgheni_hmaruc;playsfor;fc_rapid_ghidighici;0.6816587;1;0.9241256;2;0.7797409;5;3.5360335931150444;5.758261203765869
evgheni_hmaruc;playsfor;fc_dinamo-auto_tiraspol;evgheni_hmaruc;playsfor;moldova_national_football_team;evgheni_hmaruc;playsfor;fc_rapid_ghidighici;evgheni_hmaruc;isaffiliatedto;fc_dynamo_saint_petersburg;0.6816587;1;0.9241256;2;0.8463525;5;3.5194334789988377;5.5456013679504395
evgheni_hmaruc;playsfor;fc_dinamo-auto_tiraspol;evgheni_hmaruc;playsfor;moldova_national_under-21_football_team;evgheni_hmaruc;playsfor;fc_nistru_otaci;evgheni_hmaruc;isaffiliatedto;fc_dynamo_saint_petersburg;0.6816587;1;0.9241256;2;0.8546495;5;3.517362048681756;5.2694151401519775
evgheni_hmaruc;playsfor;fc_dinamo-auto_tiraspol;evgheni_hmaruc;playsfor;fc_rapid_ghidighici;evgheni_hmaruc;isaffiliatedto;fc_dynamo_saint_petersburg;evgheni_hmaruc;playsfor;cs_tiligul-tiras_tiraspol;0.6816587;1;0.9241256;2;0.96272355;4;2.4903517124563708;4.92242693901062
terry_boss;playsfor;cascade_surge;terry_boss;isaffiliatedto;cascade_surge;terry_boss;playsfor;vermont_voltage;terry_boss;playsfor;fort_wayne_fever;0.8830545;1;0.9292485;2;0.31053048;4;2.64992692795341;4.5749688148498535
terry_boss;playsfor;cascade_surge;terry_boss;isaffiliatedto;cascade_surge;terry_boss;playsfor;tulsa_golden_hurricane_men's_soccer;terry_boss;playsfor;vermont_voltage;0.8830545;1;0.9292485;2;0.3760113;5;3.634886319463482;4.580251932144165
terry_boss;playsfor;cascade_surge;terry_boss;isaffiliatedto;cascade_surge;terry_boss;playsfor;vermont_voltage;terry_boss;playsfor;charlotte_eagles;0.8830545;1;0.9292485;2;0.53303635;4;2.5977772517564475;4.635113000869751
terry_boss;playsfor;cascade_surge;terry_boss;isaffiliatedto;cascade_surge;terry_boss;playsfor;vermont_voltage;terry_boss;playsfor;seattle_sounders_fc;0.8830545;1;0.9292485;2;0.63004184;4;2.574248570257508;4.474908828735352
terry_boss;playsfor;cascade_surge;terry_boss;isaffiliatedto;cascade_surge;terry_boss;playsfor;vermont_voltage;terry_boss;playsfor;puerto_rico_national_football_team;0.8830545;1;0.9292485;2;0.32085475;5;3.6475743164789063;4.577294826507568
terry_boss;playsfor;cascade_surge;terry_boss;isaffiliatedto;cascade_surge;terry_boss;playsfor;puerto_rico_islanders;terry_boss;playsfor;vermont_voltage;0.8830545;1;0.9292485;2;0.32914633;4;2.645679684470651;4.5722880363464355
terry_boss;playsfor;cascade_surge;terry_boss;isaffiliatedto;cascade_surge;terry_boss;playsfor;vermont_voltage;terry_boss;playsfor;new_york_red_bulls;0.8830545;1;0.9292485;2;0.5781809;4;2.5868764458122726;4.594236612319946
terry_boss;playsfor;cascade_surge;terry_boss;isaffiliatedto;cascade_surge;terry_boss;playsfor;tulsa_golden_hurricane_men's_soccer;terry_boss;playsfor;fort_wayne_fever;0.8830545;1;0.9292485;2;0.26952848;4;2.659197501731245;4.606563091278076
terry_boss;playsfor;cascade_surge;terry_boss;isaffiliatedto;cascade_surge;terry_boss;playsfor;charlotte_eagles;terry_boss;playsfor;fort_wayne_fever;0.8830545;1;0.9292485;2;0.31260142;5;3.6494556057877414;4.585755825042725
terry_boss;playsfor;cascade_surge;terry_boss;isaffiliatedto;cascade_surge;terry_boss;playsfor;seattle_sounders_fc;terry_boss;playsfor;fort_wayne_fever;0.8830545;1;0.9292485;2;0.32779273;4;2.6459893014118223;4.589678764343262
terry_boss;playsfor;cascade_surge;terry_boss;isaffiliatedto;cascade_surge;terry_boss;playsfor;fort_wayne_fever;terry_boss;playsfor;puerto_rico_national_football_team;0.8830545;1;0.9292485;2;0.45752624;4;2.6157913146984915;4.604082345962524
terry_boss;playsfor;cascade_surge;terry_boss;isaffiliatedto;cascade_surge;terry_boss;playsfor;puerto_rico_islanders;terry_boss;playsfor;fort_wayne_fever;0.8830545;1;0.9292485;2;0.30704314;5;3.650719960740819;4.606692790985107
terry_boss;playsfor;cascade_surge;terry_boss;isaffiliatedto;cascade_surge;terry_boss;playsfor;fort_wayne_fever;terry_boss;playsfor;new_york_red_bulls;0.8830545;1;0.9292485;2;0.45045263;4;2.6174635005071023;4.561177492141724
terry_boss;playsfor;cascade_surge;terry_boss;isaffiliatedto;cascade_surge;terry_boss;playsfor;tulsa_golden_hurricane_men's_soccer;terry_boss;playsfor;charlotte_eagles;0.8830545;1;0.9292485;2;0.27786353;7;5.657322490018955;4.4846272468566895
patrick_mayo;playsfor;bay_united_f.c.;patrick_mayo;isaffiliatedto;bay_united_f.c.;patrick_mayo;playsfor;bush_bucks_f.c._(1957);patrick_mayo;playsfor;south_africa_national_football_team;0.768306;1;0.97065735;2;0.314703;5;3.6583510070766527;3.4687883853912354
patrick_mayo;playsfor;bay_united_f.c.;patrick_mayo;isaffiliatedto;bay_united_f.c.;patrick_mayo;playsfor;supersport_united_f.c.;patrick_mayo;playsfor;bush_bucks_f.c._(1957);0.768306;1;0.97065735;2;0.65275663;5;3.578812555835973;3.3147201538085938
patrick_mayo;playsfor;bay_united_f.c.;patrick_mayo;isaffiliatedto;bay_united_f.c.;patrick_mayo;playsfor;supersport_united_f.c.;patrick_mayo;playsfor;south_africa_national_football_team;0.768306;1;0.97065735;2;0.73918396;4;2.5576113416915214;3.3603622913360596
patrick_mayo;playsfor;bay_united_f.c.;patrick_mayo;isaffiliatedto;bay_united_f.c.;patrick_mayo;playsfor;bush_bucks_f.c._(1957);patrick_mayo;playsfor;kaizer_chiefs_f.c.;0.768306;1;0.97065735;2;0.34934145;5;3.6505177695002584;3.359391927719116
patrick_mayo;playsfor;bay_united_f.c.;patrick_mayo;isaffiliatedto;bay_united_f.c.;patrick_mayo;playsfor;bush_bucks_f.c._(1957);patrick_mayo;playsfor;thanda_royal_zulu_f.c.;0.768306;1;0.97065735;2;0.4854568;4;2.618975155600466;3.3481483459472656
patrick_mayo;playsfor;bay_united_f.c.;patrick_mayo;isaffiliatedto;bay_united_f.c.;patrick_mayo;playsfor;south_africa_national_football_team;patrick_mayo;playsfor;kaizer_chiefs_f.c.;0.768306;1;0.97065735;2;0.4159192;5;3.6352341809903876;3.345696449279785
patrick_mayo;playsfor;bay_united_f.c.;patrick_mayo;isaffiliatedto;bay_united_f.c.;patrick_mayo;playsfor;thanda_royal_zulu_f.c.;patrick_mayo;playsfor;south_africa_national_football_team;0.768306;1;0.97065735;2;0.60037243;4;2.5915278221399833;3.341022253036499
patrick_mayo;playsfor;bay_united_f.c.;patrick_mayo;isaffiliatedto;bay_united_f.c.;patrick_mayo;playsfor;supersport_united_f.c.;patrick_mayo;playsfor;kaizer_chiefs_f.c.;0.768306;1;0.97065735;2;0.76729596;4;2.550665857415621;3.3427703380584717
patrick_mayo;playsfor;bay_united_f.c.;patrick_mayo;isaffiliatedto;bay_united_f.c.;patrick_mayo;playsfor;supersport_united_f.c.;patrick_mayo;playsfor;thanda_royal_zulu_f.c.;0.768306;1;0.97065735;2;0.793698;4;2.544124748241184;3.193959951400757
patrick_mayo;playsfor;bay_united_f.c.;patrick_mayo;isaffiliatedto;bay_united_f.c.;patrick_mayo;playsfor;thanda_royal_zulu_f.c.;patrick_mayo;playsfor;kaizer_chiefs_f.c.;0.768306;1;0.97065735;2;0.46744776;5;3.6232132999903652;3.219313144683838
patrick_mayo;playsfor;bay_united_f.c.;patrick_mayo;playsfor;supersport_united_f.c.;patrick_mayo;playsfor;bush_bucks_f.c._(1957);patrick_mayo;playsfor;south_africa_national_football_team;0.768306;1;0.97065735;2;0.96980774;4;2.5002124011388807;3.2540764808654785
patrick_mayo;playsfor;bay_united_f.c.;patrick_mayo;playsfor;bush_bucks_f.c._(1957);patrick_mayo;playsfor;south_africa_national_football_team;patrick_mayo;playsfor;kaizer_chiefs_f.c.;0.768306;1;0.97065735;2;0.974649;5;3.4990020854610213;3.3582828044891357
patrick_mayo;playsfor;bay_united_f.c.;patrick_mayo;playsfor;bush_bucks_f.c._(1957);patrick_mayo;playsfor;thanda_royal_zulu_f.c.;patrick_mayo;playsfor;south_africa_national_football_team;0.768306;1;0.97065735;2;0.978779;5;3.497969593837597;3.3569631576538086
patrick_mayo;playsfor;bay_united_f.c.;patrick_mayo;playsfor;supersport_united_f.c.;patrick_mayo;playsfor;bush_bucks_f.c._(1957);patrick_mayo;playsfor;kaizer_chiefs_f.c.;0.768306;1;0.97065735;2;0.985473;4;2.496296160617878;3.3585124015808105
patrick_mayo;playsfor;bay_united_f.c.;patrick_mayo;playsfor;supersport_united_f.c.;patrick_mayo;playsfor;bush_bucks_f.c._(1957);patrick_mayo;playsfor;thanda_royal_zulu_f.c.;0.768306;1;0.97065735;2;0.97915834;5;3.4978747644857138;3.3613314628601074
patrick_mayo;playsfor;bay_united_f.c.;patrick_mayo;playsfor;supersport_united_f.c.;patrick_mayo;playsfor;south_africa_national_football_team;patrick_mayo;playsfor;kaizer_chiefs_f.c.;0.768306;1;0.97065735;2;0.9803854;5;3.497568000660963;3.3622848987579346
patrick_mayo;playsfor;bay_united_f.c.;patrick_mayo;playsfor;supersport_united_f.c.;patrick_mayo;playsfor;thanda_royal_zulu_f.c.;patrick_mayo;playsfor;south_africa_national_football_team;0.768306;1;0.97065735;2;0.98549193;5;3.4962914223089743;3.3677666187286377
leonard_eugene_dickson;worksat;university_of_chicago;leonard_eugene_dickson;graduatedfrom;university_of_chicago;leonard_eugene_dickson;hasacademicadvisor;e._h._moore;leonard_eugene_dickson;wasbornin;independence_iowa;0.9911669;1;0.9974227;2;0.58452314;2;0.6017829332361705;3.2878799438476562
leonard_eugene_dickson;worksat;university_of_chicago;leonard_eugene_dickson;graduatedfrom;university_of_chicago;abraham_adrian_albert;hasacademicadvisor;leonard_eugene_dickson;leonard_eugene_dickson;wasbornin;independence_iowa;0.9911669;1;0.9974227;2;0.9635121;2;0.5084768308364399;3.3907477855682373
leonard_eugene_dickson;worksat;university_of_chicago;leonard_eugene_dickson;graduatedfrom;university_of_chicago;abraham_adrian_albert;hasacademicadvisor;leonard_eugene_dickson;leonard_eugene_dickson;hasacademicadvisor;e._h._moore;0.9911669;1;0.9974227;2;0.91672575;2;0.5201632943515563;3.3856778144836426
leonard_eugene_dickson;worksat;university_of_chicago;leonard_eugene_dickson;graduatedfrom;university_of_chicago;alexander_oppenheim;hasacademicadvisor;leonard_eugene_dickson;leonard_eugene_dickson;wasbornin;independence_iowa;0.9911669;1;0.9974227;2;0.85561234;2;0.5353932954754258;3.407437801361084
leonard_eugene_dickson;worksat;university_of_chicago;leonard_eugene_dickson;graduatedfrom;university_of_chicago;leonard_eugene_dickson;wasbornin;independence_iowa;leonard_eugene_dickson;haswonprize;newcomb_cleveland_prize;0.9911669;1;0.9974227;2;0.49825564;2;0.6222635660522183;3.306419849395752
leonard_eugene_dickson;worksat;university_of_chicago;leonard_eugene_dickson;graduatedfrom;university_of_chicago;leonard_eugene_dickson;iscitizenof;united_states;leonard_eugene_dickson;wasbornin;independence_iowa;0.9911669;1;0.9974227;2;0.42508984;3;1.6393012957557687;3.303276777267456
leonard_eugene_dickson;worksat;university_of_chicago;leonard_eugene_dickson;graduatedfrom;university_of_chicago;leonard_eugene_dickson;hasacademicadvisor;e._h._moore;alexander_oppenheim;hasacademicadvisor;leonard_eugene_dickson;0.9911669;1;0.9974227;2;0.8016799;2;0.5487800442681879;3.4069807529449463
leonard_eugene_dickson;worksat;university_of_chicago;leonard_eugene_dickson;graduatedfrom;university_of_chicago;leonard_eugene_dickson;wasbornin;independence_iowa;leonard_eugene_dickson;hasgender;male;0.9911669;1;0.9974227;2;0.9818797;2;0.5038856677761346;3.3494184017181396
leonard_eugene_dickson;worksat;university_of_chicago;leonard_eugene_dickson;graduatedfrom;university_of_chicago;leonard_eugene_dickson;diedin;harlingen_texas;leonard_eugene_dickson;wasbornin;independence_iowa;0.9911669;1;0.9974227;2;0.95588565;2;0.5103827688457657;3.313096046447754
leonard_eugene_dickson;worksat;university_of_chicago;leonard_eugene_dickson;graduatedfrom;university_of_chicago;leonard_eugene_dickson;hasacademicadvisor;e._h._moore;leonard_eugene_dickson;haswonprize;newcomb_cleveland_prize;0.9911669;1;0.9974227;2;0.7799793;2;0.5541476703821855;3.3157124519348145
leonard_eugene_dickson;worksat;university_of_chicago;leonard_eugene_dickson;graduatedfrom;university_of_chicago;leonard_eugene_dickson;iscitizenof;united_states;leonard_eugene_dickson;hasacademicadvisor;e._h._moore;0.9911669;1;0.9974227;2;0.7635866;2;0.5581941020726344;3.312572479248047
