/m/07z2lx;/award/award_category/category_of;/m/0gcf2r;/m/0bxtg;/award/award_nominee/award_nominations./award/award_nomination/award;/m/07z2lx;/m/07z2lx;/award/award_category/winners./award/award_honor/ceremony;/m/05c1t6z;/m/07z2lx;/award/award_category/nominees./award/award_nomination/nominated_for;/m/0ddd0gc;/m/02py4c8;/award/award_winning_work/awards_won./award/award_honor/award;/m/07z2lx;8.901481;7.835369;1;1
/m/0fm3kw;/award/award_category/disciplines_or_subjects;/m/02vxn;/m/0fm3kw;/award/award_category/disciplines_or_subjects;/m/0w7c;/m/0fm3kw;/award/award_category/nominees./award/award_nomination/nominated_for;/m/0gpx6;/m/0fm3kw;/award/award_category/nominees./award/award_nomination/nominated_for;/m/02vr3gz;/m/0gpx6;/award/award_winning_work/awards_won./award/award_honor/award;/m/0fm3kw;7.5022554;6.373227;1;1
/m/0fm3b5;/award/award_category/nominees./award/award_nomination/nominated_for;/m/06823p;/m/0fm3b5;/award/award_category/nominees./award/award_nomination/nominated_for;/m/0gpx6;/m/0fm3b5;/award/award_category/nominees./award/award_nomination/nominated_for;/m/0cvkv5;/m/0fm3b5;/award/award_category/nominees./award/award_nomination/nominated_for;/m/091z_p;/m/0fm3b5;/award/award_category/nominees./award/award_nomination/nominated_for;/m/040rmy;6.280915;5.776377;1;5
/m/0fbtbt;/award/award_category/nominees./award/award_nomination/nominated_for;/m/039fgy;/m/0fbtbt;/award/award_category/nominees./award/award_nomination/nominated_for;/m/015ppk;/m/0fbtbt;/award/award_category/nominees./award/award_nomination/nominated_for;/m/030p35;/m/0fbtbt;/award/award_category/nominees./award/award_nomination/nominated_for;/m/01cvtf;/m/0fbtbt;/award/award_category/nominees./award/award_nomination/nominated_for;/m/05lfwd;6.4939213;6.488799;1;3
/m/0gs96;/award/award_category/winners./award/award_honor/ceremony;/m/05qb8vx;/m/0gs96;/award/award_category/winners./award/award_honor/ceremony;/m/02pgky2;/m/0gs96;/award/award_category/winners./award/award_honor/ceremony;/m/0gmdkyy;/m/0gs96;/award/award_category/winners./award/award_honor/ceremony;/m/02yv_b;/m/0gs96;/award/award_category/winners./award/award_honor/ceremony;/m/050yyb;6.310187;6.4641323;1;5
/m/0257__;/award/award_category/winners./award/award_honor/ceremony;/m/02rjjll;/m/0257__;/award/award_category/winners./award/award_honor/ceremony;/m/02cg41;/m/0257__;/award/award_category/winners./award/award_honor/ceremony;/m/019bk0;/m/0257__;/award/award_category/winners./award/award_honor/ceremony;/m/09n4nb;/m/0257__;/award/award_category/winners./award/award_honor/ceremony;/m/05pd94v;6.7829776;6.273601;1;5
/m/01c92g;/award/award_category/winners./award/award_honor/ceremony;/m/01mhwk;/m/01c92g;/award/award_category/winners./award/award_honor/ceremony;/m/01mh_q;/m/01c92g;/award/award_category/winners./award/award_honor/ceremony;/m/01bx35;/m/01c92g;/award/award_category/winners./award/award_honor/ceremony;/m/02cg41;/m/01c92g;/award/award_category/winners./award/award_honor/ceremony;/m/013b2h;6.28211;6.1265993;1;4
/m/023vrq;/award/award_category/winners./award/award_honor/ceremony;/m/056878;/m/023vrq;/award/award_category/winners./award/award_honor/ceremony;/m/09n4nb;/m/023vrq;/award/award_category/winners./award/award_honor/ceremony;/m/0gpjbt;/m/023vrq;/award/award_category/winners./award/award_honor/ceremony;/m/02rjjll;/m/023vrq;/award/award_category/winners./award/award_honor/ceremony;/m/05pd94v;6.769189;6.596655;1;4
/m/0gq_d;/award/award_category/winners./award/award_honor/ceremony;/m/073hmq;/m/0gq_d;/award/award_category/winners./award/award_honor/ceremony;/m/0bzjgq;/m/0gq_d;/award/award_category/winners./award/award_honor/ceremony;/m/0bzm__;/m/0gq_d;/award/award_category/winners./award/award_honor/ceremony;/m/0bc773;/m/0gq_d;/award/award_category/winners./award/award_honor/ceremony;/m/02yv_b;6.5318217;6.428258;1;5
/m/03nc9d;/award/award_category/winners./award/award_honor/ceremony;/m/09n4nb;/m/03nc9d;/award/award_category/winners./award/award_honor/ceremony;/m/019bk0;/m/03nc9d;/award/award_category/winners./award/award_honor/ceremony;/m/02cg41;/m/03nc9d;/award/award_category/winners./award/award_honor/ceremony;/m/0gpjbt;/m/03nc9d;/award/award_category/winners./award/award_honor/ceremony;/m/013b2h;6.95832;6.6345806;1;6
/m/02gx2k;/award/award_category/winners./award/award_honor/ceremony;/m/0gpjbt;/m/02gx2k;/award/award_category/winners./award/award_honor/ceremony;/m/02rjjll;/m/02gx2k;/award/award_category/winners./award/award_honor/ceremony;/m/01s695;/m/02gx2k;/award/award_category/winners./award/award_honor/ceremony;/m/09n4nb;/m/02gx2k;/award/award_category/winners./award/award_honor/ceremony;/m/013b2h;7.1025677;6.755086;1;5
/m/019bnn;/award/award_category/winners./award/award_honor/ceremony;/m/09n4nb;/m/019bnn;/award/award_category/winners./award/award_honor/ceremony;/m/056878;/m/019bnn;/award/award_category/winners./award/award_honor/ceremony;/m/0gpjbt;/m/019bnn;/award/award_category/winners./award/award_honor/ceremony;/m/02rjjll;/m/019bnn;/award/award_category/winners./award/award_honor/ceremony;/m/0466p0j;6.369121;5.4171786;1;7
/m/0gqzz;/award/award_category/winners./award/award_honor/ceremony;/m/04110lv;/m/0gqzz;/award/award_category/winners./award/award_honor/ceremony;/m/02pgky2;/m/0gqzz;/award/award_category/winners./award/award_honor/ceremony;/m/0n8_m93;/m/0gqzz;/award/award_category/winners./award/award_honor/ceremony;/m/02glmx;/m/0gqzz;/award/award_category/winners./award/award_honor/ceremony;/m/02hn5v;6.0465775;5.701805;1;3
/m/0bzkgg;/award/award_ceremony/awards_presented./award/award_honor/honored_for;/m/01jc6q;/m/0gqwc;/award/award_category/winners./award/award_honor/ceremony;/m/0bzkgg;/m/0bzkgg;/award/award_ceremony/awards_presented./award/award_honor/award_winner;/m/02t__l;/m/0bzkgg;/award/award_ceremony/awards_presented./award/award_honor/award_winner;/m/0jf1b;/m/0bzkgg;/award/award_ceremony/awards_presented./award/award_honor/award_winner;/m/01p7b6b;9.541165;7.9251156;1;1
/m/0bxs_d;/award/award_ceremony/awards_presented./award/award_honor/honored_for;/m/015g28;/m/0bxs_d;/award/award_ceremony/awards_presented./award/award_honor/honored_for;/m/0g60z;/m/0bxs_d;/award/award_ceremony/awards_presented./award/award_honor/honored_for;/m/01g03q;/m/0bxs_d;/award/award_ceremony/awards_presented./award/award_honor/honored_for;/m/030cx;/m/0bxs_d;/award/award_ceremony/awards_presented./award/award_honor/honored_for;/m/0l76z;7.291349;6.888401;1;3
/m/0f502;/award/award_nominee/award_nominations./award/award_nomination/award;/m/09sb52;/m/0f502;/award/award_nominee/award_nominations./award/award_nomination/award;/m/05pcn59;/m/0f502;/award/award_nominee/award_nominations./award/award_nomination/award;/m/05ztrmj;/m/0f502;/award/award_nominee/award_nominations./award/award_nomination/award;/m/04kxsb;/m/0f502;/award/award_nominee/award_nominations./award/award_nomination/award;/m/09qv_s;6.396143;6.274454;1;1
/m/015bwt;/award/award_nominee/award_nominations./award/award_nomination/award;/m/01d38g;/m/015bwt;/award/award_nominee/award_nominations./award/award_nomination/award;/m/031b3h;/m/031b3h;/award/award_category/winners./award/award_honor/award_winner;/m/015bwt;/m/015bwt;/award/award_nominee/award_nominations./award/award_nomination/award;/m/01c427;/m/0gywn;/music/genre/artists;/m/015bwt;7.0548368;5.8001184;1;4
/m/07xr3w;/award/award_nominee/award_nominations./award/award_nomination/award;/m/0gr0m;/m/025scjj;/film/film/cinematography;/m/07xr3w;/m/07xr3w;/people/person/gender;/m/05zppz;/m/07xr3w;/people/person/profession;/m/0dgd_;/m/05sbv3;/award/award_winning_work/awards_won./award/award_honor/award_winner;/m/07xr3w;7.382904;6.472729;1;1
/m/05txrz;/award/award_nominee/award_nominations./award/award_nomination/award;/m/05zvj3m;/m/05txrz;/award/award_nominee/award_nominations./award/award_nomination/award;/m/05zr6wv;/m/05txrz;/film/actor/film./film/performance/film;/m/047svrl;/m/05txrz;/film/actor/film./film/performance/film;/m/09146g;/m/05txrz;/people/person/places_lived./people/place_lived/location;/m/030qb3t;6.519089;5.828526;1;1
/m/02l48d;/award/ranked_item/appears_in_ranked_lists./award/ranking/list;/m/01ptsx;/m/02l48d;/award/ranked_item/appears_in_ranked_lists./award/ranking/list;/m/01pd60;/m/0dq_5;/business/job_title/people_with_this_title./business/employment_tenure/company;/m/02l48d;/m/02l48d;/business/business_operation/assets./measurement_unit/dated_money_value/currency;/m/09nqf;;;;8.875801;8.504571;1;1
/m/0d35y;/base/petbreeds/city_with_dogs/top_breeds./base/petbreeds/dog_city_relationship/dog_breed;/m/01t032;/m/0d35y;/base/petbreeds/city_with_dogs/top_breeds./base/petbreeds/dog_city_relationship/dog_breed;/m/0km3f;/m/0d35y;/base/petbreeds/city_with_dogs/top_breeds./base/petbreeds/dog_city_relationship/dog_breed;/m/01_gx_;/m/0trv;/organization/organization/headquarters./location/mailing_address/citytown;/m/0d35y;/m/0pqc5;/government/government_office_category/officeholders./government/government_position_held/jurisdiction_of_office;/m/0d35y;7.4895215;6.216503;1;2
/m/05xvj;/baseball/baseball_team/team_stats./baseball/baseball_team_stats/season;/m/027pwzc;/m/05xvj;/baseball/baseball_team/team_stats./baseball/baseball_team_stats/season;/m/0285r5d;/m/05xvj;/baseball/baseball_team/team_stats./baseball/baseball_team_stats/season;/m/0dx84s;/m/05xvj;/sports/sports_team/roster./baseball/baseball_roster_position/position;/m/01z9v6;/m/01z9v6;/sports/sports_position/players./sports/sports_team_roster/team;/m/05xvj;8.532683;8.352575;1;1
/m/01gb54;/business/business_operation/industry;/m/02vxn;/m/01gb54;/award/award_nominee/award_nominations./award/award_nomination/award;/m/05p1dby;/m/0872p_c;/film/film/production_companies;/m/01gb54;/m/01gb54;/film/film_distributor/films_distributed./film/film_film_distributor_relationship/film;/m/0ds3t5x;/m/05nn4k;/award/award_nominee/award_nominations./award/award_nomination/award_nominee;/m/01gb54;7.7995796;7.546853;1;1
/m/027b43;/education/educational_institution/school_type;/m/05jxkf;/m/016t_3;/education/educational_degree/people_with_this_degree./education/education/institution;/m/027b43;/m/02h4rq6;/education/educational_degree/people_with_this_degree./education/education/institution;/m/027b43;/m/027b43;/education/educational_institution/colors;/m/083jv;/m/027b43;/common/topic/webpage./common/webpage/category;/m/08mbj5d;7.7709193;7.283481;1;1
/m/017y6l;/education/educational_institution/students_graduates./education/education/major_field_of_study;/m/02j62;/m/017y6l;/education/educational_institution/students_graduates./education/education/major_field_of_study;/m/04rjg;/m/017y6l;/common/topic/webpage./common/webpage/category;/m/08mbj5d;/m/014mlp;/education/educational_degree/people_with_this_degree./education/education/institution;/m/017y6l;/m/017y6l;/education/educational_institution/colors;/m/019sc;6.677817;6.0066576;1;1
/m/09hgk;/education/educational_institution/students_graduates./education/education/student;/m/03f0324;/m/09hgk;/organization/organization/headquarters./location/mailing_address/state_province_region;/m/05ywg;/m/05ywg;/location/location/contains;/m/09hgk;;;;;;;6.0731497;3.0583844;1;102
/m/062z7;/education/field_of_study/students_majoring./education/education/major_field_of_study;/m/02j62;/m/062z7;/education/field_of_study/students_majoring./education/education/major_field_of_study;/m/05qfh;/m/062z7;/education/field_of_study/students_majoring./education/education/major_field_of_study;/m/06ms6;/m/062z7;/education/field_of_study/students_majoring./education/education/major_field_of_study;/m/0fdys;/m/062z7;/education/field_of_study/students_majoring./education/education/major_field_of_study;/m/03g3w;6.347962;6.3224645;1;5
/m/03cxsvl;/film/actor/film./film/performance/film;/m/0h1fktn;/m/05f4vxd;/tv/tv_program/regular_cast./tv/regular_tv_appearance/actor;/m/03cxsvl;/m/03cxsvl;/award/award_nominee/award_nominations./award/award_nomination/award_nominee;/m/0783m_;/m/041rx;/people/ethnicity/people;/m/03cxsvl;/m/03cxsvl;/people/person/profession;/m/02jknp;8.621922;8.280845;1;1
/m/06w2sn5;/film/actor/film./film/performance/special_performance_type;/m/01pb34;/m/06w2sn5;/people/person/profession;/m/09jwl;/m/06w2sn5;/base/schemastaging/person_extra/net_worth./measurement_unit/dated_money_value/currency;/m/09nqf;/m/06w2sn5;/award/award_nominee/award_nominations./award/award_nomination/award;/m/0c422z4;/m/06w2sn5;/common/topic/webpage./common/webpage/category;/m/08mbj5d;7.2799425;6.772309;1;1
/m/06rmdr;/film/film/costume_design_by;/m/06w33f8;/m/03ktjq;/award/award_nominee/award_nominations./award/award_nomination/nominated_for;/m/06rmdr;/m/06rmdr;/film/film/production_companies;/m/05h4t7;/m/06rmdr;/film/film/language;/m/02h40lc;/m/01jfsb;/media_common/netflix_genre/titles;/m/06rmdr;7.3641987;6.8068614;1;1
/m/027m5wv;/film/film/executive_produced_by;/m/05hj_k;/m/027m5wv;/film/film/executive_produced_by;/m/06q8hf;/m/0lpjn;/award/award_nominee/award_nominations./award/award_nomination/nominated_for;/m/027m5wv;/m/0lpjn;/film/actor/film./film/performance/film;/m/027m5wv;/m/0jz9f;/film/film_distributor/films_distributed./film/film_film_distributor_relationship/film;/m/027m5wv;8.726238;6.239852;1;3
/m/0hmm7;/film/film/film_format;/m/0cj16;/m/0hmm7;/film/film/genre;/m/07s9rl0;/m/0hmm7;/film/film/release_date_s./film/film_regional_release_date/film_release_region;/m/09c7w0;/m/0hmm7;/film/film/country;/m/09c7w0;/m/0hmm7;/film/film/language;/m/02h40lc;7.883586;6.8650074;1;2
/m/06kl78;/film/film/film_production_design_by;/m/03mdw3c;/m/06kl78;/film/film/written_by;/m/026fd;/m/06kl78;/film/film/produced_by;/m/026fd;/m/06kl78;/award/award_winning_work/awards_won./award/award_honor/award_winner;/m/026fd;/m/026fd;/award/award_nominee/award_nominations./award/award_nomination/nominated_for;/m/06kl78;9.195055;8.507768;1;1
/m/03hkch7;/film/film/genre;/m/0219x_;/m/03hkch7;/film/film/genre;/m/03bxz7;/m/03hkch7;/film/film/genre;/m/0hn10;/m/0hn10;/media_common/netflix_genre/titles;/m/03hkch7;/m/03hkch7;/film/film/genre;/m/07s9rl0;6.380606;6.127875;1;4
/m/01chpn;/film/film/genre;/m/01t_vv;/m/01chpn;/film/film/genre;/m/0vgkd;/m/01chpn;/film/film/genre;/m/06nbt;/m/01chpn;/film/film/genre;/m/05p553;/m/01chpn;/film/film/genre;/m/07s9rl0;6.644459;5.9712286;1;6
/m/048rn;/film/film/genre;/m/02kdv5l;/m/03k9fj;/media_common/netflix_genre/titles;/m/048rn;/m/048rn;/film/film/genre;/m/03k9fj;/m/048rn;/film/film/genre;/m/0hcr;/m/086k8;/film/film_distributor/films_distributed./film/film_film_distributor_relationship/film;/m/048rn;7.0746117;6.6211934;1;1
/m/0418wg;/film/film/language;/m/02bjrlw;/m/0418wg;/film/film/language;/m/02h40lc;/m/0418wg;/film/film/language;/m/064_8sq;/m/0418wg;/film/film/language;/m/02bv9;/m/0418wg;/film/film/genre;/m/01jfsb;6.7771096;5.9835405;1;4
/m/048rn;/film/film/music;/m/01pr6q7;/m/048rn;/film/film/costume_design_by;/m/04vzv4;/m/048rn;/film/film/executive_produced_by;/m/0hqcy;/m/0cb77r;/film/film_set_designer/film_sets_designed;/m/048rn;/m/048rn;/film/film/genre;/m/01g6gs;8.695478;6.2899237;1;6
/m/083skw;/film/film/other_crew./film/film_crew_gig/film_crew_role;/m/09zzb8;/m/083skw;/film/film/genre;/m/02l7c8;/m/083skw;/film/film/genre;/m/07s9rl0;/m/083skw;/film/film/genre;/m/04xvlr;/m/083skw;/common/topic/webpage./common/webpage/category;/m/08mbj5d;6.292764;5.9461145;1;1
/m/02fj8n;/film/film/other_crew./film/film_crew_gig/film_crew_role;/m/01vx2h;/m/02fj8n;/film/film/other_crew./film/film_crew_gig/film_crew_role;/m/02r96rf;/m/02fj8n;/film/film/other_crew./film/film_crew_gig/film_crew_role;/m/0ch6mp2;/m/02fj8n;/film/film/other_crew./film/film_crew_gig/film_crew_role;/m/09vw2b7;/m/02fj8n;/film/film/language;/m/02h40lc;6.7517524;6.175461;1;4
/m/031ldd;/film/film/other_crew./film/film_crew_gig/film_crew_role;/m/02r96rf;/m/031ldd;/film/film/other_crew./film/film_crew_gig/film_crew_role;/m/0dxtw;/m/031ldd;/film/film/other_crew./film/film_crew_gig/film_crew_role;/m/09zzb8;/m/031ldd;/film/film/release_date_s./film/film_regional_release_date/film_release_region;/m/0jgd;/m/031ldd;/film/film/release_date_s./film/film_regional_release_date/film_release_region;/m/03_3d;6.5291457;6.0432673;1;2
/m/02xs6_;/film/film/other_crew./film/film_crew_gig/film_crew_role;/m/02r96rf;/m/02xs6_;/film/film/other_crew./film/film_crew_gig/film_crew_role;/m/0ch6mp2;/m/02xs6_;/film/film/other_crew./film/film_crew_gig/film_crew_role;/m/09zzb8;/m/02xs6_;/film/film/other_crew./film/film_crew_gig/film_crew_role;/m/02ynfr;/m/02xs6_;/film/film/country;/m/09c7w0;7.239138;6.58222;1;3
/m/02nczh;/film/film/other_crew./film/film_crew_gig/film_crew_role;/m/09zzb8;/m/02nczh;/film/film/other_crew./film/film_crew_gig/film_crew_role;/m/0ch6mp2;/m/02nczh;/film/film/genre;/m/07s9rl0;/m/05pcn59;/award/award_category/nominees./award/award_nomination/nominated_for;/m/02nczh;/m/02nczh;/film/film/genre;/m/02l7c8;7.111789;6.7447596;1;2
/m/023p33;/film/film/produced_by;/m/081nh;/m/023p33;/film/film/production_companies;/m/04rcl7;/m/023p33;/film/film/production_companies;/m/09b3v;/m/0gqz2;/award/award_category/nominees./award/award_nomination/nominated_for;/m/023p33;;;;6.041832;3.9115233;1;7
/m/02c7k4;/film/film/production_companies;/m/01795t;/m/02c7k4;/film/film/production_companies;/m/0kk9v;/m/09b3v;/media_common/netflix_genre/titles;/m/02c7k4;/m/04jspq;/film/actor/film./film/performance/film;/m/02c7k4;/m/0p8r1;/film/actor/film./film/performance/film;/m/02c7k4;8.379817;7.4881506;1;1
/m/0407yfx;/film/film/release_date_s./film/film_regional_release_date/film_release_region;/m/0k6nt;/m/0407yfx;/film/film/release_date_s./film/film_regional_release_date/film_release_region;/m/0d0vqn;/m/0407yfx;/film/film/release_date_s./film/film_regional_release_date/film_release_region;/m/05r4w;/m/0407yfx;/film/film/release_date_s./film/film_regional_release_date/film_release_region;/m/06mkj;/m/0407yfx;/film/film/release_date_s./film/film_regional_release_date/film_release_region;/m/05b4w;5.9090176;5.5776005;1;6
/m/0dlngsd;/film/film/release_date_s./film/film_regional_release_date/film_release_region;/m/05qhw;/m/0dlngsd;/film/film/release_date_s./film/film_regional_release_date/film_release_region;/m/015fr;/m/0dlngsd;/film/film/release_date_s./film/film_regional_release_date/film_release_region;/m/035qy;/m/0dlngsd;/film/film/release_date_s./film/film_regional_release_date/film_release_region;/m/03gj2;/m/0dlngsd;/film/film/release_date_s./film/film_regional_release_date/film_release_region;/m/01znc_;6.094829;5.9782343;1;4
/m/0c3ybss;/film/film/release_date_s./film/film_regional_release_date/film_release_region;/m/0jgd;/m/0c3ybss;/film/film/release_date_s./film/film_regional_release_date/film_release_region;/m/06mkj;/m/0c3ybss;/film/film/release_date_s./film/film_regional_release_date/film_release_region;/m/05r4w;/m/0c3ybss;/film/film/release_date_s./film/film_regional_release_date/film_release_region;/m/015fr;/m/0c3ybss;/film/film/release_date_s./film/film_regional_release_date/film_release_region;/m/05qhw;6.1919403;5.819177;1;4
/m/0gffmn8;/film/film/release_date_s./film/film_regional_release_date/film_release_region;/m/0k6nt;/m/0gffmn8;/film/film/release_date_s./film/film_regional_release_date/film_release_region;/m/0d0vqn;/m/0gffmn8;/film/film/release_date_s./film/film_regional_release_date/film_release_region;/m/06mkj;/m/0gffmn8;/film/film/release_date_s./film/film_regional_release_date/film_release_region;/m/059j2;;;;5.6606374;5.648418;1;4
/m/064lsn;/film/film/release_date_s./film/film_regional_release_date/film_release_region;/m/03rjj;/m/064lsn;/film/film/release_date_s./film/film_regional_release_date/film_release_region;/m/0f8l9c;/m/064lsn;/film/film/release_date_s./film/film_regional_release_date/film_release_region;/m/06mkj;/m/064lsn;/film/film/release_date_s./film/film_regional_release_date/film_release_region;/m/0d0vqn;/m/064lsn;/film/film/release_date_s./film/film_regional_release_date/film_release_region;/m/02vzc;6.1620283;6.1228905;1;3
/m/0j43swk;/film/film/release_date_s./film/film_regional_release_date/film_release_region;/m/015fr;/m/0j43swk;/film/film/release_date_s./film/film_regional_release_date/film_release_region;/m/035qy;/m/0j43swk;/film/film/release_date_s./film/film_regional_release_date/film_release_region;/m/0b90_r;/m/0j43swk;/film/film/release_date_s./film/film_regional_release_date/film_release_region;/m/01znc_;/m/0j43swk;/film/film/release_date_s./film/film_regional_release_date/film_release_region;/m/05r4w;5.82887;5.5781536;1;5
/m/07f_7h;/film/film/release_date_s./film/film_regional_release_date/film_release_region;/m/01znc_;/m/07f_7h;/film/film/release_date_s./film/film_regional_release_date/film_release_region;/m/05r4w;/m/07f_7h;/film/film/release_date_s./film/film_regional_release_date/film_release_region;/m/03spz;/m/07f_7h;/film/film/release_date_s./film/film_regional_release_date/film_release_region;/m/0d0vqn;/m/07f_7h;/film/film/release_date_s./film/film_regional_release_date/film_release_region;/m/035qy;5.987952;5.6980567;1;7
/m/07s846j;/film/film/release_date_s./film/film_regional_release_date/film_release_region;/m/05b4w;/m/07s846j;/film/film/release_date_s./film/film_regional_release_date/film_release_region;/m/05qhw;/m/07s846j;/film/film/release_date_s./film/film_regional_release_date/film_release_region;/m/015fr;/m/07s846j;/film/film/release_date_s./film/film_regional_release_date/film_release_region;/m/0d0vqn;/m/07s846j;/film/film/release_date_s./film/film_regional_release_date/film_release_region;/m/035qy;5.8155646;5.6260223;1;5
/m/07bzz7;/film/film/release_date_s./film/film_regional_release_date/film_release_region;/m/03rjj;/m/07bzz7;/film/film/release_date_s./film/film_regional_release_date/film_release_region;/m/0f8l9c;/m/07bzz7;/film/film/release_date_s./film/film_regional_release_date/film_release_region;/m/06mkj;/m/07bzz7;/film/film/release_date_s./film/film_regional_release_date/film_release_region;/m/0345h;/m/07bzz7;/film/film/release_date_s./film/film_regional_release_date/film_release_region;/m/07ssc;5.7150974;5.581033;1;4
/m/024mxd;/film/film/story_by;/m/011s9r;/m/024mxd;/film/film/story_by;/m/01y8d4;/m/086k8;/film/film_distributor/films_distributed./film/film_film_distributor_relationship/film;/m/024mxd;/m/024mxd;/film/film/production_companies;/m/086k8;/m/024mxd;/film/film/genre;/m/01hmnh;9.47568;8.772755;1;1
/m/0fbw6;/food/food/nutrients./food/nutrition_fact/nutrient;/m/0h1tz;/m/0fbw6;/food/food/nutrients./food/nutrition_fact/nutrient;/m/02kcv4x;/m/0fbw6;/food/food/nutrients./food/nutrition_fact/nutrient;/m/025rsfk;/m/0fbw6;/food/food/nutrients./food/nutrition_fact/nutrient;/m/06jry;/m/0fbw6;/food/food/nutrients./food/nutrition_fact/nutrient;/m/0q01m;7.1939135;6.9957;1;1
/m/01nkt;/food/food/nutrients./food/nutrition_fact/nutrient;/m/0f4hc;/m/01nkt;/food/food/nutrients./food/nutrition_fact/nutrient;/m/0h1vg;/m/01nkt;/food/food/nutrients./food/nutrition_fact/nutrient;/m/0h1yy;/m/01nkt;/food/food/nutrients./food/nutrition_fact/nutrient;/m/0838f;/m/01nkt;/food/food/nutrients./food/nutrition_fact/nutrient;/m/0q01m;7.0482645;6.940479;1;5
/m/01grr2;/government/legislative_session/members./government/government_position_held/district_represented;/m/05k7sb;/m/01grr2;/government/legislative_session/members./government/government_position_held/district_represented;/m/04rrd;/m/01grr2;/government/legislative_session/members./government/government_position_held/district_represented;/m/01x73;/m/01grr2;/government/legislative_session/members./government/government_position_held/district_represented;/m/059f4;/m/01grr2;/government/legislative_session/members./government/government_position_held/district_represented;/m/07_f2;6.84001;6.5244627;1;5
/m/01gsvb;/government/legislative_session/members./government/government_position_held/district_represented;/m/04rrd;/m/01gsvb;/government/legislative_session/members./government/government_position_held/district_represented;/m/01x73;/m/01gsvb;/government/legislative_session/members./government/government_position_held/district_represented;/m/05fkf;/m/01gsvb;/government/legislative_session/members./government/government_position_held/district_represented;/m/07z1m;/m/01gsvb;/government/legislative_session/members./government/government_position_held/district_represented;/m/026mj;6.7556653;6.491951;1;4
/m/070mff;/government/legislative_session/members./government/government_position_held/district_represented;/m/05fhy;/m/070mff;/government/legislative_session/members./government/government_position_held/district_represented;/m/0846v;/m/070mff;/government/legislative_session/members./government/government_position_held/district_represented;/m/06mz5;/m/070mff;/government/legislative_session/members./government/government_position_held/district_represented;/m/0488g;/m/070mff;/government/legislative_session/members./government/government_position_held/district_represented;/m/05mph;6.574419;6.213501;1;5
/m/01h7xx;/government/legislative_session/members./government/government_position_held/legislative_sessions;/m/043djx;/m/01h7xx;/government/legislative_session/members./government/government_position_held/legislative_sessions;/m/01gtdd;/m/01h7xx;/government/legislative_session/members./government/government_position_held/legislative_sessions;/m/01gtcc;/m/01h7xx;/government/legislative_session/members./government/government_position_held/legislative_sessions;/m/01gtbb;/m/01h7xx;/government/legislative_session/members./government/government_position_held/legislative_sessions;/m/01gtcq;7.837267;7.675313;1;2
/m/06n8j;/location/location/time_zones;/m/02llzg;/m/027jq2;/people/person/place_of_birth;/m/06n8j;/m/027jq2;/people/person/places_lived./people/place_lived/location;/m/06n8j;/m/0166b;/location/country/capital;/m/06n8j;/m/0166b;/location/location/contains;/m/06n8j;6.5633163;4.2806897;1;2
/m/050ks;/location/statistical_region/religions./location/religion_percentage/religion;/m/01y0s9;/m/050ks;/location/statistical_region/religions./location/religion_percentage/religion;/m/021_0p;/m/050ks;/location/statistical_region/religions./location/religion_percentage/religion;/m/05w5d;/m/050ks;/location/statistical_region/religions./location/religion_percentage/religion;/m/072w0;/m/050ks;/location/statistical_region/religions./location/religion_percentage/religion;/m/019cr;6.8763723;6.5955267;1;4
/m/0781g;/music/genre/artists;/m/02vgh;/m/0781g;/music/genre/artists;/m/012vm6;/m/0781g;/music/genre/artists;/m/0pqp3;/m/0781g;/music/genre/artists;/m/01mxnvc;/m/0781g;/music/genre/artists;/m/0473q;6.7003317;5.0959415;1;21
/m/0175yg;/music/genre/artists;/m/02qsjt;/m/0175yg;/music/genre/artists;/m/01w60_p;/m/0175yg;/music/genre/artists;/m/01kh2m1;;;;;;;7.0778456;4.9843144;1;16
/m/0296y;/music/genre/artists;/m/016lj_;/m/0296y;/music/genre/artists;/m/01shhf;/m/0296y;/music/genre/artists;/m/01wt4wc;/m/0296y;/music/genre/parent_genre;/m/03lty;/m/0296y;/music/genre/parent_genre;/m/0jrv_;6.9987755;5.9086256;1;1
/m/0lbd9;/olympics/olympic_games/medals_awarded./olympics/olympic_medal_honor/medal;/m/02lq5w;/m/0lbd9;/olympics/olympic_games/medals_awarded./olympics/olympic_medal_honor/medal;/m/02lq67;/m/0d0vqn;/olympics/olympic_participating_country/medals_won./olympics/olympic_medal_honor/olympics;/m/0lbd9;/m/059j2;/olympics/olympic_participating_country/medals_won./olympics/olympic_medal_honor/olympics;/m/0lbd9;/m/05vz3zq;/olympics/olympic_participating_country/medals_won./olympics/olympic_medal_honor/olympics;/m/0lbd9;8.386744;8.313304;1;2
/m/0h3y;/olympics/olympic_participating_country/athletes./olympics/olympic_athlete_affiliation/olympics;/m/0kbvb;/m/0h3y;/olympics/olympic_participating_country/athletes./olympics/olympic_athlete_affiliation/olympics;/m/0l6vl;/m/0h3y;/olympics/olympic_participating_country/medals_won./olympics/olympic_medal_honor/olympics;/m/0l6vl;/m/0h3y;/olympics/olympic_participating_country/athletes./olympics/olympic_athlete_affiliation/olympics;/m/06sks6;/m/0h3y;/olympics/olympic_participating_country/athletes./olympics/olympic_athlete_affiliation/olympics;/m/0kbws;6.631877;6.3475466;1;3
/m/01d8l;/olympics/olympic_participating_country/medals_won./olympics/olympic_medal_honor/medal;/m/02lq67;/m/01d8l;/olympics/olympic_participating_country/medals_won./olympics/olympic_medal_honor/medal;/m/02lq5w;/m/01d8l;/olympics/olympic_participating_country/medals_won./olympics/olympic_medal_honor/olympics;/m/018ljb;/m/04syw;/government/government_office_category/officeholders./government/government_position_held/jurisdiction_of_office;/m/01d8l;/m/016r9z;/olympics/olympic_games/participating_countries;/m/01d8l;6.1723084;4.628413;1;3
/m/01cf5;/organization/non_profit_organization/registered_with./organization/non_profit_registration/registering_agency;/m/03z19;/m/01cf5;/common/topic/webpage./common/webpage/category;/m/08mbj5d;/m/01cf5;/business/business_operation/operating_income./measurement_unit/dated_money_value/currency;/m/09nqf;/m/01cf5;/organization/organization/headquarters./location/mailing_address/country;/m/09c7w0;/m/09c7w0;/location/location/contains;/m/01cf5;9.647508;9.100578;1;1
/m/01xl5;/organization/organization/headquarters./location/mailing_address/citytown;/m/0tbql;/m/01xl5;/organization/organization/headquarters./location/mailing_address/state_province_region;/m/0488g;;;;;;;;;;7.7758665;1.6266596;1;157
/m/01rv7x;/people/ethnicity/people;/m/0dfjb8;/m/01rv7x;/people/ethnicity/people;/m/02n1p5;/m/01rv7x;/people/ethnicity/people;/m/0gp_x9;/m/01rv7x;/people/ethnicity/people;/m/01gg59;;;;6.4677324;5.231577;1;13
/m/06wvfq;/people/person/gender;/m/02zsn;/m/06wvfq;/award/award_nominee/award_nominations./award/award_nomination/award;/m/03r8v_;/m/06wvfq;/people/person/spouse_s./people/marriage/type_of_union;/m/04ztj;/m/06wvfq;/people/person/profession;/m/02hrh1q;/m/03r8v_;/award/award_category/winners./award/award_honor/award_winner;/m/06wvfq;8.233344;5.9118714;1;2
/m/05slvm;/people/person/gender;/m/02zsn;/m/05slvm;/award/award_nominee/award_nominations./award/award_nomination/award;/m/02ppm4q;/m/05slvm;/people/person/profession;/m/02hrh1q;/m/05slvm;/award/award_nominee/award_nominations./award/award_nomination/award_nominee;/m/01q9b9;/m/02ppm4q;/award/award_category/winners./award/award_honor/award_winner;/m/05slvm;6.5281367;5.7727394;1;1
/m/03_hd;/people/person/places_lived./people/place_lived/location;/m/04jpl;/m/0dplh;/education/educational_institution/students_graduates./education/education/student;/m/03_hd;/m/03_hd;/people/person/spouse_s./people/marriage/type_of_union;/m/04ztj;/m/03_hd;/people/person/gender;/m/05zppz;;;;5.760516;4.027282;1;4
/m/02cvp8;/people/person/places_lived./people/place_lived/location;/m/0cr3d;/m/02sdwt;/education/educational_institution/students_graduates./education/education/student;/m/02cvp8;/m/02cvp8;/people/person/profession;/m/02hrh1q;/m/02cvp8;/people/person/spouse_s./people/marriage/type_of_union;/m/04ztj;/m/02cvp8;/people/person/gender;/m/05zppz;7.7986846;5.3366046;1;1
/m/045cq;/people/person/profession;/m/02jknp;/m/045cq;/people/person/profession;/m/02krf9;/m/045cq;/people/person/profession;/m/01d_h8;/m/045cq;/people/person/spouse_s./people/marriage/type_of_union;/m/04ztj;/m/045cq;/award/award_nominee/award_nominations./award/award_nomination/award;/m/05f4m9q;7.5298715;6.183662;1;4
/m/06p0s1;/people/person/profession;/m/0dgd_;/m/0267wwv;/film/film/cinematography;/m/06p0s1;/m/02gqm3;/film/film/cinematography;/m/06p0s1;/m/06p0s1;/award/award_nominee/award_nominations./award/award_nomination/award;/m/0gr0m;/m/06p0s1;/people/person/gender;/m/05zppz;7.2644095;6.077797;1;1
/m/01pcvn;/people/person/profession;/m/0d1pc;/m/01pcvn;/people/person/profession;/m/02hrh1q;/m/01pcvn;/people/person/gender;/m/02zsn;/m/01pcvn;/base/popstra/celebrity/canoodled./base/popstra/canoodled/participant;/m/0gy6z9;/m/01pcvn;/people/person/spouse_s./people/marriage/type_of_union;/m/04ztj;6.766906;6.5046144;1;1
/m/016hvl;/people/person/profession;/m/0dxtg;/m/016hvl;/people/person/profession;/m/02jknp;/m/016hvl;/people/person/profession;/m/05z96;/m/016hvl;/people/person/profession;/m/0cbd2;/m/016hvl;/people/person/gender;/m/05zppz;6.8656454;6.0279164;1;3
/m/0565cz;/people/person/profession;/m/09jwl;/m/0565cz;/common/topic/webpage./common/webpage/category;/m/08mbj5d;/m/018vs;/music/instrument/instrumentalists;/m/0565cz;/m/0565cz;/people/person/gender;/m/05zppz;/m/0342h;/music/instrument/instrumentalists;/m/0565cz;7.3580422;6.8168054;1;1
/m/099d4;/people/person/profession;/m/01d_h8;/m/099d4;/people/person/profession;/m/0dxtg;/m/099d4;/people/person/profession;/m/02hrh1q;/m/099d4;/people/person/profession;/m/02jknp;/m/099d4;/people/person/gender;/m/05zppz;6.8894377;5.161118;1;3
/m/01ggc9;/people/person/profession;/m/03gjzk;/m/01ggc9;/people/person/profession;/m/01d_h8;/m/01ggc9;/people/person/nationality;/m/09c7w0;/m/01ggc9;/people/person/religion;/m/02rsw;/m/04ljl_l;/award/award_category/winners./award/award_honor/award_winner;/m/01ggc9;5.543079;5.0984983;1;2
/m/0ckm4x;/people/person/profession;/m/0np9r;/m/0ckm4x;/common/topic/webpage./common/webpage/category;/m/08mbj5d;/m/07ghv5;/film/film/dubbing_performances./film/dubbing_performance/actor;/m/0ckm4x;/m/0ckm4x;/film/actor/dubbing_performances./film/dubbing_performance/language;/m/02h40lc;/m/0ckm4x;/film/actor/film./film/performance/film;/m/02z5x7l;7.022689;6.4066586;1;2
/m/035sc2;/people/person/profession;/m/01d_h8;/m/035sc2;/people/person/profession;/m/0dxtg;/m/035sc2;/people/person/profession;/m/03gjzk;/m/035sc2;/people/person/profession;/m/02jknp;/m/035sc2;/award/award_nominee/award_nominations./award/award_nomination/award;/m/0gvx_;7.2276335;5.721168;1;3
/m/01t6xz;/people/person/profession;/m/01d_h8;/m/01t6xz;/people/person/profession;/m/02hrh1q;/m/01t6xz;/people/person/nationality;/m/09c7w0;/m/01t6xz;/award/award_winner/awards_won./award/award_honor/award_winner;/m/014zcr;/m/01t6xz;/award/award_nominee/award_nominations./award/award_nomination/award_nominee;/m/014zcr;5.8937483;5.474127;1;2
/m/04l19_;/people/person/profession;/m/0dxtg;/m/04l19_;/people/person/profession;/m/018gz8;/m/04l19_;/people/person/profession;/m/01d_h8;/m/04l19_;/people/person/profession;/m/03gjzk;/m/04l19_;/common/topic/webpage./common/webpage/category;/m/08mbj5d;7.297355;6.7286987;1;2
/m/0259r0;/people/person/profession;/m/09jwl;/m/0259r0;/people/person/profession;/m/016z4k;/m/05148p4;/music/instrument/instrumentalists;/m/0259r0;/m/0259r0;/people/person/nationality;/m/09c7w0;/m/0259r0;/people/person/spouse_s./people/marriage/type_of_union;/m/04ztj;7.5960054;7.0764537;1;2
/m/01r4zfk;/people/person/profession;/m/01d_h8;/m/01r4zfk;/people/person/profession;/m/0dxtg;/m/01r4zfk;/people/person/profession;/m/03gjzk;/m/01r4zfk;/people/person/profession;/m/02hrh1q;/m/01r4zfk;/common/topic/webpage./common/webpage/category;/m/08mbj5d;6.560897;5.634328;1;5
/m/05wdgq;/people/person/religion;/m/03j6c;/m/05wdgq;/people/person/nationality;/m/03rk0;/m/05wdgq;/common/topic/webpage./common/webpage/category;/m/08mbj5d;/m/05wdgq;/people/person/profession;/m/02hrh1q;/m/05wdgq;/people/person/gender;/m/05zppz;8.150432;6.96332;1;1
/m/01y665;/people/person/religion;/m/03_gx;/m/01y665;/people/person/profession;/m/02hrh1q;/m/02kxwk;/award/award_nominee/award_nominations./award/award_nomination/award_nominee;/m/01y665;/m/01y665;/film/actor/film./film/performance/film;/m/06ztvyx;/m/01y665;/award/award_nominee/award_nominations./award/award_nomination/award;/m/09qvc0;6.129638;5.7872934;1;1
/m/01y3c;/sports/professional_sports_team/draft_picks./sports/sports_league_draft_pick/draft;/m/02qw1zx;/m/01y3c;/sports/professional_sports_team/draft_picks./sports/sports_league_draft_pick/draft;/m/03nt7j;/m/01y3c;/sports/professional_sports_team/draft_picks./sports/sports_league_draft_pick/draft;/m/092j54;/m/01y3c;/sports/professional_sports_team/draft_picks./sports/sports_league_draft_pick/draft;/m/0g3zpp;/m/01y3c;/sports/professional_sports_team/draft_picks./sports/sports_league_draft_pick/draft;/m/09l0x9;8.15834;8.013151;1;5
/m/01slc;/sports/sports_team/colors;/m/083jv;/m/01slc;/sports/sports_team/colors;/m/03vtbc;/m/01slc;/sports/sports_team/colors;/m/019sc;/m/028c_8;/sports/sports_position/players./sports/sports_team_roster/team;/m/01slc;/m/01slc;/baseball/baseball_team/team_stats./baseball/baseball_team_stats/season;/m/0dx84s;6.5499387;6.463676;1;2
/m/04zxrt;/sports/sports_team/colors;/m/083jv;/m/04zxrt;/soccer/football_team/current_roster./sports/sports_team_roster/position;/m/0dgrmp;/m/02sdk9v;/sports/sports_position/players./sports/sports_team_roster/team;/m/04zxrt;/m/04zxrt;/sports/sports_team/sport;/m/02vx4;/m/04zxrt;/soccer/football_team/current_roster./soccer/football_roster_position/position;/m/0dgrmp;6.604818;5.776765;1;1
/m/04c9bn;/sports/sports_team/roster./baseball/baseball_roster_position/position;/m/02wszf;/m/02lyr4;/sports/sports_position/players./sports/sports_team_roster/team;/m/04c9bn;/m/04c9bn;/sports/sports_team/roster./baseball/baseball_roster_position/position;/m/01z9v6;/m/04c9bn;/sports/sports_team/roster./baseball/baseball_roster_position/position;/m/028c_8;/m/04c9bn;/sports/sports_team/sport;/m/018jz;7.930232;2.4588914;1;10
/m/071vr;/travel/travel_destination/climate./travel/travel_destination_monthly_climate/month;/m/03_ly;/m/071vr;/travel/travel_destination/climate./travel/travel_destination_monthly_climate/month;/m/02xx5;/m/071vr;/travel/travel_destination/climate./travel/travel_destination_monthly_climate/month;/m/0ll3;/m/071vr;/travel/travel_destination/climate./travel/travel_destination_monthly_climate/month;/m/04wzr;/m/071vr;/travel/travel_destination/climate./travel/travel_destination_monthly_climate/month;/m/06vkl;7.40599;7.2633915;1;1
/m/02q4mt;/tv/tv_producer/programs_produced./tv/tv_producer_term/producer_type;/m/0ckd1;/m/02q4mt;/people/person/nationality;/m/09c7w0;/m/02q4mt;/people/person/profession;/m/0dxtg;/m/02q4mt;/people/person/profession;/m/03gjzk;/m/02q4mt;/people/person/gender;/m/05zppz;7.9232435;6.5447707;1;1
/m/0sw0q;/tv/tv_program/genre;/m/01z4y;/m/07c52;/media_common/netflix_genre/titles;/m/0sw0q;/m/0sw0q;/tv/tv_program/genre;/m/05p553;/m/0sw0q;/tv/tv_program/languages;/m/02h40lc;/m/0sw0q;/tv/tv_program/country_of_origin;/m/09c7w0;6.5969872;5.4881997;1;2
/m/02k_4g;/tv/tv_program/tv_producer./tv/tv_producer_term/producer_type;/m/0ckd1;/m/02k_4g;/award/award_winning_work/awards_won./award/award_honor/award;/m/0m7yy;/m/02k_4g;/tv/tv_program/languages;/m/02h40lc;/m/07c52;/media_common/netflix_genre/titles;/m/02k_4g;/m/0gsg7;/tv/tv_network/programs./tv/tv_network_duration/program;/m/02k_4g;9.111819;8.351016;1;1
/m/0gjm7;/user/tsegaran/random/taxonomy_subject/entry./user/tsegaran/random/taxonomy_entry/taxonomy;/m/04n6k;/m/0gjm7;/people/profession/specialization_of;/m/09j9h;;;;;;;;;;3.3492687;3.1408951;1;1
