/m/01swdw;/business/business_operation/industry;/m/020mfr;/m/01swdw;/organization/organization/headquarters./location/mailing_address/citytown;/m/024bqj;/m/01swdw;/business/business_operation/industry;/m/01mw1;7.9234605;1;9.0402355;1;5.795889;2;1.962469434150965;0.9771602153778076
/m/01swdw;/business/business_operation/industry;/m/020mfr;/m/01qckn;/organization/organization/child./organization/organization_relationship/child;/m/01swdw;/m/01swdw;/business/business_operation/industry;/m/01mw1;7.9234605;1;9.0402355;1;5.266976;2;1.9775390422200079;0.9806549549102783
/m/01swdw;/business/business_operation/industry;/m/020mfr;/m/01swdw;/organization/organization/headquarters./location/mailing_address/citytown;/m/0gp5l6;/m/01swdw;/business/business_operation/industry;/m/01mw1;7.9234605;1;9.0402355;1;6.7948117;2;1.9042550693408753;0.9627022743225098
/m/01swdw;/business/business_operation/industry;/m/020mfr;/m/01swdw;/organization/organization/place_founded;/m/0gp5l6;/m/01swdw;/business/business_operation/industry;/m/01mw1;7.9234605;1;9.0402355;1;6.7979083;2;1.903986638282953;0.9619340896606445
/m/01swdw;/business/business_operation/industry;/m/020mfr;/m/01qckn;/organization/organization/child./organization/organization_relationship/child;/m/01swdw;/m/01swdw;/organization/organization/headquarters./location/mailing_address/citytown;/m/024bqj;7.9234605;1;9.0402355;1;8.988414;1;0.5129525286429013;0.9626312255859375
/m/01swdw;/business/business_operation/industry;/m/020mfr;/m/01swdw;/organization/organization/headquarters./location/mailing_address/citytown;/m/0gp5l6;/m/01swdw;/organization/organization/headquarters./location/mailing_address/citytown;/m/024bqj;7.9234605;1;9.0402355;1;9.350936;1;0.42294378434272484;0.9609298706054688
/m/01swdw;/business/business_operation/industry;/m/020mfr;/m/01swdw;/organization/organization/place_founded;/m/0gp5l6;/m/01swdw;/organization/organization/headquarters./location/mailing_address/citytown;/m/024bqj;7.9234605;1;9.0402355;1;9.40959;1;0.408697067215855;0.956002950668335
/m/01swdw;/business/business_operation/industry;/m/020mfr;/m/01qckn;/organization/organization/child./organization/organization_relationship/child;/m/01swdw;/m/01swdw;/organization/organization/headquarters./location/mailing_address/citytown;/m/0gp5l6;7.9234605;1;9.0402355;1;9.493475;1;0.38859083657058646;0.9634096622467041
/m/01swdw;/business/business_operation/industry;/m/020mfr;/m/01qckn;/organization/organization/child./organization/organization_relationship/child;/m/01swdw;/m/01swdw;/organization/organization/place_founded;/m/0gp5l6;7.9234605;1;9.0402355;1;9.529417;1;0.3800863999146465;0.9800574779510498
/m/01swdw;/business/business_operation/industry;/m/020mfr;/m/01swdw;/organization/organization/headquarters./location/mailing_address/citytown;/m/0gp5l6;/m/01swdw;/organization/organization/place_founded;/m/0gp5l6;7.9234605;1;9.0402355;1;9.960717;1;0.28485975847429046;0.9609987735748291
/m/019v67;/business/business_operation/industry;/m/02vxn;/m/019v67;/common/topic/webpage./common/webpage/category;/m/08mbj5d;/m/019v67;/film/film_distributor/films_distributed./film/film_film_distributor_relationship/film;/m/03clwtw;6.434649;1;8.326188;1;6.2140512;1;0.8920772309629155;1.0981378555297852
/m/019v67;/business/business_operation/industry;/m/02vxn;/m/019v67;/film/film_distributor/films_distributed./film/film_film_distributor_relationship/film;/m/0125xq;/m/019v67;/common/topic/webpage./common/webpage/category;/m/08mbj5d;6.434649;1;8.326188;1;6.3882847;1;0.8741216296451766;1.0943102836608887
/m/019v67;/business/business_operation/industry;/m/02vxn;/m/019v67;/common/topic/webpage./common/webpage/category;/m/08mbj5d;/m/019v67;/film/film_distributor/films_distributed./film/film_film_distributor_relationship/film;/m/01dvbd;6.434649;1;8.326188;1;6.438132;1;0.8685337497582929;1.09336519241333
/m/019v67;/business/business_operation/industry;/m/02vxn;/m/035s95;/film/film/production_companies;/m/019v67;/m/019v67;/common/topic/webpage./common/webpage/category;/m/08mbj5d;6.434649;1;8.326188;1;6.459175;1;0.8661122756076286;1.0946953296661377
/m/019v67;/business/business_operation/industry;/m/02vxn;/m/02gd6x;/film/film/production_companies;/m/019v67;/m/019v67;/common/topic/webpage./common/webpage/category;/m/08mbj5d;6.434649;1;8.326188;1;6.509624;1;0.8601533332699758;1.0934422016143799
/m/019v67;/business/business_operation/industry;/m/02vxn;/m/019v67;/common/topic/webpage./common/webpage/category;/m/08mbj5d;/m/019v67;/organization/organization/headquarters./location/mailing_address/citytown;/m/01j2_7;6.434649;1;8.326188;1;6.444853;1;0.8677644217289711;1.0921776294708252
/m/019v67;/business/business_operation/industry;/m/02vxn;/m/019v67;/common/topic/webpage./common/webpage/category;/m/08mbj5d;/m/019v67;/film/film_distributor/films_distributed./film/film_film_distributor_relationship/film;/m/035s95;6.434649;1;8.326188;1;6.6079044;1;0.8479076279274219;1.096388816833496
/m/019v67;/business/business_operation/industry;/m/02vxn;/m/019v67;/common/topic/webpage./common/webpage/category;/m/08mbj5d;/m/048xyn;/film/film/production_companies;/m/019v67;6.434649;1;8.326188;1;6.595748;1;0.8494687102972163;1.0913474559783936
/m/019v67;/business/business_operation/industry;/m/02vxn;/m/019v67;/film/film_distributor/films_distributed./film/film_film_distributor_relationship/film;/m/0422v0;/m/019v67;/common/topic/webpage./common/webpage/category;/m/08mbj5d;6.434649;1;8.326188;1;6.6312337;1;0.8448746004460966;1.0963702201843262
/m/019v67;/business/business_operation/industry;/m/02vxn;/m/019v67;/film/film_distributor/films_distributed./film/film_film_distributor_relationship/film;/m/0125xq;/m/019v67;/film/film_distributor/films_distributed./film/film_film_distributor_relationship/film;/m/03clwtw;6.434649;1;8.326188;1;7.5883346;1;0.6765263034969431;1.0956921577453613
/m/019v67;/business/business_operation/industry;/m/02vxn;/m/019v67;/film/film_distributor/films_distributed./film/film_film_distributor_relationship/film;/m/03clwtw;/m/019v67;/film/film_distributor/films_distributed./film/film_film_distributor_relationship/film;/m/01dvbd;6.434649;1;8.326188;1;7.866491;1;0.612942352149082;1.0992951393127441
/m/019v67;/business/business_operation/industry;/m/02vxn;/m/035s95;/film/film/production_companies;/m/019v67;/m/019v67;/film/film_distributor/films_distributed./film/film_film_distributor_relationship/film;/m/03clwtw;6.434649;1;8.326188;1;7.887465;1;0.6079547259886501;1.0932025909423828
/m/019v67;/business/business_operation/industry;/m/02vxn;/m/02gd6x;/film/film/production_companies;/m/019v67;/m/019v67;/film/film_distributor/films_distributed./film/film_film_distributor_relationship/film;/m/03clwtw;6.434649;1;8.326188;1;7.9441214;1;0.59437147541353;1.0895564556121826
/m/019v67;/business/business_operation/industry;/m/02vxn;/m/019v67;/film/film_distributor/films_distributed./film/film_film_distributor_relationship/film;/m/0125xq;/m/019v67;/film/film_distributor/films_distributed./film/film_film_distributor_relationship/film;/m/01dvbd;6.434649;1;8.326188;1;7.9782467;1;0.5861182845920605;1.0895092487335205
/m/019v67;/business/business_operation/industry;/m/02vxn;/m/019v67;/organization/organization/headquarters./location/mailing_address/citytown;/m/01j2_7;/m/019v67;/film/film_distributor/films_distributed./film/film_film_distributor_relationship/film;/m/03clwtw;6.434649;1;8.326188;1;7.9759974;1;0.586663807734958;1.0936243534088135
/m/019v67;/business/business_operation/industry;/m/02vxn;/m/019v67;/film/film_distributor/films_distributed./film/film_film_distributor_relationship/film;/m/035s95;/m/019v67;/film/film_distributor/films_distributed./film/film_film_distributor_relationship/film;/m/03clwtw;6.434649;1;8.326188;1;7.99335;1;0.5824497595279574;1.0909748077392578
/m/019v67;/business/business_operation/industry;/m/02vxn;/m/019v67;/film/film_distributor/films_distributed./film/film_film_distributor_relationship/film;/m/03clwtw;/m/048xyn;/film/film/production_companies;/m/019v67;6.434649;1;8.326188;1;8.031291;1;0.5731945941279385;1.0928857326507568
/m/02byfd;/people/person/spouse_s./people/marriage/type_of_union;/m/04ztj;/m/02byfd;/people/person/gender;/m/05zppz;/m/02byfd;/people/person/profession;/m/02hrh1q;8.599927;1;9.66506;1;8.92505;1;0.6769981001497607;1.064659595489502
/m/02byfd;/people/person/spouse_s./people/marriage/type_of_union;/m/04ztj;/m/02byfd;/people/person/nationality;/m/09c7w0;/m/02byfd;/people/person/gender;/m/05zppz;8.599927;1;9.66506;1;8.978042;1;0.6653033258657429;1.061577558517456
/m/02byfd;/people/person/spouse_s./people/marriage/type_of_union;/m/04ztj;/m/02byfd;/people/person/nationality;/m/09c7w0;/m/02byfd;/people/person/profession;/m/02hrh1q;8.599927;1;9.66506;1;9.073357;1;0.6437558926555047;1.0622944831848145
/m/02byfd;/people/person/spouse_s./people/marriage/type_of_union;/m/04ztj;/m/02byfd;/people/person/gender;/m/05zppz;/m/02byfd;/people/person/profession;/m/0dxtg;8.599927;1;9.66506;1;9.063143;1;0.64609482406914;1.0625417232513428
/m/02byfd;/people/person/spouse_s./people/marriage/type_of_union;/m/04ztj;/m/02byfd;/people/person/profession;/m/0dxtg;/m/02byfd;/people/person/profession;/m/02hrh1q;8.599927;1;9.66506;1;9.132137;1;0.6301645374103545;1.0653491020202637
/m/02byfd;/people/person/spouse_s./people/marriage/type_of_union;/m/04ztj;/m/02byfd;/people/person/gender;/m/05zppz;/m/02byfd;/people/person/profession;/m/03gjzk;8.599927;1;9.66506;1;9.179069;1;0.6191616734016334;1.066887617111206
/m/02byfd;/people/person/spouse_s./people/marriage/type_of_union;/m/04ztj;/m/02byfd;/people/person/nationality;/m/09c7w0;/m/02byfd;/people/person/profession;/m/0dxtg;8.599927;1;9.66506;1;9.206406;1;0.6126949147892279;1.0669419765472412
/m/02byfd;/people/person/spouse_s./people/marriage/type_of_union;/m/04ztj;/m/02byfd;/people/person/spouse_s./people/marriage/location_of_ceremony;/m/0b90_r;/m/02byfd;/people/person/gender;/m/05zppz;8.599927;1;9.66506;1;9.214756;1;0.6107115177000028;1.063488483428955
/m/02byfd;/people/person/spouse_s./people/marriage/type_of_union;/m/04ztj;/m/02byfd;/people/person/profession;/m/03gjzk;/m/02byfd;/people/person/profession;/m/02hrh1q;8.599927;1;9.66506;1;9.242706;1;0.604046342837983;1.0755946636199951
/m/02byfd;/people/person/spouse_s./people/marriage/type_of_union;/m/04ztj;/m/02byfd;/award/award_nominee/award_nominations./award/award_nomination/award;/m/04ljl_l;/m/02byfd;/people/person/gender;/m/05zppz;8.599927;1;9.66506;1;9.251703;1;0.6018924981759713;1.0692765712738037
/m/02byfd;/people/person/spouse_s./people/marriage/type_of_union;/m/04ztj;/m/02byfd;/people/person/spouse_s./people/marriage/location_of_ceremony;/m/0b90_r;/m/02byfd;/people/person/profession;/m/02hrh1q;8.599927;1;9.66506;1;9.276842;1;0.5958536277594081;1.0622773170471191
/m/02byfd;/people/person/spouse_s./people/marriage/type_of_union;/m/04ztj;/m/02byfd;/people/person/gender;/m/05zppz;/m/01qhm_;/people/ethnicity/people;/m/02byfd;8.599927;1;9.66506;1;9.280197;1;0.5950454377551155;1.0671794414520264
/m/02byfd;/people/person/spouse_s./people/marriage/type_of_union;/m/04ztj;/m/02byfd;/people/person/gender;/m/05zppz;/m/02byfd;/people/person/employment_history./business/employment_tenure/company;/m/0gy1_;8.599927;1;9.66506;1;9.285661;1;0.5937282131411354;1.074615716934204
/m/02byfd;/people/person/spouse_s./people/marriage/type_of_union;/m/04ztj;/m/02byfd;/people/person/gender;/m/05zppz;/m/02byfd;/people/person/place_of_birth;/m/030qb3t;8.599927;1;9.66506;1;9.301583;1;0.5898817966667155;1.069589376449585
/m/02byfd;/people/person/spouse_s./people/marriage/type_of_union;/m/04ztj;/m/02byfd;/people/person/nationality;/m/09c7w0;/m/02byfd;/people/person/profession;/m/03gjzk;8.599927;1;9.66506;1;9.30277;1;0.5895947577586386;1.0665256977081299
/m/02byfd;/people/person/spouse_s./people/marriage/type_of_union;/m/04ztj;/m/02byfd;/people/person/places_lived./people/place_lived/location;/m/030qb3t;/m/02byfd;/people/person/gender;/m/05zppz;8.599927;1;9.66506;1;9.322323;1;0.5848552674221792;1.063744306564331
/m/02byfd;/people/person/spouse_s./people/marriage/type_of_union;/m/04ztj;/m/02byfd;/people/person/gender;/m/05zppz;/m/02byfd;/award/award_nominee/award_nominations./award/award_nomination/award;/m/05zr6wv;8.599927;1;9.66506;1;9.32749;1;0.5836001726646485;1.0627038478851318
/m/02byfd;/people/person/spouse_s./people/marriage/type_of_union;/m/04ztj;/m/02byfd;/award/award_nominee/award_nominations./award/award_nomination/award;/m/04ljl_l;/m/02byfd;/people/person/profession;/m/02hrh1q;8.599927;1;9.66506;1;9.319025;1;0.5856557485647499;1.0619699954986572
/m/02byfd;/people/person/spouse_s./people/marriage/type_of_union;/m/04ztj;/m/01qhm_;/people/ethnicity/people;/m/02byfd;/m/02byfd;/people/person/profession;/m/02hrh1q;8.599927;1;9.66506;1;9.333347;1;0.5821760502279858;1.0635554790496826
/m/02byfd;/people/person/spouse_s./people/marriage/type_of_union;/m/04ztj;/m/02byfd;/people/person/spouse_s./people/marriage/location_of_ceremony;/m/0b90_r;/m/02byfd;/people/person/nationality;/m/09c7w0;8.599927;1;9.66506;1;9.336883;1;0.5813158568933218;1.0613744258880615
/m/02byfd;/people/person/spouse_s./people/marriage/type_of_union;/m/04ztj;/m/02byfd;/people/person/employment_history./business/employment_tenure/company;/m/0gy1_;/m/02byfd;/people/person/profession;/m/02hrh1q;8.599927;1;9.66506;1;9.341849;1;0.5801065283939345;1.0619707107543945
/m/023s8;/people/person/gender;/m/02zsn;/m/023s8;/people/person/nationality;/m/09c7w0;/m/023s8;/people/person/spouse_s./people/marriage/type_of_union;/m/04ztj;7.8265452;1;8.594024;1;7.5777783;1;0.7342405971728343;1.1069629192352295
/m/023s8;/people/person/gender;/m/02zsn;/m/023s8;/award/award_nominee/award_nominations./award/award_nomination/award;/m/09qj50;/m/023s8;/people/person/spouse_s./people/marriage/type_of_union;/m/04ztj;7.8265452;1;8.594024;1;7.9845753;1;0.6478149719091012;1.105180025100708
/m/023s8;/people/person/gender;/m/02zsn;/m/023s8;/award/award_nominee/award_nominations./award/award_nomination/award;/m/0cqhmg;/m/023s8;/people/person/spouse_s./people/marriage/type_of_union;/m/04ztj;7.8265452;1;8.594024;1;8.058934;1;0.6306693710508963;1.110625982284546
/m/023s8;/people/person/gender;/m/02zsn;/m/023s8;/people/person/places_lived./people/place_lived/location;/m/059rby;/m/023s8;/people/person/spouse_s./people/marriage/type_of_union;/m/04ztj;7.8265452;1;8.594024;1;8.043396;1;0.6342812118996755;1.1041550636291504
/m/023s8;/people/person/gender;/m/02zsn;/m/0d66j2;/tv/tv_program/regular_cast./tv/regular_tv_appearance/actor;/m/023s8;/m/023s8;/people/person/spouse_s./people/marriage/type_of_union;/m/04ztj;7.8265452;1;8.594024;1;8.097595;1;0.6216196466638092;1.1053986549377441
/m/023s8;/people/person/gender;/m/02zsn;/m/01j2xj;/base/popstra/celebrity/dated./base/popstra/dated/participant;/m/023s8;/m/023s8;/people/person/spouse_s./people/marriage/type_of_union;/m/04ztj;7.8265452;1;8.594024;1;8.105081;1;0.619857422120213;1.1082792282104492
/m/023s8;/people/person/gender;/m/02zsn;/m/023s8;/people/person/spouse_s./people/marriage/type_of_union;/m/04ztj;/m/023s8;/award/award_nominee/award_nominations./award/award_nomination/award;/m/0cqhk0;7.8265452;1;8.594024;1;8.082612;1;0.6251373437874264;1.107550859451294
/m/023s8;/people/person/gender;/m/02zsn;/m/023s8;/award/award_nominee/award_nominations./award/award_nomination/award;/m/09qj50;/m/023s8;/people/person/nationality;/m/09c7w0;7.8265452;1;8.594024;1;8.108195;1;0.6191232187085692;1.1032752990722656
/m/023s8;/people/person/gender;/m/02zsn;/m/023s8;/people/person/places_lived./people/place_lived/location;/m/05fjf;/m/023s8;/people/person/spouse_s./people/marriage/type_of_union;/m/04ztj;7.8265452;1;8.594024;1;8.101831;1;0.6206227385947438;1.1020276546478271
/m/023s8;/people/person/gender;/m/02zsn;/m/023s8;/base/popstra/celebrity/canoodled./base/popstra/canoodled/participant;/m/01j2xj;/m/023s8;/people/person/spouse_s./people/marriage/type_of_union;/m/04ztj;7.8265452;1;8.594024;1;8.117606;1;0.6169015732756085;1.1079654693603516
/m/023s8;/people/person/gender;/m/02zsn;/m/0vjr;/tv/tv_program/regular_cast./tv/regular_tv_appearance/actor;/m/023s8;/m/023s8;/people/person/spouse_s./people/marriage/type_of_union;/m/04ztj;7.8265452;1;8.594024;1;8.110347;1;0.618615746895471;1.1127805709838867
/m/023s8;/people/person/gender;/m/02zsn;/m/023s8;/base/popstra/celebrity/dated./base/popstra/dated/participant;/m/0mdqp;/m/023s8;/people/person/spouse_s./people/marriage/type_of_union;/m/04ztj;7.8265452;1;8.594024;1;8.126471;1;0.6148044538803881;1.1118626594543457
/m/023s8;/people/person/gender;/m/02zsn;/m/0mdqp;/base/popstra/celebrity/dated./base/popstra/dated/participant;/m/023s8;/m/023s8;/people/person/spouse_s./people/marriage/type_of_union;/m/04ztj;7.8265452;1;8.594024;1;8.128786;1;0.6142559467195348;1.1087899208068848
/m/023s8;/people/person/gender;/m/02zsn;/m/023s8;/people/person/places_lived./people/place_lived/location;/m/04ykg;/m/023s8;/people/person/spouse_s./people/marriage/type_of_union;/m/04ztj;7.8265452;1;8.594024;1;8.11758;1;0.6169076586708403;1.1077508926391602
/m/023s8;/people/person/gender;/m/02zsn;/m/023s8;/people/person/spouse_s./people/marriage/location_of_ceremony;/m/0f25y;/m/023s8;/people/person/spouse_s./people/marriage/type_of_union;/m/04ztj;7.8265452;1;8.594024;1;8.122242;1;0.6158053813508918;1.1084988117218018
/m/023s8;/people/person/gender;/m/02zsn;/m/016z2j;/base/popstra/celebrity/canoodled./base/popstra/canoodled/participant;/m/023s8;/m/023s8;/people/person/spouse_s./people/marriage/type_of_union;/m/04ztj;7.8265452;1;8.594024;1;8.135659;1;0.61262611528133;1.1085426807403564
/m/023s8;/people/person/gender;/m/02zsn;/m/023s8;/base/popstra/celebrity/canoodled./base/popstra/canoodled/participant;/m/016z2j;/m/023s8;/people/person/spouse_s./people/marriage/type_of_union;/m/04ztj;7.8265452;1;8.594024;1;8.13661;1;0.612400448535213;1.1071643829345703
/m/023s8;/people/person/gender;/m/02zsn;/m/0mdqp;/celebrities/celebrity/sexual_relationships./celebrities/romantic_relationship/celebrity;/m/023s8;/m/023s8;/people/person/spouse_s./people/marriage/type_of_union;/m/04ztj;7.8265452;1;8.594024;1;8.139249;1;0.6117738972973206;1.1063361167907715
/m/023s8;/people/person/gender;/m/02zsn;/m/0c0k1;/base/popstra/celebrity/dated./base/popstra/dated/participant;/m/023s8;/m/023s8;/people/person/spouse_s./people/marriage/type_of_union;/m/04ztj;7.8265452;1;8.594024;1;8.138545;1;0.611941044049426;1.1052052974700928
/m/023s8;/people/person/gender;/m/02zsn;/m/023s8;/base/popstra/celebrity/dated./base/popstra/dated/participant;/m/0c0k1;/m/023s8;/people/person/spouse_s./people/marriage/type_of_union;/m/04ztj;7.8265452;1;8.594024;1;8.140252;1;0.6115355884482466;1.1055045127868652
/m/01wwvc5;/people/person/nationality;/m/09c7w0;/m/01wwvc5;/people/person/spouse_s./people/marriage/type_of_union;/m/04ztj;/m/01wwvc5;/common/topic/webpage./common/webpage/category;/m/08mbj5d;7.420977;1;8.282194;1;7.7526817;1;0.6293693810889118;1.420555591583252
/m/01wwvc5;/people/person/nationality;/m/09c7w0;/m/01wwvc5;/common/topic/webpage./common/webpage/category;/m/08mbj5d;/m/01wwvc5;/people/person/gender;/m/05zppz;7.420977;1;8.282194;1;7.7752485;1;0.624090181662419;1.418440341949463
/m/01wwvc5;/people/person/nationality;/m/09c7w0;/m/01wwvc5;/common/topic/webpage./common/webpage/category;/m/08mbj5d;/m/01wwvc5;/people/person/profession;/m/01d_h8;7.420977;1;8.282194;1;7.847627;1;0.6069636908610544;1.414659023284912
/m/01wwvc5;/people/person/nationality;/m/09c7w0;/m/01wwvc5;/people/person/spouse_s./people/marriage/type_of_union;/m/04ztj;/m/01wwvc5;/people/person/gender;/m/05zppz;7.420977;1;8.282194;1;7.8180685;1;0.6139924335148726;1.4225716590881348
/m/01wwvc5;/people/person/nationality;/m/09c7w0;/m/01wwvc5;/people/person/spouse_s./people/marriage/type_of_union;/m/04ztj;/m/01wwvc5;/people/person/profession;/m/01d_h8;7.420977;1;8.282194;1;7.901235;1;0.5941043894255572;1.4220492839813232
/m/01wwvc5;/people/person/nationality;/m/09c7w0;/m/01wwvc5;/people/person/profession;/m/01d_h8;/m/01wwvc5;/people/person/gender;/m/05zppz;7.420977;1;8.282194;1;7.920247;1;0.5895116804430152;1.4183781147003174
/m/01wwvc5;/people/person/nationality;/m/09c7w0;/m/01wwvc5;/people/person/place_of_birth;/m/0ftxw;/m/01wwvc5;/common/topic/webpage./common/webpage/category;/m/08mbj5d;7.420977;1;8.282194;1;7.946457;1;0.5831546745652931;1.4154086112976074
/m/01wwvc5;/people/person/nationality;/m/09c7w0;/m/01wwvc5;/music/group_member/membership./music/group_membership/role;/m/0342h;/m/01wwvc5;/common/topic/webpage./common/webpage/category;/m/08mbj5d;7.420977;1;8.282194;1;7.951778;1;0.5818606418850281;1.4193751811981201
/m/01wwvc5;/people/person/nationality;/m/09c7w0;/m/01wwvc5;/common/topic/webpage./common/webpage/category;/m/08mbj5d;/m/01wwvc5;/people/person/profession;/m/0nbcg;7.420977;1;8.282194;1;7.949796;1;0.5823427173952478;1.41788649559021
/m/01wwvc5;/people/person/nationality;/m/09c7w0;/m/015_1q;/music/record_label/artist;/m/01wwvc5;/m/01wwvc5;/common/topic/webpage./common/webpage/category;/m/08mbj5d;7.420977;1;8.282194;1;7.9578776;1;0.5803758549653203;1.4181385040283203
/m/01wwvc5;/people/person/nationality;/m/09c7w0;/m/01wwvc5;/people/person/places_lived./people/place_lived/location;/m/0ftxw;/m/01wwvc5;/common/topic/webpage./common/webpage/category;/m/08mbj5d;7.420977;1;8.282194;1;7.959883;1;0.5798873386940664;1.416585922241211
/m/01wwvc5;/people/person/nationality;/m/09c7w0;/m/01wwvc5;/people/person/profession;/m/016z4k;/m/01wwvc5;/common/topic/webpage./common/webpage/category;/m/08mbj5d;7.420977;1;8.282194;1;7.957456;1;0.5804785093352379;1.4178032875061035
/m/01wwvc5;/people/person/nationality;/m/09c7w0;/m/01wwvc5;/common/topic/webpage./common/webpage/category;/m/08mbj5d;/m/064t9;/music/genre/artists;/m/01wwvc5;7.420977;1;8.282194;1;7.9652753;1;0.5785731692915405;1.419684648513794
/m/01wwvc5;/people/person/nationality;/m/09c7w0;/m/01wwvc5;/common/topic/webpage./common/webpage/category;/m/08mbj5d;/m/025sc50;/music/genre/artists;/m/01wwvc5;7.420977;1;8.282194;1;7.9732256;1;0.5766334744788862;1.4177675247192383
/m/01wwvc5;/people/person/nationality;/m/09c7w0;/m/01wwvc5;/common/topic/webpage./common/webpage/category;/m/08mbj5d;/m/01wwvc5;/music/artist/track_contributions./music/track_contribution/role;/m/0342h;7.420977;1;8.282194;1;7.9770412;1;0.5757016985498415;1.4191758632659912
/m/01wwvc5;/people/person/nationality;/m/09c7w0;/m/01wwvc5;/common/topic/webpage./common/webpage/category;/m/08mbj5d;/m/06j6l;/music/genre/artists;/m/01wwvc5;7.420977;1;8.282194;1;7.976486;1;0.575837271677939;1.4165289402008057
/m/01wwvc5;/people/person/nationality;/m/09c7w0;/m/01wwvc5;/common/topic/webpage./common/webpage/category;/m/08mbj5d;/m/01wwvc5;/music/artist/track_contributions./music/track_contribution/role;/m/01vdm0;7.420977;1;8.282194;1;7.97659;1;0.5758118817023409;1.4192359447479248
/m/01wwvc5;/people/person/nationality;/m/09c7w0;/m/01wwvc5;/award/award_nominee/award_nominations./award/award_nomination/award;/m/01by1l;/m/01wwvc5;/common/topic/webpage./common/webpage/category;/m/08mbj5d;7.420977;1;8.282194;1;7.978756;1;0.5752827942198392;1.4191410541534424
/m/01wwvc5;/people/person/nationality;/m/09c7w0;/m/0gywn;/music/genre/artists;/m/01wwvc5;/m/01wwvc5;/common/topic/webpage./common/webpage/category;/m/08mbj5d;7.420977;1;8.282194;1;7.9784293;1;0.5753625994252667;1.4140827655792236
/m/01wwvc5;/people/person/nationality;/m/09c7w0;/m/01wwvc5;/music/group_member/membership./music/group_membership/role;/m/05148p4;/m/01wwvc5;/common/topic/webpage./common/webpage/category;/m/08mbj5d;7.420977;1;8.282194;1;7.979506;1;0.575099518658817;1.4280874729156494
/m/01wwvc5;/people/person/nationality;/m/09c7w0;/m/05148p4;/music/instrument/instrumentalists;/m/01wwvc5;/m/01wwvc5;/common/topic/webpage./common/webpage/category;/m/08mbj5d;7.420977;1;8.282194;1;7.9810724;1;0.5747167056432607;1.4170525074005127
/m/01wwvc5;/people/person/nationality;/m/09c7w0;/m/01wwvc5;/common/topic/webpage./common/webpage/category;/m/08mbj5d;/m/01wwvc5;/award/award_nominee/award_nominations./award/award_nomination/award;/m/025m8l;7.420977;1;8.282194;1;7.9827514;1;0.5743062911940613;1.415196418762207
/m/01wwvc5;/people/person/nationality;/m/09c7w0;/m/02x8fs;/award/award_winning_work/awards_won./award/award_honor/award_winner;/m/01wwvc5;/m/01wwvc5;/common/topic/webpage./common/webpage/category;/m/08mbj5d;7.420977;1;8.282194;1;7.9885235;1;0.5728945314467166;1.424010992050171
/m/01wwvc5;/people/person/nationality;/m/09c7w0;/m/01wwvc5;/common/topic/webpage./common/webpage/category;/m/08mbj5d;/m/01by1l;/award/award_category/winners./award/award_honor/award_winner;/m/01wwvc5;7.420977;1;8.282194;1;7.986944;1;0.5732809163452093;1.4234986305236816
/m/01wwvc5;/people/person/nationality;/m/09c7w0;/m/01wwvc5;/common/topic/webpage./common/webpage/category;/m/08mbj5d;/m/033hn8;/music/record_label/artist;/m/01wwvc5;7.420977;1;8.282194;1;7.9894104;1;0.572677500885103;1.4179751873016357
/m/01wwvc5;/people/person/nationality;/m/09c7w0;/m/01wwvc5;/award/award_nominee/award_nominations./award/award_nomination/nominated_for;/m/0258dh;/m/01wwvc5;/common/topic/webpage./common/webpage/category;/m/08mbj5d;7.420977;1;8.282194;1;7.9908895;1;0.5723154877108055;1.4128334522247314
/m/01wwvc5;/people/person/nationality;/m/09c7w0;/m/01wwvc5;/common/topic/webpage./common/webpage/category;/m/08mbj5d;/m/01wwvc5;/people/person/profession;/m/0dz3r;7.420977;1;8.282194;1;7.9857144;1;0.5735817260151602;1.4164342880249023
/m/01wwvc5;/people/person/nationality;/m/09c7w0;/m/0ggx5q;/music/genre/artists;/m/01wwvc5;/m/01wwvc5;/common/topic/webpage./common/webpage/category;/m/08mbj5d;7.420977;1;8.282194;1;7.9877467;1;0.573084585165704;1.4216058254241943
/m/01wwvc5;/people/person/nationality;/m/09c7w0;/m/02vjzr;/music/genre/artists;/m/01wwvc5;/m/01wwvc5;/common/topic/webpage./common/webpage/category;/m/08mbj5d;7.420977;1;8.282194;1;7.9891133;1;0.572750197575372;1.4161255359649658
/m/01wwvc5;/people/person/nationality;/m/09c7w0;/m/01wwvc5;/music/artist/track_contributions./music/track_contribution/role;/m/042v_gx;/m/01wwvc5;/common/topic/webpage./common/webpage/category;/m/08mbj5d;7.420977;1;8.282194;1;7.9893656;1;0.5726884697682653;1.4170780181884766
/m/06dv3;/award/award_nominee/award_nominations./award/award_nomination/award;/m/09sb52;/m/06dv3;/award/award_nominee/award_nominations./award/award_nomination/award;/m/099ck7;/m/06dv3;/award/award_nominee/award_nominations./award/award_nomination/award;/m/09qv_s;7.7384;1;9.349397;1;9.338221;3;2.5027939982464247;1.5283780097961426
/m/06dv3;/award/award_nominee/award_nominations./award/award_nomination/award;/m/09sb52;/m/06dv3;/people/person/gender;/m/05zppz;/m/06dv3;/award/award_nominee/award_nominations./award/award_nomination/award;/m/09qv_s;7.7384;1;9.349397;1;9.223271;2;1.531489601320548;1.531766653060913
/m/06dv3;/award/award_nominee/award_nominations./award/award_nomination/award;/m/09sb52;/m/06dv3;/people/person/spouse_s./people/marriage/type_of_union;/m/04ztj;/m/06dv3;/award/award_nominee/award_nominations./award/award_nomination/award;/m/09qv_s;7.7384;1;9.349397;1;9.235286;2;1.528496821215001;1.5308806896209717
/m/06dv3;/award/award_nominee/award_nominations./award/award_nomination/award;/m/09sb52;/m/06dv3;/people/person/gender;/m/05zppz;/m/06dv3;/award/award_nominee/award_nominations./award/award_nomination/award;/m/099ck7;7.7384;1;9.349397;1;9.239243;2;1.5275107258182408;1.5306367874145508
/m/06dv3;/award/award_nominee/award_nominations./award/award_nomination/award;/m/09sb52;/m/06dv3;/people/person/spouse_s./people/marriage/type_of_union;/m/04ztj;/m/06dv3;/award/award_nominee/award_nominations./award/award_nomination/award;/m/099ck7;7.7384;1;9.349397;1;9.251103;2;1.524553560457249;1.5376496315002441
/m/06dv3;/award/award_nominee/award_nominations./award/award_nomination/award;/m/09sb52;/m/06dv3;/people/person/profession;/m/01d_h8;/m/06dv3;/award/award_nominee/award_nominations./award/award_nomination/award;/m/09qv_s;7.7384;1;9.349397;1;9.273588;2;1.5189430600995775;1.5300514698028564
/m/06dv3;/award/award_nominee/award_nominations./award/award_nomination/award;/m/09sb52;/m/06dv3;/people/person/profession;/m/09jwl;/m/06dv3;/award/award_nominee/award_nominations./award/award_nomination/award;/m/09qv_s;7.7384;1;9.349397;1;9.278322;2;1.51776114524987;1.5289981365203857
/m/06dv3;/award/award_nominee/award_nominations./award/award_nomination/award;/m/09sb52;/m/06dv3;/people/person/profession;/m/01d_h8;/m/06dv3;/award/award_nominee/award_nominations./award/award_nomination/award;/m/099ck7;7.7384;1;9.349397;1;9.289638;2;1.5149353405670696;1.5289576053619385
/m/06dv3;/award/award_nominee/award_nominations./award/award_nomination/award;/m/09sb52;/m/06dv3;/people/person/nationality;/m/0chghy;/m/06dv3;/award/award_nominee/award_nominations./award/award_nomination/award;/m/09qv_s;7.7384;1;9.349397;1;9.292552;2;1.514207352322047;1.531423807144165
/m/06dv3;/award/award_nominee/award_nominations./award/award_nomination/award;/m/09sb52;/m/06dv3;/people/person/profession;/m/09jwl;/m/06dv3;/award/award_nominee/award_nominations./award/award_nomination/award;/m/099ck7;7.7384;1;9.349397;1;9.294298;2;1.5137711496569608;1.529775619506836
/m/06dv3;/award/award_nominee/award_nominations./award/award_nomination/award;/m/09sb52;/m/06dv3;/people/person/nationality;/m/0ctw_b;/m/06dv3;/award/award_nominee/award_nominations./award/award_nomination/award;/m/09qv_s;7.7384;1;9.349397;1;9.300935;2;1.5121131079146006;1.527937412261963
/m/04gzd;/location/location/time_zones;/m/03plfd;/m/02j9z;/location/location/contains;/m/04gzd;/m/04gzd;/user/tsegaran/random/taxonomy_subject/entry./user/tsegaran/random/taxonomy_entry/taxonomy;/m/04n6k;7.7302837;1;8.669229;1;8.571784;1;0.5243418752272451;1.749589204788208
/m/04gzd;/location/location/time_zones;/m/03plfd;/m/02j9z;/location/location/contains;/m/04gzd;/m/02qkt;/location/location/contains;/m/04gzd;7.7302837;1;8.669229;1;8.572828;1;0.5240814190461689;1.751312494277954
/m/04gzd;/location/location/time_zones;/m/03plfd;/m/04gzd;/location/location/contains;/m/0171b8;/m/02j9z;/location/location/contains;/m/04gzd;7.7302837;1;8.669229;1;8.575472;1;0.5234220142043998;1.7482795715332031
/m/04gzd;/location/location/time_zones;/m/03plfd;/m/04gzd;/location/location/contains;/m/07_kq;/m/02j9z;/location/location/contains;/m/04gzd;7.7302837;1;8.669229;1;8.578575;1;0.5226478469169726;1.7498648166656494
/m/04gzd;/location/location/time_zones;/m/03plfd;/m/02j9z;/location/location/contains;/m/04gzd;/m/0171b8;/base/biblioness/bibs_location/country;/m/04gzd;7.7302837;1;8.669229;1;8.579411;1;0.5224394168173261;1.7571485042572021
/m/04gzd;/location/location/time_zones;/m/03plfd;/m/07_kq;/base/biblioness/bibs_location/country;/m/04gzd;/m/02j9z;/location/location/contains;/m/04gzd;7.7302837;1;8.669229;1;8.581804;1;0.5218421596930032;1.752777099609375
/m/04gzd;/location/location/time_zones;/m/03plfd;/m/02j9z;/location/location/contains;/m/04gzd;/m/04gzd;/location/country/capital;/m/07_kq;7.7302837;1;8.669229;1;8.583153;1;0.5215056693022826;1.751741886138916
/m/04gzd;/location/location/time_zones;/m/03plfd;/m/02j9z;/location/location/contains;/m/04gzd;/m/05nqz;/time/event/locations;/m/04gzd;7.7302837;1;8.669229;1;8.586335;1;0.5207114846656766;1.750948190689087
/m/04gzd;/location/location/time_zones;/m/03plfd;/m/02j9z;/location/location/contains;/m/04gzd;/m/04g5k;/location/location/adjoin_s./location/adjoining_relationship/adjoins;/m/04gzd;7.7302837;1;8.669229;1;8.587049;1;0.5205334509476158;1.7514252662658691
/m/04gzd;/location/location/time_zones;/m/03plfd;/m/04gzd;/location/location/adjoin_s./location/adjoining_relationship/adjoins;/m/04g5k;/m/02j9z;/location/location/contains;/m/04gzd;7.7302837;1;8.669229;1;8.58723;1;0.5204882276466753;1.7519841194152832
/m/04gzd;/location/location/time_zones;/m/03plfd;/m/03_8r;/olympics/olympic_sport/athletes./olympics/olympic_athlete_affiliation/country;/m/04gzd;/m/02j9z;/location/location/contains;/m/04gzd;7.7302837;1;8.669229;1;8.588986;1;0.5200497823487517;1.7512059211730957
/m/06t2t;/travel/travel_destination/climate./travel/travel_destination_monthly_climate/month;/m/040fb;/m/06t2t;/travel/travel_destination/climate./travel/travel_destination_monthly_climate/month;/m/040fv;/m/06t2t;/travel/travel_destination/climate./travel/travel_destination_monthly_climate/month;/m/02xx5;5.3567924;1;5.5279174;1;5.324178;3;2.550759329427611;1.9388630390167236
/m/06t2t;/travel/travel_destination/climate./travel/travel_destination_monthly_climate/month;/m/040fb;/m/06t2t;/travel/travel_destination/climate./travel/travel_destination_monthly_climate/month;/m/040fv;/m/06t2t;/travel/travel_destination/climate./travel/travel_destination_monthly_climate/month;/m/06vkl;5.3567924;1;5.5279174;1;5.3245416;3;2.550669426466362;1.9154937267303467
/m/06t2t;/travel/travel_destination/climate./travel/travel_destination_monthly_climate/month;/m/040fb;/m/06t2t;/travel/travel_destination/climate./travel/travel_destination_monthly_climate/month;/m/040fv;/m/06t2t;/travel/travel_destination/climate./travel/travel_destination_monthly_climate/month;/m/028kb;5.3567924;1;5.5279174;1;5.324859;3;2.5505908471511374;1.9243519306182861
/m/06t2t;/travel/travel_destination/climate./travel/travel_destination_monthly_climate/month;/m/040fb;/m/06t2t;/travel/travel_destination/climate./travel/travel_destination_monthly_climate/month;/m/02xx5;/m/06t2t;/travel/travel_destination/climate./travel/travel_destination_monthly_climate/month;/m/06vkl;5.3567924;1;5.5279174;1;5.324894;3;2.550582233949453;1.9182803630828857
/m/06t2t;/travel/travel_destination/climate./travel/travel_destination_monthly_climate/month;/m/040fb;/m/06t2t;/travel/travel_destination/climate./travel/travel_destination_monthly_climate/month;/m/040fv;/m/06t2t;/travel/travel_destination/climate./travel/travel_destination_monthly_climate/month;/m/04wzr;5.3567924;1;5.5279174;1;5.3250623;3;2.550540583381939;1.9162626266479492
/m/06t2t;/travel/travel_destination/climate./travel/travel_destination_monthly_climate/month;/m/040fb;/m/06t2t;/travel/travel_destination/climate./travel/travel_destination_monthly_climate/month;/m/028kb;/m/06t2t;/travel/travel_destination/climate./travel/travel_destination_monthly_climate/month;/m/02xx5;5.3567924;1;5.5279174;1;5.325221;3;2.5505012919703667;1.9153659343719482
/m/06t2t;/travel/travel_destination/climate./travel/travel_destination_monthly_climate/month;/m/040fb;/m/06t2t;/travel/travel_destination/climate./travel/travel_destination_monthly_climate/month;/m/028kb;/m/06t2t;/travel/travel_destination/climate./travel/travel_destination_monthly_climate/month;/m/06vkl;5.3567924;1;5.5279174;1;5.325531;3;2.550424595207791;1.9171874523162842
/m/06t2t;/travel/travel_destination/climate./travel/travel_destination_monthly_climate/month;/m/040fb;/m/06t2t;/travel/travel_destination/climate./travel/travel_destination_monthly_climate/month;/m/02xx5;/m/06t2t;/travel/travel_destination/climate./travel/travel_destination_monthly_climate/month;/m/04wzr;5.3567924;1;5.5279174;1;5.3254275;3;2.5504502003937475;1.9238245487213135
/m/06t2t;/travel/travel_destination/climate./travel/travel_destination_monthly_climate/month;/m/040fb;/m/06t2t;/travel/travel_destination/climate./travel/travel_destination_monthly_climate/month;/m/04wzr;/m/06t2t;/travel/travel_destination/climate./travel/travel_destination_monthly_climate/month;/m/06vkl;5.3567924;1;5.5279174;1;5.3257847;3;2.5503618200732667;1.919130802154541
/m/06t2t;/travel/travel_destination/climate./travel/travel_destination_monthly_climate/month;/m/040fb;/m/06t2t;/travel/travel_destination/climate./travel/travel_destination_monthly_climate/month;/m/028kb;/m/06t2t;/travel/travel_destination/climate./travel/travel_destination_monthly_climate/month;/m/04wzr;5.3567924;1;5.5279174;1;5.3261046;3;2.55028264087772;1.9399943351745605
/m/06t2t;/travel/travel_destination/climate./travel/travel_destination_monthly_climate/month;/m/040fb;/m/06t2t;/travel/travel_destination/climate./travel/travel_destination_monthly_climate/month;/m/040fv;/m/06t2t;/travel/travel_destination/climate./travel/travel_destination_monthly_climate/month;/m/05cw8;5.3567924;1;5.5279174;1;5.326532;3;2.5501769073094964;1.934988260269165
/m/06t2t;/travel/travel_destination/climate./travel/travel_destination_monthly_climate/month;/m/040fb;/m/06t2t;/travel/travel_destination/climate./travel/travel_destination_monthly_climate/month;/m/05cw8;/m/06t2t;/travel/travel_destination/climate./travel/travel_destination_monthly_climate/month;/m/02xx5;5.3567924;1;5.5279174;1;5.3268876;3;2.5500888712144563;1.916210651397705
/m/06t2t;/travel/travel_destination/climate./travel/travel_destination_monthly_climate/month;/m/040fb;/m/06t2t;/travel/travel_destination/climate./travel/travel_destination_monthly_climate/month;/m/040fv;/m/06t2t;/travel/travel_destination/climate./travel/travel_destination_monthly_climate/month;/m/05lf_;5.3567924;1;5.5279174;1;5.3270445;3;2.550050044647186;1.9255242347717285
/m/06t2t;/travel/travel_destination/climate./travel/travel_destination_monthly_climate/month;/m/040fb;/m/06t2t;/travel/travel_destination/climate./travel/travel_destination_monthly_climate/month;/m/040fv;/m/06t2t;/travel/travel_destination/climate./travel/travel_destination_monthly_climate/month;/m/0lkm;5.3567924;1;5.5279174;1;5.3270593;3;2.550046386185396;1.9155220985412598
/m/06t2t;/travel/travel_destination/climate./travel/travel_destination_monthly_climate/month;/m/040fb;/m/06t2t;/travel/travel_destination/climate./travel/travel_destination_monthly_climate/month;/m/040fv;/m/06t2t;/travel/travel_destination/climate./travel/travel_destination_monthly_climate/month;/m/03_ly;5.3567924;1;5.5279174;1;5.327052;3;2.550048156409519;1.9142889976501465
/m/06t2t;/travel/travel_destination/climate./travel/travel_destination_monthly_climate/month;/m/040fb;/m/06t2t;/travel/travel_destination/climate./travel/travel_destination_monthly_climate/month;/m/05cw8;/m/06t2t;/travel/travel_destination/climate./travel/travel_destination_monthly_climate/month;/m/06vkl;5.3567924;1;5.5279174;1;5.3271766;3;2.550017354328991;1.915506362915039
/m/06t2t;/travel/travel_destination/climate./travel/travel_destination_monthly_climate/month;/m/040fb;/m/06t2t;/travel/travel_destination/climate./travel/travel_destination_monthly_climate/month;/m/02xx5;/m/06t2t;/travel/travel_destination/climate./travel/travel_destination_monthly_climate/month;/m/05lf_;5.3567924;1;5.5279174;1;5.3274283;3;2.549955040901787;1.9156038761138916
/m/06t2t;/travel/travel_destination/climate./travel/travel_destination_monthly_climate/month;/m/040fb;/m/06t2t;/travel/travel_destination/climate./travel/travel_destination_monthly_climate/month;/m/02xx5;/m/06t2t;/travel/travel_destination/climate./travel/travel_destination_monthly_climate/month;/m/0lkm;5.3567924;1;5.5279174;1;5.327433;3;2.549953860708111;1.920506477355957
/m/06t2t;/travel/travel_destination/climate./travel/travel_destination_monthly_climate/month;/m/040fb;/m/06t2t;/travel/travel_destination/climate./travel/travel_destination_monthly_climate/month;/m/02xx5;/m/06t2t;/travel/travel_destination/climate./travel/travel_destination_monthly_climate/month;/m/03_ly;5.3567924;1;5.5279174;1;5.327409;3;2.5499598796899807;1.9262244701385498
/m/06t2t;/travel/travel_destination/climate./travel/travel_destination_monthly_climate/month;/m/040fb;/m/06t2t;/travel/travel_destination/climate./travel/travel_destination_monthly_climate/month;/m/028kb;/m/06t2t;/travel/travel_destination/climate./travel/travel_destination_monthly_climate/month;/m/05cw8;5.3567924;1;5.5279174;1;5.327509;3;2.5499350955531277;1.9343314170837402
/m/06t2t;/travel/travel_destination/climate./travel/travel_destination_monthly_climate/month;/m/040fb;/m/06t2t;/travel/travel_destination/climate./travel/travel_destination_monthly_climate/month;/m/05lf_;/m/06t2t;/travel/travel_destination/climate./travel/travel_destination_monthly_climate/month;/m/06vkl;5.3567924;1;5.5279174;1;5.327784;3;2.5498669969108976;1.9341135025024414
/m/06t2t;/travel/travel_destination/climate./travel/travel_destination_monthly_climate/month;/m/040fb;/m/06t2t;/travel/travel_destination/climate./travel/travel_destination_monthly_climate/month;/m/06vkl;/m/06t2t;/travel/travel_destination/climate./travel/travel_destination_monthly_climate/month;/m/0lkm;5.3567924;1;5.5279174;1;5.327753;3;2.5498746684285094;1.915402889251709
/m/06t2t;/travel/travel_destination/climate./travel/travel_destination_monthly_climate/month;/m/040fb;/m/06t2t;/travel/travel_destination/climate./travel/travel_destination_monthly_climate/month;/m/03_ly;/m/06t2t;/travel/travel_destination/climate./travel/travel_destination_monthly_climate/month;/m/06vkl;5.3567924;1;5.5279174;1;5.3277125;3;2.5498847003772913;1.9153876304626465
/m/06t2t;/travel/travel_destination/climate./travel/travel_destination_monthly_climate/month;/m/040fb;/m/06t2t;/travel/travel_destination/climate./travel/travel_destination_monthly_climate/month;/m/05cw8;/m/06t2t;/travel/travel_destination/climate./travel/travel_destination_monthly_climate/month;/m/04wzr;5.3567924;1;5.5279174;1;5.3277636;3;2.549872071917511;1.9271204471588135
/m/06t2t;/travel/travel_destination/climate./travel/travel_destination_monthly_climate/month;/m/040fb;/m/06t2t;/travel/travel_destination/climate./travel/travel_destination_monthly_climate/month;/m/028kb;/m/06t2t;/travel/travel_destination/climate./travel/travel_destination_monthly_climate/month;/m/05lf_;5.3567924;1;5.5279174;1;5.328101;3;2.549788510022818;1.9165420532226562
/m/06t2t;/travel/travel_destination/climate./travel/travel_destination_monthly_climate/month;/m/040fb;/m/06t2t;/travel/travel_destination/climate./travel/travel_destination_monthly_climate/month;/m/028kb;/m/06t2t;/travel/travel_destination/climate./travel/travel_destination_monthly_climate/month;/m/0lkm;5.3567924;1;5.5279174;1;5.3280764;3;2.5497946474327584;1.9154868125915527
/m/06t2t;/travel/travel_destination/climate./travel/travel_destination_monthly_climate/month;/m/040fb;/m/06t2t;/travel/travel_destination/climate./travel/travel_destination_monthly_climate/month;/m/028kb;/m/06t2t;/travel/travel_destination/climate./travel/travel_destination_monthly_climate/month;/m/03_ly;5.3567924;1;5.5279174;1;5.3280497;3;2.549801256934207;1.9155173301696777
/m/06t2t;/travel/travel_destination/climate./travel/travel_destination_monthly_climate/month;/m/040fb;/m/06t2t;/travel/travel_destination/climate./travel/travel_destination_monthly_climate/month;/m/04wzr;/m/06t2t;/travel/travel_destination/climate./travel/travel_destination_monthly_climate/month;/m/05lf_;5.3567924;1;5.5279174;1;5.328295;3;2.549740472464;1.9155118465423584
/m/06t2t;/travel/travel_destination/climate./travel/travel_destination_monthly_climate/month;/m/040fb;/m/06t2t;/travel/travel_destination/climate./travel/travel_destination_monthly_climate/month;/m/04wzr;/m/06t2t;/travel/travel_destination/climate./travel/travel_destination_monthly_climate/month;/m/0lkm;5.3567924;1;5.5279174;1;5.3283067;3;2.549737639753433;1.9291746616363525
/m/06t2t;/travel/travel_destination/climate./travel/travel_destination_monthly_climate/month;/m/040fb;/m/06t2t;/travel/travel_destination/climate./travel/travel_destination_monthly_climate/month;/m/04wzr;/m/06t2t;/travel/travel_destination/climate./travel/travel_destination_monthly_climate/month;/m/03_ly;5.3567924;1;5.5279174;1;5.3283005;3;2.5497391741387236;1.9289968013763428
/m/06t2t;/travel/travel_destination/climate./travel/travel_destination_monthly_climate/month;/m/040fb;/m/06t2t;/travel/travel_destination/climate./travel/travel_destination_monthly_climate/month;/m/05cw8;/m/06t2t;/travel/travel_destination/climate./travel/travel_destination_monthly_climate/month;/m/05lf_;5.3567924;1;5.5279174;1;5.329747;3;2.5493810466202085;1.9314327239990234
/m/06t2t;/travel/travel_destination/climate./travel/travel_destination_monthly_climate/month;/m/040fb;/m/06t2t;/travel/travel_destination/climate./travel/travel_destination_monthly_climate/month;/m/05cw8;/m/06t2t;/travel/travel_destination/climate./travel/travel_destination_monthly_climate/month;/m/0lkm;5.3567924;1;5.5279174;1;5.3297296;3;2.549385414337938;1.9166052341461182
/m/06t2t;/travel/travel_destination/climate./travel/travel_destination_monthly_climate/month;/m/040fb;/m/06t2t;/travel/travel_destination/climate./travel/travel_destination_monthly_climate/month;/m/05cw8;/m/06t2t;/travel/travel_destination/climate./travel/travel_destination_monthly_climate/month;/m/03_ly;5.3567924;1;5.5279174;1;5.329693;3;2.5493945038882706;1.9150116443634033
/m/06t2t;/travel/travel_destination/climate./travel/travel_destination_monthly_climate/month;/m/040fb;/m/06t2t;/travel/travel_destination/climate./travel/travel_destination_monthly_climate/month;/m/05lf_;/m/06t2t;/travel/travel_destination/climate./travel/travel_destination_monthly_climate/month;/m/0lkm;5.3567924;1;5.5279174;1;5.3303084;3;2.549242102009651;1.9147636890411377
/m/06t2t;/travel/travel_destination/climate./travel/travel_destination_monthly_climate/month;/m/040fb;/m/06t2t;/travel/travel_destination/climate./travel/travel_destination_monthly_climate/month;/m/03_ly;/m/06t2t;/travel/travel_destination/climate./travel/travel_destination_monthly_climate/month;/m/05lf_;5.3567924;1;5.5279174;1;5.33029;3;2.5492467060748587;1.9152798652648926
/m/06t2t;/travel/travel_destination/climate./travel/travel_destination_monthly_climate/month;/m/040fb;/m/06t2t;/travel/travel_destination/climate./travel/travel_destination_monthly_climate/month;/m/03_ly;/m/06t2t;/travel/travel_destination/climate./travel/travel_destination_monthly_climate/month;/m/0lkm;5.3567924;1;5.5279174;1;5.330278;3;2.5492496573942742;1.9141042232513428
/m/06t2t;/travel/travel_destination/climate./travel/travel_destination_monthly_climate/month;/m/040fb;/m/06t2t;/travel/travel_destination/climate./travel/travel_destination_monthly_climate/month;/m/040fv;/m/06t2t;/travel/travel_destination/how_to_get_here./travel/transportation/mode_of_transportation;/m/01bjv;5.3567924;1;5.5279174;1;5.3048906;2;1.555526716148137;1.915717363357544
/m/06t2t;/travel/travel_destination/climate./travel/travel_destination_monthly_climate/month;/m/040fb;/m/06t2t;/travel/travel_destination/how_to_get_here./travel/transportation/mode_of_transportation;/m/01bjv;/m/06t2t;/travel/travel_destination/climate./travel/travel_destination_monthly_climate/month;/m/02xx5;5.3567924;1;5.5279174;1;5.3051934;2;1.5554519505647622;1.914177417755127
/m/06t2t;/travel/travel_destination/climate./travel/travel_destination_monthly_climate/month;/m/040fb;/m/06t2t;/travel/travel_destination/how_to_get_here./travel/transportation/mode_of_transportation;/m/01bjv;/m/06t2t;/travel/travel_destination/climate./travel/travel_destination_monthly_climate/month;/m/06vkl;5.3567924;1;5.5279174;1;5.3055954;2;1.555352690959059;1.940476894378662
/m/06t2t;/travel/travel_destination/climate./travel/travel_destination_monthly_climate/month;/m/040fb;/m/06t2t;/travel/travel_destination/climate./travel/travel_destination_monthly_climate/month;/m/028kb;/m/06t2t;/travel/travel_destination/how_to_get_here./travel/transportation/mode_of_transportation;/m/01bjv;5.3567924;1;5.5279174;1;5.305853;2;1.555289105971975;1.941800594329834
/m/06t2t;/travel/travel_destination/climate./travel/travel_destination_monthly_climate/month;/m/040fb;/m/06t2t;/travel/travel_destination/climate./travel/travel_destination_monthly_climate/month;/m/040fv;/m/06t2t;/travel/travel_destination/how_to_get_here./travel/transportation/mode_of_transportation;/m/07jdr;5.3567924;1;5.5279174;1;5.3065386;2;1.555119772681837;1.9263994693756104
/m/06t2t;/travel/travel_destination/climate./travel/travel_destination_monthly_climate/month;/m/040fb;/m/06t2t;/travel/travel_destination/how_to_get_here./travel/transportation/mode_of_transportation;/m/01bjv;/m/06t2t;/travel/travel_destination/climate./travel/travel_destination_monthly_climate/month;/m/04wzr;5.3567924;1;5.5279174;1;5.3060427;2;1.5552422403224364;1.9110493659973145
/m/06t2t;/travel/travel_destination/climate./travel/travel_destination_monthly_climate/month;/m/040fb;/m/06t2t;/travel/travel_destination/how_to_get_here./travel/transportation/mode_of_transportation;/m/07jdr;/m/06t2t;/travel/travel_destination/climate./travel/travel_destination_monthly_climate/month;/m/02xx5;5.3567924;1;5.5279174;1;5.3069115;2;1.5550276820259654;1.911158561706543
/m/01z4y;/media_common/netflix_genre/titles;/m/026mfbr;/m/01z4y;/media_common/netflix_genre/titles;/m/087vnr5;/m/01z4y;/media_common/netflix_genre/titles;/m/08952r;6.063329;1;6.953749;1;6.90476;3;2.512244875162664;2.1439287662506104
/m/01z4y;/media_common/netflix_genre/titles;/m/026mfbr;/m/01z4y;/media_common/netflix_genre/titles;/m/0fz3b1;/m/01z4y;/media_common/netflix_genre/titles;/m/08952r;6.063329;1;6.953749;1;6.9083934;3;2.511337005778271;2.163193464279175
/m/01z4y;/media_common/netflix_genre/titles;/m/026mfbr;/m/01z4y;/media_common/netflix_genre/titles;/m/02ph9tm;/m/01z4y;/media_common/netflix_genre/titles;/m/08952r;6.063329;1;6.953749;1;6.9108634;3;2.51071980215443;2.146625280380249
/m/01z4y;/media_common/netflix_genre/titles;/m/026mfbr;/m/01z4y;/media_common/netflix_genre/titles;/m/065_cjc;/m/01z4y;/media_common/netflix_genre/titles;/m/08952r;6.063329;1;6.953749;1;6.912232;3;2.5103778237924974;2.1622445583343506
/m/01z4y;/media_common/netflix_genre/titles;/m/026mfbr;/m/01z4y;/media_common/netflix_genre/titles;/m/0fz3b1;/m/01z4y;/media_common/netflix_genre/titles;/m/087vnr5;6.063329;1;6.953749;1;6.9122;3;2.510385807371465;2.1449484825134277
/m/01z4y;/media_common/netflix_genre/titles;/m/026mfbr;/m/01z4y;/media_common/netflix_genre/titles;/m/05fm6m;/m/01z4y;/media_common/netflix_genre/titles;/m/08952r;6.063329;1;6.953749;1;6.9130964;3;2.510161788532398;2.1442127227783203
/m/01z4y;/media_common/netflix_genre/titles;/m/026mfbr;/m/01z4y;/media_common/netflix_genre/titles;/m/07tw_b;/m/01z4y;/media_common/netflix_genre/titles;/m/08952r;6.063329;1;6.953749;1;6.914243;3;2.509875205302862;2.1453397274017334
/m/01z4y;/media_common/netflix_genre/titles;/m/026mfbr;/m/01z4y;/media_common/netflix_genre/titles;/m/06fpsx;/m/01z4y;/media_common/netflix_genre/titles;/m/08952r;6.063329;1;6.953749;1;6.9142346;3;2.5098773502328737;2.1443331241607666
/m/01z4y;/media_common/netflix_genre/titles;/m/026mfbr;/m/01z4y;/media_common/netflix_genre/titles;/m/02ph9tm;/m/01z4y;/media_common/netflix_genre/titles;/m/087vnr5;6.063329;1;6.953749;1;6.9144955;3;2.509812168031031;2.143427848815918
/m/01z4y;/media_common/netflix_genre/titles;/m/026mfbr;/m/01z4y;/media_common/netflix_genre/titles;/m/05fgt1;/m/01z4y;/media_common/netflix_genre/titles;/m/08952r;6.063329;1;6.953749;1;6.9153967;3;2.509586947265861;2.1450397968292236
/m/01z4y;/media_common/netflix_genre/titles;/m/026mfbr;/m/01z4y;/media_common/netflix_genre/titles;/m/02tgz4;/m/01z4y;/media_common/netflix_genre/titles;/m/08952r;6.063329;1;6.953749;1;6.9151707;3;2.509643431573002;2.1526899337768555
/m/01z4y;/media_common/netflix_genre/titles;/m/026mfbr;/m/01z4y;/media_common/netflix_genre/titles;/m/074w86;/m/01z4y;/media_common/netflix_genre/titles;/m/08952r;6.063329;1;6.953749;1;6.915365;3;2.5095948121840888;2.161987066268921
/m/01z4y;/media_common/netflix_genre/titles;/m/026mfbr;/m/01z4y;/media_common/netflix_genre/titles;/m/065_cjc;/m/01z4y;/media_common/netflix_genre/titles;/m/087vnr5;6.063329;1;6.953749;1;6.9158006;3;2.509486013728701;2.1443324089050293
/m/01z4y;/media_common/netflix_genre/titles;/m/026mfbr;/m/01z4y;/media_common/netflix_genre/titles;/m/034qzw;/m/01z4y;/media_common/netflix_genre/titles;/m/08952r;6.063329;1;6.953749;1;6.9157224;3;2.5095055570007787;2.14394211769104
/m/01z4y;/media_common/netflix_genre/titles;/m/026mfbr;/m/01z4y;/media_common/netflix_genre/titles;/m/0640m69;/m/01z4y;/media_common/netflix_genre/titles;/m/08952r;6.063329;1;6.953749;1;6.9159493;3;2.509448833765234;2.1442041397094727
/m/01z4y;/media_common/netflix_genre/titles;/m/026mfbr;/m/01z4y;/media_common/netflix_genre/titles;/m/03b_fm5;/m/01z4y;/media_common/netflix_genre/titles;/m/08952r;6.063329;1;6.953749;1;6.9163504;3;2.5093486141775703;2.1442370414733887
/m/01z4y;/media_common/netflix_genre/titles;/m/026mfbr;/m/01z4y;/media_common/netflix_genre/titles;/m/05fm6m;/m/01z4y;/media_common/netflix_genre/titles;/m/087vnr5;6.063329;1;6.953749;1;6.9166207;3;2.509281045969148;2.143723487854004
/m/01z4y;/media_common/netflix_genre/titles;/m/026mfbr;/m/01z4y;/media_common/netflix_genre/titles;/m/08952r;/m/01z4y;/media_common/netflix_genre/titles;/m/03nx8mj;6.063329;1;6.953749;1;6.917177;3;2.5091419759466085;2.1479759216308594
/m/01z4y;/media_common/netflix_genre/titles;/m/026mfbr;/m/01z4y;/media_common/netflix_genre/titles;/m/03tps5;/m/01z4y;/media_common/netflix_genre/titles;/m/08952r;6.063329;1;6.953749;1;6.9174743;3;2.509067733185938;2.1465635299682617
/m/01z4y;/media_common/netflix_genre/titles;/m/026mfbr;/m/01z4y;/media_common/netflix_genre/titles;/m/07tw_b;/m/01z4y;/media_common/netflix_genre/titles;/m/087vnr5;6.063329;1;6.953749;1;6.9181013;3;2.5089110236419616;2.1468918323516846
/m/01z4y;/media_common/netflix_genre/titles;/m/026mfbr;/m/01z4y;/media_common/netflix_genre/titles;/m/06fpsx;/m/01z4y;/media_common/netflix_genre/titles;/m/087vnr5;6.063329;1;6.953749;1;6.9180794;3;2.5089165055264697;2.1628928184509277
/m/01z4y;/media_common/netflix_genre/titles;/m/026mfbr;/m/01z4y;/media_common/netflix_genre/titles;/m/0408m53;/m/01z4y;/media_common/netflix_genre/titles;/m/08952r;6.063329;1;6.953749;1;6.917595;3;2.5090375831221974;2.144813060760498
/m/01z4y;/media_common/netflix_genre/titles;/m/026mfbr;/m/01z4y;/media_common/netflix_genre/titles;/m/0fz3b1;/m/01z4y;/media_common/netflix_genre/titles;/m/02ph9tm;6.063329;1;6.953749;1;6.9180503;3;2.5089237749787063;2.1444146633148193
/m/01z4y;/media_common/netflix_genre/titles;/m/026mfbr;/m/01z4y;/media_common/netflix_genre/titles;/m/02hxhz;/m/01z4y;/media_common/netflix_genre/titles;/m/08952r;6.063329;1;6.953749;1;6.9181013;3;2.5089110236419616;2.1448960304260254
/m/01z4y;/media_common/netflix_genre/titles;/m/026mfbr;/m/01z4y;/media_common/netflix_genre/titles;/m/08952r;/m/01z4y;/media_common/netflix_genre/titles;/m/01pgp6;6.063329;1;6.953749;1;6.918229;3;2.508879085663559;2.144782781600952
/m/01z4y;/media_common/netflix_genre/titles;/m/026mfbr;/m/01z4y;/media_common/netflix_genre/titles;/m/0dln8jk;/m/01z4y;/media_common/netflix_genre/titles;/m/08952r;6.063329;1;6.953749;1;6.91859;3;2.508788872401086;2.1578638553619385
/m/01z4y;/media_common/netflix_genre/titles;/m/026mfbr;/m/01z4y;/media_common/netflix_genre/titles;/m/05fgt1;/m/01z4y;/media_common/netflix_genre/titles;/m/087vnr5;6.063329;1;6.953749;1;6.9191747;3;2.508642766222752;2.144806385040283
/m/01z4y;/media_common/netflix_genre/titles;/m/026mfbr;/m/01z4y;/media_common/netflix_genre/titles;/m/02tgz4;/m/01z4y;/media_common/netflix_genre/titles;/m/087vnr5;6.063329;1;6.953749;1;6.9192867;3;2.508614760382961;2.1438403129577637
/m/01z4y;/media_common/netflix_genre/titles;/m/026mfbr;/m/01z4y;/media_common/netflix_genre/titles;/m/09g8vhw;/m/01z4y;/media_common/netflix_genre/titles;/m/08952r;6.063329;1;6.953749;1;6.9189715;3;2.5086935341173158;2.1445505619049072
/m/01z4y;/media_common/netflix_genre/titles;/m/026mfbr;/m/01z4y;/media_common/netflix_genre/titles;/m/074w86;/m/01z4y;/media_common/netflix_genre/titles;/m/087vnr5;6.063329;1;6.953749;1;6.9190364;3;2.508677326545997;2.1515250205993652
/m/01z4y;/media_common/netflix_genre/titles;/m/026mfbr;/m/01z4y;/media_common/netflix_genre/titles;/m/0fz3b1;/m/01z4y;/media_common/netflix_genre/titles;/m/065_cjc;6.063329;1;6.953749;1;6.9194946;3;2.508562800469028;2.1602015495300293
/m/01z4y;/media_common/netflix_genre/titles;/m/026mfbr;/m/01z4y;/media_common/netflix_genre/titles;/m/034qzw;/m/01z4y;/media_common/netflix_genre/titles;/m/087vnr5;6.063329;1;6.953749;1;6.919618;3;2.5085319342857044;2.148303508758545
/m/01z4y;/media_common/netflix_genre/titles;/m/026mfbr;/m/01z4y;/media_common/netflix_genre/titles;/m/0640m69;/m/01z4y;/media_common/netflix_genre/titles;/m/087vnr5;6.063329;1;6.953749;1;6.920033;3;2.508428252036732;2.1565356254577637
/m/01z4y;/media_common/netflix_genre/titles;/m/026mfbr;/m/01z4y;/media_common/netflix_genre/titles;/m/0ddf2bm;/m/01z4y;/media_common/netflix_genre/titles;/m/08952r;6.063329;1;6.953749;1;6.920182;3;2.5083909500842894;2.1452834606170654
/m/01z4y;/media_common/netflix_genre/titles;/m/026mfbr;/m/01z4y;/media_common/netflix_genre/titles;/m/03b_fm5;/m/01z4y;/media_common/netflix_genre/titles;/m/087vnr5;6.063329;1;6.953749;1;6.9201245;3;2.508405370338986;2.1452693939208984
/m/01z4y;/media_common/netflix_genre/titles;/m/026mfbr;/m/01z4y;/media_common/netflix_genre/titles;/m/040_lv;/m/01z4y;/media_common/netflix_genre/titles;/m/08952r;6.063329;1;6.953749;1;6.9201503;3;2.5083989348551454;2.144160270690918
/m/01z4y;/media_common/netflix_genre/titles;/m/026mfbr;/m/01z4y;/media_common/netflix_genre/titles;/m/05_5_22;/m/01z4y;/media_common/netflix_genre/titles;/m/08952r;6.063329;1;6.953749;1;6.9207306;3;2.508253897383269;2.1448421478271484
/m/01z4y;/media_common/netflix_genre/titles;/m/026mfbr;/m/01z4y;/media_common/netflix_genre/titles;/m/087vnr5;/m/01z4y;/media_common/netflix_genre/titles;/m/03nx8mj;6.063329;1;6.953749;1;6.9208827;3;2.508215879935087;2.1448869705200195
/m/01z4y;/media_common/netflix_genre/titles;/m/026mfbr;/m/01z4y;/media_common/netflix_genre/titles;/m/0fz3b1;/m/01z4y;/media_common/netflix_genre/titles;/m/05fm6m;6.063329;1;6.953749;1;6.9204817;3;2.5083161075469054;2.1442196369171143
/m/01z4y;/media_common/netflix_genre/titles;/m/026mfbr;/m/01z4y;/media_common/netflix_genre/titles;/m/03tps5;/m/01z4y;/media_common/netflix_genre/titles;/m/087vnr5;6.063329;1;6.953749;1;6.9213643;3;2.50809551058739;2.164058208465576
/m/01z4y;/media_common/netflix_genre/titles;/m/026mfbr;/m/01z4y;/media_common/netflix_genre/titles;/m/04yc76;/m/01z4y;/media_common/netflix_genre/titles;/m/08952r;6.063329;1;6.953749;1;6.92098;3;2.5081915677867217;2.148477554321289
/m/01z4y;/media_common/netflix_genre/titles;/m/026mfbr;/m/01z4y;/media_common/netflix_genre/titles;/m/0ds35l9;/m/01z4y;/media_common/netflix_genre/titles;/m/08952r;6.063329;1;6.953749;1;6.921417;3;2.5080822818194033;2.1445751190185547
/m/01z4y;/media_common/netflix_genre/titles;/m/026mfbr;/m/01z4y;/media_common/netflix_genre/titles;/m/0408m53;/m/01z4y;/media_common/netflix_genre/titles;/m/087vnr5;6.063329;1;6.953749;1;6.9216695;3;2.5080192364546248;2.144993782043457
/m/01z4y;/media_common/netflix_genre/titles;/m/026mfbr;/m/01z4y;/media_common/netflix_genre/titles;/m/033fqh;/m/01z4y;/media_common/netflix_genre/titles;/m/08952r;6.063329;1;6.953749;1;6.921736;3;2.508002670616946;2.144474744796753
/m/01z4y;/media_common/netflix_genre/titles;/m/026mfbr;/m/01z4y;/media_common/netflix_genre/titles;/m/03h4fq7;/m/01z4y;/media_common/netflix_genre/titles;/m/08952r;6.063329;1;6.953749;1;6.9216323;3;2.5080285323846034;2.1446526050567627
/m/01z4y;/media_common/netflix_genre/titles;/m/026mfbr;/m/01z4y;/media_common/netflix_genre/titles;/m/0fz3b1;/m/01z4y;/media_common/netflix_genre/titles;/m/07tw_b;6.063329;1;6.953749;1;6.921783;3;2.507990871916083;2.1462976932525635
/m/01z4y;/media_common/netflix_genre/titles;/m/026mfbr;/m/01z4y;/media_common/netflix_genre/titles;/m/0fz3b1;/m/01z4y;/media_common/netflix_genre/titles;/m/06fpsx;6.063329;1;6.953749;1;6.9218097;3;2.507984197899531;2.147515296936035
/m/01z4y;/media_common/netflix_genre/titles;/m/026mfbr;/m/01z4y;/media_common/netflix_genre/titles;/m/02ph9tm;/m/01z4y;/media_common/netflix_genre/titles;/m/065_cjc;6.063329;1;6.953749;1;6.921688;3;2.5080145884875553;2.1483373641967773
/m/01z4y;/media_common/netflix_genre/titles;/m/026mfbr;/m/01z4y;/media_common/netflix_genre/titles;/m/091rc5;/m/01z4y;/media_common/netflix_genre/titles;/m/08952r;6.063329;1;6.953749;1;6.92182;3;2.5079815759636785;2.1541943550109863
/m/01z4y;/media_common/netflix_genre/titles;/m/026mfbr;/m/01z4y;/media_common/netflix_genre/titles;/m/011x_4;/m/01z4y;/media_common/netflix_genre/titles;/m/08952r;6.063329;1;6.953749;1;6.921673;3;2.508018402204227;2.1592204570770264
/m/01z4y;/media_common/netflix_genre/titles;/m/026mfbr;/m/01z4y;/media_common/netflix_genre/titles;/m/02hxhz;/m/01z4y;/media_common/netflix_genre/titles;/m/087vnr5;6.063329;1;6.953749;1;6.921812;3;2.5079836020050577;2.1445181369781494
/m/01z4y;/media_common/netflix_genre/titles;/m/026mfbr;/m/01z4y;/media_common/netflix_genre/titles;/m/087vnr5;/m/01z4y;/media_common/netflix_genre/titles;/m/01pgp6;6.063329;1;6.953749;1;6.9220533;3;2.5079232973673293;2.142679214477539
/m/01z4y;/media_common/netflix_genre/titles;/m/026mfbr;/m/01z4y;/media_common/netflix_genre/titles;/m/0dln8jk;/m/01z4y;/media_common/netflix_genre/titles;/m/087vnr5;6.063329;1;6.953749;1;6.922153;3;2.50789838886262;2.1439247131347656
/m/01z4y;/media_common/netflix_genre/titles;/m/026mfbr;/m/01z4y;/media_common/netflix_genre/titles;/m/01k1k4;/m/01z4y;/media_common/netflix_genre/titles;/m/08952r;6.063329;1;6.953749;1;6.9222775;3;2.507867282971548;2.153888702392578
/m/01z4y;/media_common/netflix_genre/titles;/m/026mfbr;/m/01z4y;/media_common/netflix_genre/titles;/m/0b6f8pf;/m/01z4y;/media_common/netflix_genre/titles;/m/08952r;6.063329;1;6.953749;1;6.921782;3;2.5079911102737644;2.150597333908081
/m/01z4y;/media_common/netflix_genre/titles;/m/026mfbr;/m/01z4y;/media_common/netflix_genre/titles;/m/09g8vhw;/m/01z4y;/media_common/netflix_genre/titles;/m/087vnr5;6.063329;1;6.953749;1;6.9226937;3;2.5077632386877506;2.144360303878784
/m/01z4y;/media_common/netflix_genre/titles;/m/026mfbr;/m/01z4y;/media_common/netflix_genre/titles;/m/05fgt1;/m/01z4y;/media_common/netflix_genre/titles;/m/0fz3b1;6.063329;1;6.953749;1;6.9228644;3;2.5077205719938416;2.146038770675659
/m/01z4y;/media_common/netflix_genre/titles;/m/026mfbr;/m/01z4y;/media_common/netflix_genre/titles;/m/0fz3b1;/m/01z4y;/media_common/netflix_genre/titles;/m/02tgz4;6.063329;1;6.953749;1;6.922858;3;2.5077221213450334;2.146204948425293
/m/01z4y;/media_common/netflix_genre/titles;/m/026mfbr;/m/01z4y;/media_common/netflix_genre/titles;/m/0fz3b1;/m/01z4y;/media_common/netflix_genre/titles;/m/074w86;6.063329;1;6.953749;1;6.9225693;3;2.507794344781621;2.151311159133911
/m/01z4y;/media_common/netflix_genre/titles;/m/026mfbr;/m/01z4y;/media_common/netflix_genre/titles;/m/0830vk;/m/01z4y;/media_common/netflix_genre/titles;/m/08952r;6.063329;1;6.953749;1;6.9228745;3;2.5077180691954495;2.1611599922180176
/m/01z4y;/media_common/netflix_genre/titles;/m/026mfbr;/m/01z4y;/media_common/netflix_genre/titles;/m/02ph9tm;/m/01z4y;/media_common/netflix_genre/titles;/m/05fm6m;6.063329;1;6.953749;1;6.9226522;3;2.507773607392398;2.14638090133667
/m/01z4y;/media_common/netflix_genre/titles;/m/026mfbr;/m/01z4y;/media_common/netflix_genre/titles;/m/05567m;/m/01z4y;/media_common/netflix_genre/titles;/m/08952r;6.063329;1;6.953749;1;6.923114;3;2.5076582402809153;2.1456961631774902
/m/0ck27z;/award/award_category/winners./award/award_honor/ceremony;/m/0g55tzk;/m/0ck27z;/award/award_category/winners./award/award_honor/ceremony;/m/0hr3c8y;/m/0ck27z;/award/award_category/winners./award/award_honor/ceremony;/m/027hjff;6.8752317;1;7.900919;1;7.8261757;3;2.518677123460803;2.3907337188720703
/m/0ck27z;/award/award_category/winners./award/award_honor/ceremony;/m/0g55tzk;/m/0ck27z;/award/award_category/winners./award/award_honor/ceremony;/m/0hr3c8y;/m/0ck27z;/award/award_category/winners./award/award_honor/ceremony;/m/092c5f;6.8752317;1;7.900919;1;7.827208;3;2.5184193905229755;2.4040374755859375
/m/0ck27z;/award/award_category/winners./award/award_honor/ceremony;/m/0g55tzk;/m/0ck27z;/award/award_category/winners./award/award_honor/ceremony;/m/0hr3c8y;/m/0ck27z;/award/award_category/winners./award/award_honor/ceremony;/m/03gyp30;6.8752317;1;7.900919;1;7.829397;3;2.517872821578389;2.4076356887817383
/m/0ck27z;/award/award_category/winners./award/award_honor/ceremony;/m/0g55tzk;/m/0ck27z;/award/award_category/winners./award/award_honor/ceremony;/m/0hr3c8y;/m/0ck27z;/award/award_category/winners./award/award_honor/ceremony;/m/09qvms;6.8752317;1;7.900919;1;7.830647;3;2.5175607663307984;2.406928777694702
/m/0ck27z;/award/award_category/winners./award/award_honor/ceremony;/m/0g55tzk;/m/0ck27z;/award/award_category/winners./award/award_honor/ceremony;/m/027hjff;/m/0ck27z;/award/award_category/winners./award/award_honor/ceremony;/m/092c5f;6.8752317;1;7.900919;1;7.8417377;3;2.514790986581013;2.4038236141204834
/m/0ck27z;/award/award_category/winners./award/award_honor/ceremony;/m/0g55tzk;/m/0ck27z;/award/award_category/winners./award/award_honor/ceremony;/m/027hjff;/m/0ck27z;/award/award_category/winners./award/award_honor/ceremony;/m/03gyp30;6.8752317;1;7.900919;1;7.8438053;3;2.5142745318198076;2.4040868282318115
/m/0ck27z;/award/award_category/winners./award/award_honor/ceremony;/m/0g55tzk;/m/0ck27z;/award/award_category/winners./award/award_honor/ceremony;/m/03gyp30;/m/0ck27z;/award/award_category/winners./award/award_honor/ceremony;/m/092c5f;6.8752317;1;7.900919;1;7.8449297;3;2.5139936609432723;2.4037957191467285
/m/0ck27z;/award/award_category/winners./award/award_honor/ceremony;/m/0g55tzk;/m/0ck27z;/award/award_category/winners./award/award_honor/ceremony;/m/09qvms;/m/0ck27z;/award/award_category/winners./award/award_honor/ceremony;/m/027hjff;6.8752317;1;7.900919;1;7.8450584;3;2.513961499588571;2.4027650356292725
/m/0ck27z;/award/award_category/winners./award/award_honor/ceremony;/m/0g55tzk;/m/0ck27z;/award/award_category/winners./award/award_honor/ceremony;/m/09qvms;/m/0ck27z;/award/award_category/winners./award/award_honor/ceremony;/m/092c5f;6.8752317;1;7.900919;1;7.8460994;3;2.513701464856635;2.4033141136169434
/m/0ck27z;/award/award_category/winners./award/award_honor/ceremony;/m/0g55tzk;/m/0ck27z;/award/award_category/winners./award/award_honor/ceremony;/m/09qvms;/m/0ck27z;/award/award_category/winners./award/award_honor/ceremony;/m/03gyp30;6.8752317;1;7.900919;1;7.84839;3;2.5131291957567257;2.4119479656219482
/m/0ck27z;/award/award_category/winners./award/award_honor/ceremony;/m/0g55tzk;/m/0ck27z;/award/award_category/winners./award/award_honor/ceremony;/m/0hr3c8y;/m/0ck27z;/award/award_category/winners./award/award_honor/ceremony;/m/092t4b;6.8752317;1;7.900919;1;7.8302145;2;1.517668754962687;2.4034512042999268
/m/0ck27z;/award/award_category/winners./award/award_honor/ceremony;/m/0g55tzk;/m/0ck27z;/award/award_category/winners./award/award_honor/ceremony;/m/0hr3c8y;/m/031296;/award/award_nominee/award_nominations./award/award_nomination/award;/m/0ck27z;6.8752317;1;7.900919;1;7.8371124;2;1.5159462237002617;2.4036641120910645
/m/0ck27z;/award/award_category/winners./award/award_honor/ceremony;/m/0g55tzk;/m/0ck27z;/award/award_category/winners./award/award_honor/ceremony;/m/0hr3c8y;/m/014zcr;/award/award_nominee/award_nominations./award/award_nomination/award;/m/0ck27z;6.8752317;1;7.900919;1;7.8375235;2;1.5158435691397458;2.4033241271972656
/m/0ck27z;/award/award_category/winners./award/award_honor/ceremony;/m/0g55tzk;/m/0ck27z;/award/award_category/winners./award/award_honor/ceremony;/m/0hr3c8y;/m/02__7n;/award/award_nominee/award_nominations./award/award_nomination/award;/m/0ck27z;6.8752317;1;7.900919;1;7.841097;2;1.5149510621382738;2.4036569595336914
/m/0ck27z;/award/award_category/winners./award/award_honor/ceremony;/m/0g55tzk;/m/0ck27z;/award/award_category/winners./award/award_honor/ceremony;/m/0hr3c8y;/m/01gq0b;/award/award_nominee/award_nominations./award/award_nomination/award;/m/0ck27z;6.8752317;1;7.900919;1;7.842208;2;1.5146735482657572;2.4033732414245605
