/m/02r99xw;/people/person/nationality;/m/03rk0;/m/02r99xw;/people/person/languages;/m/0999q;8.322509;1;11.437113;1;11.408278;1;0.5072080863341945;6.2176194190979
/m/02r99xw;/people/person/nationality;/m/03rk0;/m/0dryh9k;/people/ethnicity/people;/m/02r99xw;8.322509;1;11.437113;1;9.846934;2;1.8306412138319914;0.8708226680755615
/m/02r99xw;/people/person/nationality;/m/03rk0;/m/02r99xw;/people/person/gender;/m/05zppz;8.322509;1;11.437113;1;11.410773;1;0.5065845020626194;0.9676661491394043
/m/02r99xw;/people/person/nationality;/m/03rk0;/m/02r99xw;/people/person/profession;/m/01d_h8;8.322509;1;11.437113;1;11.476967;1;0.4900378061614003;0.9956669807434082
/m/02r99xw;/people/person/nationality;/m/03rk0;/m/02r99xw;/people/person/profession;/m/02hrh1q;8.322509;1;11.437113;1;11.209589;1;0.5566368345020054;0.9993698596954346
/m/0k57l;/people/person/profession;/m/0dxtg;/m/01lc5;/influence/influence_node/influenced_by;/m/0k57l;7.189797;1;10.09242;1;10.472822;1;0.4060298069525883;6.883508920669556
/m/0k57l;/people/person/profession;/m/0dxtg;/m/0btj0;/influence/influence_node/influenced_by;/m/0k57l;7.189797;1;10.09242;1;10.255308;2;1.4593676689276336;1.041680097579956
/m/0k57l;/people/person/profession;/m/0dxtg;/m/0k57l;/people/person/spouse_s./people/marriage/type_of_union;/m/04ztj;7.189797;1;10.09242;1;9.894431;1;0.5493360704896796;1.0174188613891602
/m/0k57l;/people/person/profession;/m/0dxtg;/m/0gk4g;/people/cause_of_death/people;/m/0k57l;7.189797;1;10.09242;1;10.078786;1;0.5034083792116203;1.0242257118225098
/m/0k57l;/people/person/profession;/m/0dxtg;/m/0k57l;/people/person/profession;/m/02jknp;7.189797;1;10.09242;1;9.379383;1;0.6710717760102468;1.021146297454834
/m/0k57l;/people/person/profession;/m/0dxtg;/m/0k57l;/people/deceased_person/place_of_death;/m/02_286;7.189797;1;10.09242;1;10.012363;2;1.520003365310262;1.023998737335205
/m/0k57l;/people/person/profession;/m/0dxtg;/m/0k57l;/people/person/nationality;/m/09c7w0;7.189797;1;10.09242;1;9.844143;1;0.5617522952600981;1.0203444957733154
/m/0k57l;/people/person/profession;/m/0dxtg;/m/0k57l;/people/person/profession;/m/018gz8;7.189797;1;10.09242;1;9.925803;2;1.541558013276203;1.0148134231567383
/m/0k57l;/people/person/profession;/m/0dxtg;/m/0k57l;/people/person/profession;/m/02hrh1q;7.189797;1;10.09242;1;9.978019;2;1.5285690644331396;1.0177955627441406
/m/0k57l;/people/person/profession;/m/0dxtg;/m/07bch9;/people/ethnicity/people;/m/0k57l;7.189797;1;10.09242;1;10.28891;1;0.45103486570207796;1.019840955734253
/m/012ycy;/people/person/place_of_birth;/m/0rh6k;/m/014dd0;/music/record_label/artist;/m/012ycy;5.3275204;1;6.7969055;3;6.3230042;10;7.616306718474199;6.819213151931763
/m/012ycy;/people/person/place_of_birth;/m/0rh6k;/m/012ycy;/organization/organization_founder/organizations_founded;/m/014dd0;5.3275204;1;6.7969055;3;6.6262674;6;3.54255631057622;1.0557441711425781
/m/012ycy;/people/person/place_of_birth;/m/0rh6k;/m/012ycy;/base/schemastaging/person_extra/net_worth./measurement_unit/dated_money_value/currency;/m/09nqf;5.3275204;1;6.7969055;3;6.663507;4;1.533300265869617;1.0537941455841064
/m/012ycy;/people/person/place_of_birth;/m/0rh6k;/m/012ycy;/people/person/nationality;/m/09c7w0;5.3275204;1;6.7969055;3;6.39207;5;2.5998489327880545;1.0511703491210938
/m/012ycy;/people/person/place_of_birth;/m/0rh6k;/m/016clz;/music/genre/artists;/m/012ycy;5.3275204;1;6.7969055;3;6.8391833;4;1.4894321208111345;1.052384614944458
/m/012ycy;/people/person/place_of_birth;/m/0rh6k;/m/012ycy;/music/artist/track_contributions./music/track_contribution/role;/m/018vs;5.3275204;1;6.7969055;3;6.8304186;3;0.49162251677774704;1.0514130592346191
/m/012ycy;/people/person/place_of_birth;/m/0rh6k;/m/018vs;/music/instrument/instrumentalists;/m/012ycy;5.3275204;1;6.7969055;3;6.851869;3;0.4862625610430074;1.0488998889923096
/m/012ycy;/people/person/place_of_birth;/m/0rh6k;/m/012ycy;/music/artist/track_contributions./music/track_contribution/role;/m/05148p4;5.3275204;1;6.7969055;3;6.8460655;3;0.48771247359632935;1.0492932796478271
/m/012ycy;/people/person/place_of_birth;/m/0rh6k;/m/012ycy;/people/person/profession;/m/039v1;5.3275204;1;6.7969055;3;6.896823;3;0.47504140808077217;1.0575132369995117
/m/012ycy;/people/person/place_of_birth;/m/0rh6k;/m/012ycy;/music/artist/track_contributions./music/track_contribution/role;/m/05r5c;5.3275204;1;6.7969055;3;6.7632213;5;2.508420267281629;1.0507457256317139
/m/012ycy;/people/person/place_of_birth;/m/0rh6k;/m/012ycy;/people/person/profession;/m/0dz3r;5.3275204;1;6.7969055;3;6.9037046;3;0.4733255679296501;1.0492579936981201
/m/012ycy;/people/person/place_of_birth;/m/0rh6k;/m/012ycy;/people/person/profession;/m/09jwl;5.3275204;1;6.7969055;3;6.6535583;4;1.5357755757876208;1.0493137836456299
/m/012ycy;/people/person/place_of_birth;/m/0rh6k;/m/012ycy;/music/group_member/membership./music/group_membership/role;/m/03bx0bm;5.3275204;1;6.7969055;3;6.796891;3;0.5000035762786864;1.0482916831970215
/m/012ycy;/people/person/place_of_birth;/m/0rh6k;/m/012ycy;/base/eating/practicer_of_diet/diet;/m/07_hy;5.3275204;1;6.7969055;3;6.778169;3;0.5046839535894627;1.0492022037506104
/m/012ycy;/people/person/place_of_birth;/m/0rh6k;/m/05148p4;/music/instrument/instrumentalists;/m/012ycy;5.3275204;1;6.7969055;3;6.854928;4;1.4854984434248852;1.0499458312988281
/m/012ycy;/people/person/place_of_birth;/m/0rh6k;/m/05r5c;/music/instrument/instrumentalists;/m/012ycy;5.3275204;1;6.7969055;3;6.75354;5;2.510839670956909;1.0489020347595215
/m/012ycy;/people/person/place_of_birth;/m/0rh6k;/m/012ycy;/people/person/spouse_s./people/marriage/type_of_union;/m/04ztj;5.3275204;1;6.7969055;3;6.648182;5;2.537112519024842;1.051218032836914
/m/012ycy;/people/person/place_of_birth;/m/0rh6k;/m/012ycy;/people/person/gender;/m/05zppz;5.3275204;1;6.7969055;3;6.697652;4;1.5247930633272495;1.052119255065918
/m/012ycy;/people/person/place_of_birth;/m/0rh6k;/m/01243b;/music/genre/artists;/m/012ycy;5.3275204;1;6.7969055;3;6.9584823;4;1.4596934652723914;1.0503582954406738
/m/012ycy;/people/person/place_of_birth;/m/0rh6k;/m/0pm85;/music/genre/artists;/m/012ycy;5.3275204;1;6.7969055;3;6.9344373;4;1.4656711544084757;1.0498666763305664
/m/0fjfh;/food/food/nutrients./food/nutrition_fact/nutrient;/m/02p0tjr;/m/0fjfh;/food/food/nutrients./food/nutrition_fact/nutrient;/m/0h1vz;6.754977;1;9.083172;1;9.078959;2;1.5010530933067057;6.578644037246704
/m/0fjfh;/food/food/nutrients./food/nutrition_fact/nutrient;/m/02p0tjr;/m/0fjfh;/food/food/nutrients./food/nutrition_fact/nutrient;/m/025rsfk;6.754977;1;9.083172;1;9.090649;2;1.4981308070475703;0.9944887161254883
/m/0fjfh;/food/food/nutrients./food/nutrition_fact/nutrient;/m/02p0tjr;/m/0fjfh;/food/food/nutrients./food/nutrition_fact/nutrient;/m/014yzm;6.754977;1;9.083172;1;9.070568;1;0.5031508982302515;0.9946780204772949
/m/0fjfh;/food/food/nutrients./food/nutrition_fact/nutrient;/m/02p0tjr;/m/0fjfh;/food/food/nutrients./food/nutrition_fact/nutrient;/m/05wvs;6.754977;1;9.083172;1;9.086234;2;1.4992344385407506;0.9935050010681152
/m/0fjfh;/food/food/nutrients./food/nutrition_fact/nutrient;/m/02p0tjr;/m/0fjfh;/food/food/nutrients./food/nutrition_fact/nutrient;/m/0d9t0;6.754977;1;9.083172;1;9.075322;2;1.5019624132479819;0.9959971904754639
/m/0fjfh;/food/food/nutrients./food/nutrition_fact/nutrient;/m/02p0tjr;/m/0fjfh;/food/food/nutrients./food/nutrition_fact/nutrient;/m/0hkwr;6.754977;1;9.083172;1;9.086138;2;1.4992585187625447;0.9941191673278809
/m/0fjfh;/food/food/nutrients./food/nutrition_fact/nutrient;/m/02p0tjr;/m/0fjfh;/food/food/nutrients./food/nutrition_fact/nutrient;/m/03d49;6.754977;1;9.083172;1;9.077898;2;1.5013184516865734;0.9997727870941162
/m/0fjfh;/food/food/nutrients./food/nutrition_fact/nutrient;/m/02p0tjr;/m/0fjfh;/food/food/nutrients./food/nutrition_fact/nutrient;/m/01sh2;6.754977;1;9.083172;1;9.088797;2;1.4985938109278802;1.1166155338287354
/m/0fjfh;/food/food/nutrients./food/nutrition_fact/nutrient;/m/02p0tjr;/m/0fjfh;/food/food/nutrients./food/nutrition_fact/nutrient;/m/02kc4sf;6.754977;1;9.083172;1;9.089857;2;1.4983286919850936;1.1249034404754639
/m/0fjfh;/food/food/nutrients./food/nutrition_fact/nutrient;/m/02p0tjr;/m/0fjfh;/food/food/nutrients./food/nutrition_fact/nutrient;/m/0g5gq;6.754977;1;9.083172;1;9.082794;2;1.500094413756202;1.1308495998382568
/m/0fjfh;/food/food/nutrients./food/nutrition_fact/nutrient;/m/02p0tjr;/m/0fjfh;/food/food/nutrients./food/nutrition_fact/nutrient;/m/02kcv4x;6.754977;1;9.083172;1;9.082871;2;1.500075101851852;1.1327519416809082
/m/0fjfh;/food/food/nutrients./food/nutrition_fact/nutrient;/m/02p0tjr;/m/0fjfh;/food/food/nutrients./food/nutrition_fact/nutrient;/m/02kd0rh;6.754977;1;9.083172;1;9.072626;2;1.5026364082143027;1.1326801776885986
/m/0fjfh;/food/food/nutrients./food/nutrition_fact/nutrient;/m/02p0tjr;/m/0fjfh;/food/food/nutrients./food/nutrition_fact/nutrient;/m/05v_8y;6.754977;1;9.083172;1;9.0777645;1;0.5013518300496322;1.135012149810791
/m/0fjfh;/food/food/nutrients./food/nutrition_fact/nutrient;/m/02p0tjr;/m/0fjfh;/food/food/nutrients./food/nutrition_fact/nutrient;/m/02y_3rf;6.754977;1;9.083172;1;9.067871;2;1.503825113057681;1.1380274295806885
/m/0fjfh;/food/food/nutrients./food/nutrition_fact/nutrient;/m/02p0tjr;/m/0fjfh;/food/food/nutrients./food/nutrition_fact/nutrient;/m/01n78x;6.754977;1;9.083172;1;9.0911665;2;1.4980013476966116;1.133335828781128
/m/0fjfh;/food/food/nutrients./food/nutrition_fact/nutrient;/m/02p0tjr;/m/0fjfh;/food/food/nutrients./food/nutrition_fact/nutrient;/m/0h1yy;6.754977;1;9.083172;1;9.089449;2;1.4984307340650072;1.1346344947814941
/m/0fjfh;/food/food/nutrients./food/nutrition_fact/nutrient;/m/02p0tjr;/m/0fjfh;/food/food/nutrients./food/nutrition_fact/nutrient;/m/09gvd;6.754977;1;9.083172;1;9.089911;2;1.4983151022791632;1.1333935260772705
/m/0fjfh;/food/food/nutrients./food/nutrition_fact/nutrient;/m/02p0tjr;/m/0fjfh;/food/food/nutrients./food/nutrition_fact/nutrient;/m/0f4hc;6.754977;1;9.083172;1;9.088929;2;1.4985606710137325;1.1339643001556396
/m/0fjfh;/food/food/nutrients./food/nutrition_fact/nutrient;/m/02p0tjr;/m/0fjfh;/food/food/nutrients./food/nutrition_fact/nutrient;/m/07q0m;6.754977;1;9.083172;1;9.080391;2;1.5006952281286154;1.1355407238006592
/m/0fjfh;/food/food/nutrients./food/nutrition_fact/nutrient;/m/02p0tjr;/m/0fjfh;/food/food/nutrients./food/nutrition_fact/nutrient;/m/02kc5rj;6.754977;1;9.083172;1;9.083926;2;1.4998114109128737;1.1339118480682373
/m/03h_fk5;/award/award_nominee/award_nominations./award/award_nomination/award;/m/01by1l;/m/03h_fk5;/award/award_nominee/award_nominations./award/award_nomination/award_nominee;/m/0x3b7;7.4340434;1;9.318084;1;9.292388;1;0.5064235967546131;7.358915567398071
/m/03h_fk5;/award/award_nominee/award_nominations./award/award_nomination/award;/m/01by1l;/m/03h_fk5;/award/award_winner/awards_won./award/award_honor/award_winner;/m/023p29;7.4340434;1;9.318084;1;9.303775;1;0.5035771713269152;1.3424320220947266
/m/03h_fk5;/award/award_nominee/award_nominations./award/award_nomination/award;/m/01by1l;/m/02cg41;/award/award_ceremony/awards_presented./award/award_honor/award_winner;/m/03h_fk5;7.4340434;1;9.318084;1;9.301383;1;0.5041750891164741;1.344163179397583
/m/03h_fk5;/award/award_nominee/award_nominations./award/award_nomination/award;/m/01by1l;/m/01bx35;/award/award_ceremony/awards_presented./award/award_honor/award_winner;/m/03h_fk5;7.4340434;1;9.318084;1;9.277843;1;0.5100587146582269;1.3434984683990479
/m/03h_fk5;/award/award_nominee/award_nominations./award/award_nomination/award;/m/01by1l;/m/023p29;/award/award_winner/awards_won./award/award_honor/award_winner;/m/03h_fk5;7.4340434;1;9.318084;1;9.303958;1;0.5035313972729195;1.3411147594451904
/m/03h_fk5;/award/award_nominee/award_nominations./award/award_nomination/award;/m/01by1l;/m/03h_fk5;/award/award_nominee/award_nominations./award/award_nomination/award_nominee;/m/023p29;7.4340434;1;9.318084;1;9.30082;1;0.5043157459359328;1.340925693511963
/m/03h_fk5;/award/award_nominee/award_nominations./award/award_nomination/award;/m/01by1l;/m/023p29;/award/award_nominee/award_nominations./award/award_nomination/award_nominee;/m/03h_fk5;7.4340434;1;9.318084;1;9.301517;1;0.5041417128241832;1.3388640880584717
/m/03h_fk5;/award/award_nominee/award_nominations./award/award_nomination/award;/m/01by1l;/m/03h_fk5;/award/award_nominee/award_nominations./award/award_nomination/award_nominee;/m/016h4r;7.4340434;1;9.318084;1;9.339168;1;0.4947292373018931;1.3400800228118896
/m/03h_fk5;/award/award_nominee/award_nominations./award/award_nomination/award;/m/01by1l;/m/09r8l;/award/award_nominee/award_nominations./award/award_nomination/award_nominee;/m/03h_fk5;7.4340434;1;9.318084;1;9.34338;1;0.49367628439697514;1.3403801918029785
/m/03h_fk5;/award/award_nominee/award_nominations./award/award_nomination/award;/m/01by1l;/m/03h_fk5;/people/person/places_lived./people/place_lived/location;/m/07h34;7.4340434;1;9.318084;1;9.3141775;1;0.5009765612582384;1.340501070022583
/m/03h_fk5;/award/award_nominee/award_nominations./award/award_nomination/award;/m/01by1l;/m/03h_fk5;/people/person/spouse_s./people/marriage/type_of_union;/m/04ztj;7.4340434;1;9.318084;1;9.3133955;1;0.5011720635880529;1.343200922012329
/m/03h_fk5;/award/award_nominee/award_nominations./award/award_nomination/award;/m/01by1l;/m/03h_fk5;/award/award_nominee/award_nominations./award/award_nomination/award_nominee;/m/0137n0;7.4340434;1;9.318084;1;9.327014;1;0.497767463262077;1.3396048545837402
/m/03h_fk5;/award/award_nominee/award_nominations./award/award_nomination/award;/m/01by1l;/m/0137n0;/award/award_nominee/award_nominations./award/award_nomination/award_nominee;/m/03h_fk5;7.4340434;1;9.318084;1;9.327154;1;0.4977324164407139;1.340909719467163
/m/03h_fk5;/award/award_nominee/award_nominations./award/award_nomination/award;/m/01by1l;/m/02rjjll;/award/award_ceremony/awards_presented./award/award_honor/award_winner;/m/03h_fk5;7.4340434;1;9.318084;1;9.296734;1;0.5053372739961899;1.341348648071289
/m/03h_fk5;/award/award_nominee/award_nominations./award/award_nomination/award;/m/01by1l;/m/063k3h;/people/ethnicity/people;/m/03h_fk5;7.4340434;1;9.318084;1;9.332599;1;0.49637133293405356;1.3384838104248047
/m/03h_fk5;/award/award_nominee/award_nominations./award/award_nomination/award;/m/01by1l;/m/0m2l9;/influence/influence_node/influenced_by;/m/03h_fk5;7.4340434;1;9.318084;1;9.307177;1;0.5027267662564351;1.3420255184173584
/m/03h_fk5;/award/award_nominee/award_nominations./award/award_nomination/award;/m/01by1l;/m/01dpdh;/award/award_category/winners./award/award_honor/award_winner;/m/03h_fk5;7.4340434;1;9.318084;1;9.320457;1;0.4994065764352497;1.341127872467041
/m/03h_fk5;/award/award_nominee/award_nominations./award/award_nomination/award;/m/01by1l;/m/03h_fk5;/people/person/spouse_s./people/marriage/location_of_ceremony;/m/0f2w0;7.4340434;1;9.318084;1;9.324776;1;0.49832702307370563;1.34242582321167
/m/03h_fk5;/award/award_nominee/award_nominations./award/award_nomination/award;/m/01by1l;/m/03h_fk5;/people/person/gender;/m/05zppz;7.4340434;1;9.318084;1;9.30864;1;0.5023610416397171;1.3411476612091064
/m/03h_fk5;/award/award_nominee/award_nominations./award/award_nomination/award;/m/01by1l;/m/03qjg;/music/instrument/instrumentalists;/m/03h_fk5;7.4340434;1;9.318084;1;9.316464;1;0.5004048346588493;1.339782953262329
/m/06npd;/base/aareas/schema/administrative_area/administrative_parent;/m/02j71;/m/06npd;/location/statistical_region/gdp_nominal./measurement_unit/dated_money_value/currency;/m/09nqf;8.136466;1;10.374612;1;10.341852;1;0.5081891842406768;7.455974578857422
/m/06npd;/base/aareas/schema/administrative_area/administrative_parent;/m/02j71;/m/05qhw;/location/location/adjoin_s./location/adjoining_relationship/adjoins;/m/06npd;8.136466;1;10.374612;1;10.391518;1;0.4957736545072048;1.5372891426086426
/m/06npd;/base/aareas/schema/administrative_area/administrative_parent;/m/02j71;/m/06npd;/location/location/adjoin_s./location/adjoining_relationship/adjoins;/m/07t21;8.136466;1;10.374612;1;10.390199;1;0.4961033656334505;1.537508487701416
/m/06npd;/base/aareas/schema/administrative_area/administrative_parent;/m/02j71;/m/06npd;/location/location/adjoin_s./location/adjoining_relationship/adjoins;/m/0h7x;8.136466;1;10.374612;1;10.386081;1;0.4971328095957366;1.536625623703003
/m/06npd;/base/aareas/schema/administrative_area/administrative_parent;/m/02j71;/m/07f1x;/military/military_combatant/military_conflicts./military/military_combatant_group/combatants;/m/06npd;8.136466;1;10.374612;1;10.384912;1;0.4974251021085031;1.5366604328155518
/m/06npd;/base/aareas/schema/administrative_area/administrative_parent;/m/02j71;/m/06npd;/location/statistical_region/gdp_real./measurement_unit/adjusted_money_value/adjustment_currency;/m/09nqf;8.136466;1;10.374612;1;10.341525;1;0.5082709396566641;1.538365364074707
/m/06npd;/base/aareas/schema/administrative_area/administrative_parent;/m/02j71;/m/06npd;/location/location/adjoin_s./location/adjoining_relationship/adjoins;/m/05qhw;8.136466;1;10.374612;1;10.392516;1;0.49552404916410603;1.5374150276184082
/m/06npd;/base/aareas/schema/administrative_area/administrative_parent;/m/02j71;/m/06npd;/military/military_combatant/military_conflicts./military/military_combatant_group/combatants;/m/02vzc;8.136466;1;10.374612;1;10.397281;1;0.49433303304931603;1.53694486618042
/m/06npd;/base/aareas/schema/administrative_area/administrative_parent;/m/02j71;/m/03gj2;/military/military_combatant/military_conflicts./military/military_combatant_group/combatants;/m/06npd;8.136466;1;10.374612;1;10.394995;1;0.4949044561246455;1.5370244979858398
/m/06npd;/base/aareas/schema/administrative_area/administrative_parent;/m/02j71;/m/06npd;/location/statistical_region/gni_per_capita_in_ppp_dollars./measurement_unit/dated_money_value/currency;/m/09nqf;8.136466;1;10.374612;1;10.344985;1;0.5074061698558142;1.5398452281951904
/m/06npd;/base/aareas/schema/administrative_area/administrative_parent;/m/02j71;/m/01pj7;/military/military_combatant/military_conflicts./military/military_combatant_group/combatants;/m/06npd;8.136466;1;10.374612;1;10.393478;1;0.4952835051503756;1.537600040435791
/m/06npd;/base/aareas/schema/administrative_area/administrative_parent;/m/02j71;/m/03gj2;/location/location/adjoin_s./location/adjoining_relationship/adjoins;/m/06npd;8.136466;1;10.374612;1;10.38167;1;0.49823547142141406;1.53670072555542
/m/06npd;/base/aareas/schema/administrative_area/administrative_parent;/m/02j71;/m/06npd;/location/statistical_region/gdp_nominal_per_capita./measurement_unit/dated_money_value/currency;/m/09nqf;8.136466;1;10.374612;1;10.334231;1;0.5100937479557759;1.536994218826294
/m/06npd;/base/aareas/schema/administrative_area/administrative_parent;/m/02j71;/m/07t21;/location/location/adjoin_s./location/adjoining_relationship/adjoins;/m/06npd;8.136466;1;10.374612;1;10.389539;1;0.4962683416880361;1.5384774208068848
/m/06npd;/base/aareas/schema/administrative_area/administrative_parent;/m/02j71;/m/06npd;/military/military_combatant/military_conflicts./military/military_combatant_group/combatants;/m/015qh;8.136466;1;10.374612;1;10.396372;1;0.49456021792233346;1.5382297039031982
/m/06npd;/base/aareas/schema/administrative_area/administrative_parent;/m/02j71;/m/06npd;/organization/organization_member/member_of./organization/organization_membership/organization;/m/02vk52z;8.136466;1;10.374612;1;10.3018055;1;0.5181935536469996;1.5371625423431396
/m/06npd;/base/aareas/schema/administrative_area/administrative_parent;/m/02j71;/m/0h7x;/location/location/adjoin_s./location/adjoining_relationship/adjoins;/m/06npd;8.136466;1;10.374612;1;10.384936;1;0.49741890339023936;1.5363578796386719
/m/06npd;/base/aareas/schema/administrative_area/administrative_parent;/m/02j71;/m/015qh;/military/military_combatant/military_conflicts./military/military_combatant_group/combatants;/m/06npd;8.136466;1;10.374612;1;10.393134;1;0.4953695667377856;1.536616563796997
/m/06npd;/base/aareas/schema/administrative_area/administrative_parent;/m/02j71;/m/06npd;/military/military_combatant/military_conflicts./military/military_combatant_group/combatants;/m/01pj7;8.136466;1;10.374612;1;10.395984;1;0.49465724300197017;1.536957025527954
/m/06npd;/base/aareas/schema/administrative_area/administrative_parent;/m/02j71;/m/03tmr;/olympics/olympic_sport/athletes./olympics/olympic_athlete_affiliation/country;/m/06npd;8.136466;1;10.374612;1;10.408789;1;0.4914566249592096;1.5367116928100586
/m/05k7sb;/location/location/contains;/m/0k3ll;/m/05k7sb;/location/location/contains;/m/0pc7r;6.629955;1;7.2296677;3;7.1979175;4;1.5079368838078715;7.854945659637451
/m/05k7sb;/location/location/contains;/m/0k3ll;/m/05k7sb;/location/location/contains;/m/0k3k1;6.629955;1;7.2296677;3;7.2078304;4;1.5054590916885981;1.7535102367401123
/m/05k7sb;/location/location/contains;/m/0k3ll;/m/05k7sb;/location/location/contains;/m/0k3kg;6.629955;1;7.2296677;3;7.2040906;4;1.5063939185181239;1.7572991847991943
/m/05k7sb;/location/location/contains;/m/0k3ll;/m/05k7sb;/location/location/contains;/m/0k3j0;6.629955;1;7.2296677;3;7.202476;4;1.5067974909114303;1.7586398124694824
/m/05k7sb;/location/location/contains;/m/0k3ll;/m/05k7sb;/location/location/contains;/m/0v0d9;6.629955;1;7.2296677;3;7.2036796;4;1.5064966598502973;1.7571966648101807
/m/05k7sb;/location/location/contains;/m/0k3ll;/m/0k3j0;/base/aareas/schema/administrative_area/administrative_parent;/m/05k7sb;6.629955;1;7.2296677;3;7.2192087;3;0.5026147127218615;1.7576854228973389
/m/05k7sb;/location/location/contains;/m/0k3ll;/m/05k7sb;/location/location/contains;/m/0k3jc;6.629955;1;7.2296677;3;7.2080097;4;1.505414274295148;1.7569942474365234
/m/05k7sb;/location/location/contains;/m/0k3ll;/m/09c7w0;/location/location/contains;/m/05k7sb;6.629955;1;7.2296677;3;7.241976;2;-0.5030769913375734;1.7604739665985107
/m/05k7sb;/location/location/contains;/m/0k3ll;/m/05k7sb;/location/location/contains;/m/0k3jq;6.629955;1;7.2296677;3;7.211057;4;1.504652485080352;1.7579755783081055
/m/05k7sb;/location/location/contains;/m/0k3ll;/m/0k3k1;/base/biblioness/bibs_location/state;/m/05k7sb;6.629955;1;7.2296677;3;7.2183785;3;0.5028222499568904;1.7583410739898682
/m/05k7sb;/location/location/contains;/m/0k3ll;/m/05k7sb;/location/administrative_division/first_level_division_of;/m/09c7w0;6.629955;1;7.2296677;3;7.232693;3;0.4992436176347839;1.7578623294830322
/m/05k7sb;/location/location/contains;/m/0k3ll;/m/05k7sb;/location/administrative_division/country;/m/09c7w0;6.629955;1;7.2296677;3;7.2293363;2;-0.4999171495445205;1.7564823627471924
/m/05k7sb;/location/location/contains;/m/0k3ll;/m/05k7sb;/base/biblioness/bibs_location/country;/m/09c7w0;6.629955;1;7.2296677;3;7.228508;2;-0.4997100830403032;1.758054494857788
/m/05k7sb;/location/location/contains;/m/0k3ll;/m/0pc7r;/base/biblioness/bibs_location/state;/m/05k7sb;6.629955;1;7.2296677;3;7.1977067;3;0.5079895609487708;1.7571957111358643
/m/05k7sb;/location/location/contains;/m/0k3ll;/m/086xm;/organization/organization/headquarters./location/mailing_address/state_province_region;/m/05k7sb;6.629955;1;7.2296677;3;7.227076;3;0.5006479021260755;1.75850248336792
/m/05k7sb;/location/location/contains;/m/0k3ll;/m/031n8c;/organization/organization/headquarters./location/mailing_address/state_province_region;/m/05k7sb;6.629955;1;7.2296677;3;7.2326703;3;0.49924933966768653;1.7572526931762695
/m/05k7sb;/location/location/contains;/m/0k3ll;/m/05k7sb;/location/location/contains;/m/04ycjk;6.629955;1;7.2296677;3;7.2356486;3;0.4985047623384633;1.7574200630187988
/m/05k7sb;/location/location/contains;/m/0k3ll;/m/05k7sb;/location/location/contains;/m/0t_gg;6.629955;1;7.2296677;3;7.227811;4;1.5004642008401412;1.7583081722259521
/m/05k7sb;/location/location/contains;/m/0k3ll;/m/05k7sb;/location/location/contains;/m/0gv10;6.629955;1;7.2296677;3;7.223662;4;1.501501436488927;1.7605459690093994
/m/05k7sb;/location/location/contains;/m/0k3ll;/m/058kqy;/people/person/places_lived./people/place_lived/location;/m/05k7sb;6.629955;1;7.2296677;3;7.2298813;3;0.4999465942384843;1.7588603496551514
/m/015qh;/olympics/olympic_participating_country/medals_won./olympics/olympic_medal_honor/medal;/m/02lq67;/m/015qh;/olympics/olympic_participating_country/athletes./olympics/olympic_athlete_affiliation/olympics;/m/06sks6;9.049376;1;11.85151;1;11.822464;1;0.5072610041777929;8.354381561279297
/m/015qh;/olympics/olympic_participating_country/medals_won./olympics/olympic_medal_honor/medal;/m/02lq67;/m/015qh;/military/military_combatant/military_conflicts./military/military_combatant_group/combatants;/m/0f8l9c;9.049376;1;11.85151;1;11.856978;1;0.49863291127410736;2.0274741649627686
/m/015qh;/olympics/olympic_participating_country/medals_won./olympics/olympic_medal_honor/medal;/m/02lq67;/m/015qh;/military/military_combatant/military_conflicts./military/military_combatant_group/combatants;/m/0b90_r;9.049376;1;11.85151;1;11.856789;1;0.49868035622882756;2.0274441242218018
/m/015qh;/olympics/olympic_participating_country/medals_won./olympics/olympic_medal_honor/medal;/m/02lq67;/m/015qh;/olympics/olympic_participating_country/athletes./olympics/olympic_athlete_affiliation/olympics;/m/0swff;9.049376;1;11.85151;1;11.862341;1;0.4972923066665867;2.027768850326538
/m/015qh;/olympics/olympic_participating_country/medals_won./olympics/olympic_medal_honor/medal;/m/02lq67;/m/015qh;/olympics/olympic_participating_country/medals_won./olympics/olympic_medal_honor/olympics;/m/0kbws;9.049376;1;11.85151;1;11.8337;1;0.5044523492781047;2.0270698070526123
/m/015qh;/olympics/olympic_participating_country/medals_won./olympics/olympic_medal_honor/medal;/m/02lq67;/m/015qh;/olympics/olympic_participating_country/medals_won./olympics/olympic_medal_honor/olympics;/m/0l98s;9.049376;1;11.85151;1;11.846992;1;0.5011296253058278;2.026090145111084
/m/015qh;/olympics/olympic_participating_country/medals_won./olympics/olympic_medal_honor/medal;/m/02lq67;/m/015qh;/military/military_combatant/military_conflicts./military/military_combatant_group/combatants;/m/0hzlz;9.049376;1;11.85151;1;11.854732;1;0.4991946227363212;2.028687000274658
/m/015qh;/olympics/olympic_participating_country/medals_won./olympics/olympic_medal_honor/medal;/m/02lq67;/m/015qh;/olympics/olympic_participating_country/medals_won./olympics/olympic_medal_honor/olympics;/m/06sks6;9.049376;1;11.85151;1;11.829938;1;0.5053928191291438;2.026522636413574
/m/015qh;/olympics/olympic_participating_country/medals_won./olympics/olympic_medal_honor/medal;/m/02lq67;/m/015qh;/military/military_combatant/military_conflicts./military/military_combatant_group/combatants;/m/02vzc;9.049376;1;11.85151;1;11.858659;1;0.4982128219421216;2.0268185138702393
/m/015qh;/olympics/olympic_participating_country/medals_won./olympics/olympic_medal_honor/medal;/m/02lq67;/m/06bnz;/military/military_combatant/military_conflicts./military/military_combatant_group/combatants;/m/015qh;9.049376;1;11.85151;1;11.85552;1;0.4989974512184356;2.0308899879455566
/m/015qh;/olympics/olympic_participating_country/medals_won./olympics/olympic_medal_honor/medal;/m/02lq67;/m/015qh;/location/location/adjoin_s./location/adjoining_relationship/adjoins;/m/0bjv6;9.049376;1;11.85151;1;11.85479;1;0.49918007924141516;2.027945041656494
/m/015qh;/olympics/olympic_participating_country/medals_won./olympics/olympic_medal_honor/medal;/m/02lq67;/m/015qh;/military/military_combatant/military_conflicts./military/military_combatant_group/combatants;/m/0ctw_b;9.049376;1;11.85151;1;11.856983;1;0.4986317191901314;2.0268638134002686
/m/015qh;/olympics/olympic_participating_country/medals_won./olympics/olympic_medal_honor/medal;/m/02lq67;/m/015qh;/military/military_combatant/military_conflicts./military/military_combatant_group/combatants;/m/059j2;9.049376;1;11.85151;1;11.857192;1;0.49857950592743516;2.0277082920074463
/m/015qh;/olympics/olympic_participating_country/medals_won./olympics/olympic_medal_honor/medal;/m/02lq67;/m/0kbws;/olympics/olympic_games/participating_countries;/m/015qh;9.049376;1;11.85151;1;11.822414;1;0.5072733993248911;2.0273988246917725
/m/015qh;/olympics/olympic_participating_country/medals_won./olympics/olympic_medal_honor/medal;/m/02lq67;/m/015qh;/military/military_combatant/military_conflicts./military/military_combatant_group/combatants;/m/03gj2;9.049376;1;11.85151;1;11.858871;1;0.4981596552986568;2.0272064208984375
/m/015qh;/olympics/olympic_participating_country/medals_won./olympics/olympic_medal_honor/medal;/m/02lq67;/m/015qh;/location/location/adjoin_s./location/adjoining_relationship/adjoins;/m/077qn;9.049376;1;11.85151;1;11.8571205;1;0.4985973871783524;2.026911973953247
/m/015qh;/olympics/olympic_participating_country/medals_won./olympics/olympic_medal_honor/medal;/m/02lq67;/m/015qh;/location/location/adjoin_s./location/adjoining_relationship/adjoins;/m/01znc_;9.049376;1;11.85151;1;11.8522625;1;0.49981188774996427;2.0263020992279053
/m/015qh;/olympics/olympic_participating_country/medals_won./olympics/olympic_medal_honor/medal;/m/02lq67;/m/015qh;/olympics/olympic_participating_country/medals_won./olympics/olympic_medal_honor/olympics;/m/0kbvb;9.049376;1;11.85151;1;11.842995;1;0.502128826629144;2.0274548530578613
/m/015qh;/olympics/olympic_participating_country/medals_won./olympics/olympic_medal_honor/medal;/m/02lq67;/m/015qh;/olympics/olympic_participating_country/medals_won./olympics/olympic_medal_honor/olympics;/m/0ldqf;9.049376;1;11.85151;1;11.856957;1;0.498638156443786;2.0270814895629883
/m/015qh;/olympics/olympic_participating_country/medals_won./olympics/olympic_medal_honor/medal;/m/02lq67;/m/0lgxj;/olympics/olympic_games/participating_countries;/m/015qh;9.049376;1;11.85151;1;11.843323;1;0.5020468120681445;2.0290842056274414
/m/06mzp;/olympics/olympic_participating_country/medals_won./olympics/olympic_medal_honor/olympics;/m/0lbd9;/m/0f8l9c;/location/location/adjoin_s./location/adjoining_relationship/adjoins;/m/06mzp;6.514138;1;9.204958;2;9.209004;2;0.49898839134918455;9.061738729476929
/m/06mzp;/olympics/olympic_participating_country/medals_won./olympics/olympic_medal_honor/olympics;/m/0lbd9;/m/0bynt;/olympics/olympic_sport/athletes./olympics/olympic_athlete_affiliation/country;/m/06mzp;6.514138;1;9.204958;2;9.18646;2;0.5046244733082703;2.1868345737457275
/m/06mzp;/olympics/olympic_participating_country/medals_won./olympics/olympic_medal_honor/olympics;/m/0lbd9;/m/096f8;/olympics/olympic_sport/athletes./olympics/olympic_athlete_affiliation/country;/m/06mzp;6.514138;1;9.204958;2;9.195944;2;0.5022535171506483;2.1890223026275635
/m/06mzp;/olympics/olympic_participating_country/medals_won./olympics/olympic_medal_honor/olympics;/m/0lbd9;/m/02y8z;/olympics/olympic_sport/athletes./olympics/olympic_athlete_affiliation/country;/m/06mzp;6.514138;1;9.204958;2;9.195359;2;0.5023996645741298;2.1884548664093018
/m/06mzp;/olympics/olympic_participating_country/medals_won./olympics/olympic_medal_honor/olympics;/m/0lbd9;/m/03fyrh;/olympics/olympic_sport/athletes./olympics/olympic_athlete_affiliation/country;/m/06mzp;6.514138;1;9.204958;2;9.194171;2;0.5026967263991039;2.1874029636383057
/m/06mzp;/olympics/olympic_participating_country/medals_won./olympics/olympic_medal_honor/olympics;/m/0lbd9;/m/02vx4;/olympics/olympic_sport/athletes./olympics/olympic_athlete_affiliation/country;/m/06mzp;6.514138;1;9.204958;2;9.19372;2;0.5028094949674663;2.1871747970581055
/m/06mzp;/olympics/olympic_participating_country/medals_won./olympics/olympic_medal_honor/olympics;/m/0lbd9;/m/01sgl;/olympics/olympic_sport/athletes./olympics/olympic_athlete_affiliation/country;/m/06mzp;6.514138;1;9.204958;2;9.19346;2;0.502874342725851;2.1887435913085938
/m/06mzp;/olympics/olympic_participating_country/medals_won./olympics/olympic_medal_honor/olympics;/m/0lbd9;/m/03hr1p;/olympics/olympic_sport/athletes./olympics/olympic_athlete_affiliation/country;/m/06mzp;6.514138;1;9.204958;2;9.194951;2;0.5025017052742049;2.188798189163208
/m/06mzp;/olympics/olympic_participating_country/medals_won./olympics/olympic_medal_honor/olympics;/m/0lbd9;/m/06z6r;/olympics/olympic_sport/athletes./olympics/olympic_athlete_affiliation/country;/m/06mzp;6.514138;1;9.204958;2;9.188109;2;0.5042120413966655;2.188371419906616
/m/06mzp;/olympics/olympic_participating_country/medals_won./olympics/olympic_medal_honor/olympics;/m/0lbd9;/m/02bkg;/olympics/olympic_sport/athletes./olympics/olympic_athlete_affiliation/country;/m/06mzp;6.514138;1;9.204958;2;9.196715;2;0.5020606401124323;2.188138961791992
/m/06mzp;/olympics/olympic_participating_country/medals_won./olympics/olympic_medal_honor/olympics;/m/0lbd9;/m/0486tv;/olympics/olympic_sport/athletes./olympics/olympic_athlete_affiliation/country;/m/06mzp;6.514138;1;9.204958;2;9.192826;2;0.5030328855470252;2.187647581100464
/m/06mzp;/olympics/olympic_participating_country/medals_won./olympics/olympic_medal_honor/olympics;/m/0lbd9;/m/06wrt;/olympics/olympic_sport/athletes./olympics/olympic_athlete_affiliation/country;/m/06mzp;6.514138;1;9.204958;2;9.194497;2;0.5026151895459774;2.191624879837036
/m/06mzp;/olympics/olympic_participating_country/medals_won./olympics/olympic_medal_honor/olympics;/m/0lbd9;/m/01hp22;/olympics/olympic_sport/athletes./olympics/olympic_athlete_affiliation/country;/m/06mzp;6.514138;1;9.204958;2;9.192977;2;0.502995216780403;2.1883275508880615
/m/06mzp;/olympics/olympic_participating_country/medals_won./olympics/olympic_medal_honor/olympics;/m/0lbd9;/m/06mzp;/olympics/olympic_participating_country/medals_won./olympics/olympic_medal_honor/olympics;/m/0l998;6.514138;1;9.204958;2;9.18803;3;1.504231828727812;2.188856840133667
/m/06mzp;/olympics/olympic_participating_country/medals_won./olympics/olympic_medal_honor/olympics;/m/0lbd9;/m/0cwy47;/film/film/country;/m/06mzp;6.514138;1;9.204958;2;9.205455;2;0.4998757839228436;2.1904244422912598
/m/06mzp;/olympics/olympic_participating_country/medals_won./olympics/olympic_medal_honor/olympics;/m/0lbd9;/m/014lc_;/film/film/release_date_s./film/film_regional_release_date/film_release_region;/m/06mzp;6.514138;1;9.204958;2;9.204997;2;0.4999902248382581;2.1893179416656494
/m/06mzp;/olympics/olympic_participating_country/medals_won./olympics/olympic_medal_honor/olympics;/m/0lbd9;/m/045j3w;/film/film/release_date_s./film/film_regional_release_date/film_release_region;/m/06mzp;6.514138;1;9.204958;2;9.205424;2;0.4998834133169322;2.1879613399505615
/m/06mzp;/olympics/olympic_participating_country/medals_won./olympics/olympic_medal_honor/olympics;/m/0lbd9;/m/07qg8v;/film/film/release_date_s./film/film_regional_release_date/film_release_region;/m/06mzp;6.514138;1;9.204958;2;9.205536;2;0.4998555183450858;2.1887121200561523
/m/06mzp;/olympics/olympic_participating_country/medals_won./olympics/olympic_medal_honor/olympics;/m/0lbd9;/m/017jd9;/film/film/release_date_s./film/film_regional_release_date/film_release_region;/m/06mzp;6.514138;1;9.204958;2;9.201808;2;0.5007874959156176;2.18843936920166
/m/06mzp;/olympics/olympic_participating_country/medals_won./olympics/olympic_medal_honor/olympics;/m/0lbd9;/m/0gmcwlb;/film/film/release_date_s./film/film_regional_release_date/film_release_region;/m/06mzp;6.514138;1;9.204958;2;9.203278;2;0.500420093437527;2.1882853507995605
/m/0gr51;/award/award_category/winners./award/award_honor/ceremony;/m/0bvhz9;/m/0gr51;/award/award_category/category_of;/m/0g_w;6.376609;1;8.5328455;1;8.522644;1;0.5025503414229225;9.147814273834229
/m/0gr51;/award/award_category/winners./award/award_honor/ceremony;/m/0bvhz9;/m/0gr51;/award/award_category/nominees./award/award_nomination/nominated_for;/m/0g9lm2;6.376609;1;8.5328455;1;8.523977;1;0.5022170398371077;2.3893702030181885
/m/0gr51;/award/award_category/winners./award/award_honor/ceremony;/m/0bvhz9;/m/0gr51;/award/award_category/nominees./award/award_nomination/nominated_for;/m/08nvyr;6.376609;1;8.5328455;1;8.524538;1;0.5020768522982713;2.3907933235168457
/m/0gr51;/award/award_category/winners./award/award_honor/ceremony;/m/0bvhz9;/m/0gr51;/award/award_category/nominees./award/award_nomination/nominated_for;/m/091z_p;6.376609;1;8.5328455;1;8.515618;1;0.504306686703498;2.3986048698425293
/m/0gr51;/award/award_category/winners./award/award_honor/ceremony;/m/0bvhz9;/m/0gr51;/award/award_category/nominees./award/award_nomination/nominated_for;/m/0gy0l_;6.376609;1;8.5328455;1;8.520544;1;0.5030753224706903;2.444190263748169
/m/0gr51;/award/award_category/winners./award/award_honor/ceremony;/m/0bvhz9;/m/013t9y;/award/award_nominee/award_nominations./award/award_nomination/award;/m/0gr51;6.376609;1;8.5328455;1;8.518772;1;0.5035182849027608;2.4575014114379883
/m/0gr51;/award/award_category/winners./award/award_honor/ceremony;/m/0bvhz9;/m/0gr51;/award/award_category/nominees./award/award_nomination/nominated_for;/m/04qw17;6.376609;1;8.5328455;1;8.533774;1;0.49976778032065206;2.4574990272521973
/m/0gr51;/award/award_category/winners./award/award_honor/ceremony;/m/0bvhz9;/m/0gr51;/award/award_category/nominees./award/award_nomination/nominated_for;/m/04jwly;6.376609;1;8.5328455;1;8.537742;1;0.4987759614601555;2.4589524269104004
/m/0gr51;/award/award_category/winners./award/award_honor/ceremony;/m/0bvhz9;/m/0gr51;/award/award_category/nominees./award/award_nomination/nominated_for;/m/0hmm7;6.376609;1;8.5328455;1;8.539391;1;0.49836373913278675;2.4569966793060303
/m/0gr51;/award/award_category/winners./award/award_honor/ceremony;/m/0bvhz9;/m/0gr51;/award/award_category/nominees./award/award_nomination/nominated_for;/m/0hmr4;6.376609;1;8.5328455;1;8.536512;1;0.4990832815905366;2.4599878787994385
/m/0gr51;/award/award_category/winners./award/award_honor/ceremony;/m/0bvhz9;/m/0gr51;/award/award_category/nominees./award/award_nomination/nominated_for;/m/0sxmx;6.376609;1;8.5328455;1;8.531747;1;0.5002746581754991;2.459367513656616
/m/0gr51;/award/award_category/winners./award/award_honor/ceremony;/m/0bvhz9;/m/0gr51;/award/award_category/nominees./award/award_nomination/nominated_for;/m/011ykb;6.376609;1;8.5328455;1;8.531227;1;0.5004045962404264;2.4581525325775146
/m/0gr51;/award/award_category/winners./award/award_honor/ceremony;/m/0bvhz9;/m/0gr51;/award/award_category/nominees./award/award_nomination/nominated_for;/m/0gmcwlb;6.376609;1;8.5328455;1;8.529264;1;0.5008952608077988;2.4634485244750977
/m/0gr51;/award/award_category/winners./award/award_honor/ceremony;/m/0bvhz9;/m/0gr51;/award/award_category/nominees./award/award_nomination/nominated_for;/m/011yhm;6.376609;1;8.5328455;1;8.538919;1;0.49848151673813557;2.4591946601867676
/m/0gr51;/award/award_category/winners./award/award_honor/ceremony;/m/0bvhz9;/m/011ywj;/award/award_winning_work/awards_won./award/award_honor/award;/m/0gr51;6.376609;1;8.5328455;1;8.536442;1;0.4991009245072176;2.4575014114379883
/m/0gr51;/award/award_category/winners./award/award_honor/ceremony;/m/0bvhz9;/m/0gr51;/award/award_category/nominees./award/award_nomination/nominated_for;/m/0pv2t;6.376609;1;8.5328455;1;8.536089;1;0.49918913912332635;2.460002899169922
/m/0gr51;/award/award_category/winners./award/award_honor/ceremony;/m/0bvhz9;/m/0bsb4j;/award/award_nominee/award_nominations./award/award_nomination/award;/m/0gr51;6.376609;1;8.5328455;1;8.534552;1;0.4995734692654515;2.4584922790527344
/m/0gr51;/award/award_category/winners./award/award_honor/ceremony;/m/0bvhz9;/m/03flwk;/award/award_nominee/award_nominations./award/award_nomination/award;/m/0gr51;6.376609;1;8.5328455;1;8.540662;1;0.49804593127428926;2.458134412765503
/m/0gr51;/award/award_category/winners./award/award_honor/ceremony;/m/0bvhz9;/m/0pd4f;/award/award_winning_work/awards_won./award/award_honor/award;/m/0gr51;6.376609;1;8.5328455;1;8.531362;1;0.500370979241007;2.458066701889038
/m/0gr51;/award/award_category/winners./award/award_honor/ceremony;/m/0bvhz9;/m/0gr51;/award/award_category/winners./award/award_honor/ceremony;/m/0fzrtf;6.376609;1;8.5328455;1;8.526819;2;1.5015065624419972;2.4603867530822754
