/m/01qszl;/business/business_operation/industry;/m/01mw1;/m/02pfymy;/organization/organization/child./organization/organization_relationship/child;/m/01qszl;7.361357;1;8.54081;2;8.327588;3;1.553104347633668;7.424896240234375
/m/01qszl;/business/business_operation/industry;/m/01mw1;/m/01qszl;/common/topic/webpage./common/webpage/category;/m/08mbj5d;7.361357;1;8.54081;2;8.085399;2;0.6119249646797111;0.9928913116455078
/m/01qszl;/business/business_operation/industry;/m/01mw1;/m/0dq_5;/organization/role/leaders./organization/leadership/organization;/m/01qszl;7.361357;1;8.54081;2;7.7279086;2;0.6927273493228087;0.9982476234436035
/m/01qszl;/business/business_operation/industry;/m/01mw1;/m/01qszl;/business/business_operation/industry;/m/03qh03g;7.361357;1;8.54081;2;8.745858;3;1.4489167171090784;0.9804160594940186
/m/01qszl;/business/business_operation/industry;/m/01mw1;/m/09k0h5;/organization/organization/child./organization/organization_relationship/child;/m/01qszl;7.361357;1;8.54081;2;8.463131;2;0.5194099111725918;0.9726941585540771
/m/05z775;/people/person/profession;/m/0np9r;/m/05z775;/people/person/profession;/m/02hrh1q;7.310057;1;10.038948;1;10.244773;1;0.4487246777432254;7.037201166152954
/m/05z775;/people/person/profession;/m/0np9r;/m/05z775;/people/person/gender;/m/02zsn;7.310057;1;10.038948;1;10.038727;1;0.5000553131101259;1.088254451751709
/m/05z775;/people/person/profession;/m/0np9r;/m/05z775;/common/topic/webpage./common/webpage/category;/m/08mbj5d;7.310057;1;10.038948;1;9.730755;1;0.576444182251101;1.0880095958709717
/m/05z775;/people/person/profession;/m/0np9r;/m/05z775;/film/actor/film./film/performance/film;/m/06fcqw;7.310057;1;10.038948;1;9.924383;1;0.528609938355608;1.0864818096160889
/m/05z775;/people/person/profession;/m/0np9r;/m/05z775;/people/person/nationality;/m/09c7w0;7.310057;1;10.038948;1;9.788228;1;0.5623537154180889;1.0928668975830078
/m/05z775;/people/person/profession;/m/0np9r;/m/0fkwzs;/tv/tv_program/regular_cast./tv/regular_tv_appearance/actor;/m/05z775;7.310057;1;10.038948;1;9.987306;1;0.5129077359253833;1.10267972946167
/m/05z775;/people/person/profession;/m/0np9r;/m/05pyrb;/film/film/dubbing_performances./film/dubbing_performance/actor;/m/05z775;7.310057;1;10.038948;1;10.007497;1;0.5078621582403481;1.087143898010254
/m/05z775;/people/person/profession;/m/0np9r;/m/05z775;/film/actor/dubbing_performances./film/dubbing_performance/language;/m/02h40lc;7.310057;1;10.038948;1;9.592416;1;0.6098144295598348;1.0857319831848145
/m/05z775;/people/person/profession;/m/0np9r;/m/09g_31;/tv/tv_program/regular_cast./tv/regular_tv_appearance/actor;/m/05z775;7.310057;1;10.038948;1;10.102933;1;0.4840092375001466;1.0558874607086182
/m/05z775;/people/person/profession;/m/0np9r;/m/07ng9k;/film/film/dubbing_performances./film/dubbing_performance/actor;/m/05z775;7.310057;1;10.038948;1;10.189075;1;0.46253848058698227;1.0330626964569092
/m/02khs;/location/country/form_of_government;/m/06cx9;/m/027jk;/location/location/adjoin_s./location/adjoining_relationship/adjoins;/m/02khs;9.35087;1;12.660378;1;12.751256;1;0.4772962399543621;6.8125340938568115
/m/02khs;/location/country/form_of_government;/m/06cx9;/m/02khs;/location/location/adjoin_s./location/adjoining_relationship/adjoins;/m/06tw8;9.35087;1;12.660378;1;12.78794;1;0.4681527806965454;0.9166567325592041
/m/02khs;/location/country/form_of_government;/m/06cx9;/m/02khs;/organization/organization_member/member_of./organization/organization_membership/organization;/m/02vk52z;9.35087;1;12.660378;1;12.610523;1;0.5124612270890685;0.9164125919342041
/m/02khs;/location/country/form_of_government;/m/06cx9;/m/0kbws;/olympics/olympic_games/participating_countries;/m/02khs;9.35087;1;12.660378;1;12.592468;1;0.5169710268598101;0.9166872501373291
/m/02khs;/location/country/form_of_government;/m/06cx9;/m/0dg3n1;/base/locations/continents/countries_within;/m/02khs;9.35087;1;12.660378;1;12.650475;1;0.5024759567056587;0.9171104431152344
/m/02khs;/location/country/form_of_government;/m/06cx9;/m/02khs;/location/statistical_region/gdp_nominal./measurement_unit/dated_money_value/currency;/m/09nqf;9.35087;1;12.660378;1;12.658678;1;0.5004251002241115;0.9163999557495117
/m/02khs;/location/country/form_of_government;/m/06cx9;/m/02khs;/location/country/official_language;/m/02h40lc;9.35087;1;12.660378;1;12.579798;1;0.5201342842731782;0.9188532829284668
/m/02khs;/location/country/form_of_government;/m/06cx9;/m/02khs;/location/statistical_region/gdp_real./measurement_unit/adjusted_money_value/adjustment_currency;/m/09nqf;9.35087;1;12.660378;1;12.661034;1;0.4998362064420163;0.9163861274719238
/m/02khs;/location/country/form_of_government;/m/06cx9;/m/02khs;/location/country/official_language;/m/0jzc;9.35087;1;12.660378;1;12.680597;1;0.4949454598954118;0.9167778491973877
/m/02khs;/location/country/form_of_government;/m/06cx9;/m/02khs;/location/statistical_region/gdp_nominal_per_capita./measurement_unit/dated_money_value/currency;/m/09nqf;9.35087;1;12.660378;1;12.642106;1;0.5045679728798333;0.9157443046569824
/m/02khs;/location/country/form_of_government;/m/06cx9;/m/02khs;/olympics/olympic_participating_country/medals_won./olympics/olympic_medal_honor/olympics;/m/0kbvb;9.35087;1;12.660378;1;12.668826;1;0.4978881007855465;0.9156310558319092
/m/02khs;/location/country/form_of_government;/m/06cx9;/m/0dg3n1;/location/location/contains;/m/02khs;9.35087;1;12.660378;1;12.600375;1;0.5149963210415807;0.9152677059173584
/m/02khs;/location/country/form_of_government;/m/06cx9;/m/02khs;/base/aareas/schema/administrative_area/administrative_area_type;/m/0hzc9wc;9.35087;1;12.660378;1;12.624436;1;0.5089845522182911;0.9152204990386963
/m/02khs;/location/country/form_of_government;/m/06cx9;/m/03hr1p;/olympics/olympic_sport/athletes./olympics/olympic_athlete_affiliation/country;/m/02khs;9.35087;1;12.660378;1;12.7177515;1;0.48566067142278035;0.9301314353942871
/m/02khs;/location/country/form_of_government;/m/06cx9;/m/01lb14;/olympics/olympic_sport/athletes./olympics/olympic_athlete_affiliation/country;/m/02khs;9.35087;1;12.660378;1;12.677742;1;0.4956592219891961;0.9152426719665527
/m/02khs;/location/country/form_of_government;/m/06cx9;/m/060c4;/government/government_office_category/officeholders./government/government_position_held/jurisdiction_of_office;/m/02khs;9.35087;1;12.660378;1;12.513151;1;0.5367404806167139;0.9151828289031982
/m/02khs;/location/country/form_of_government;/m/06cx9;/m/02khs;/location/country/form_of_government;/m/01d9r3;9.35087;1;12.660378;1;12.57582;2;1.5211270348004895;0.9153995513916016
/m/02khs;/location/country/form_of_government;/m/06cx9;/m/02khs;/organization/organization_member/member_of./organization/organization_membership/organization;/m/07t65;9.35087;1;12.660378;1;12.571327;1;0.5222481110793316;0.9152333736419678
/m/02khs;/location/country/form_of_government;/m/06cx9;/m/0bynt;/olympics/olympic_sport/athletes./olympics/olympic_athlete_affiliation/country;/m/02khs;9.35087;1;12.660378;1;12.577282;1;0.520762180472655;0.9154858589172363
/m/02khs;/location/country/form_of_government;/m/06cx9;/m/02khs;/organization/organization_member/member_of./organization/organization_membership/organization;/m/0gkjy;9.35087;1;12.660378;1;12.689244;1;0.49278404748961663;0.915602445602417
/m/0418wg;/film/film/genre;/m/0lsxr;/m/0418wg;/film/film/prequel;/m/06z8s_;6.908957;1;8.939844;1;9.030855;1;0.47726293027573924;7.081609487533569
/m/0418wg;/film/film/genre;/m/0lsxr;/m/0c6qh;/film/actor/film./film/performance/film;/m/0418wg;6.908957;1;8.939844;1;8.938522;1;0.5003304481025233;1.13486909866333
/m/0418wg;/film/film/genre;/m/0lsxr;/m/013knm;/award/award_nominee/award_nominations./award/award_nomination/nominated_for;/m/0418wg;6.908957;1;8.939844;1;8.974168;1;0.4914199192637786;1.1354591846466064
/m/0418wg;/film/film/genre;/m/0lsxr;/m/046zh;/film/actor/film./film/performance/film;/m/0418wg;6.908957;1;8.939844;1;8.959713;1;0.49503295072593484;1.138587474822998
/m/0418wg;/film/film/genre;/m/0lsxr;/m/0418wg;/film/film/production_companies;/m/086k8;6.908957;1;8.939844;1;8.896719;1;0.5107796175567499;1.1374213695526123
/m/0418wg;/film/film/genre;/m/0lsxr;/m/0418wg;/film/film/other_crew./film/film_crew_gig/film_crew_role;/m/09zzb8;6.908957;1;8.939844;1;8.880254;1;0.5148931780257224;1.1390354633331299
/m/0418wg;/film/film/genre;/m/0lsxr;/m/0b_dy;/film/actor/film./film/performance/film;/m/0418wg;6.908957;1;8.939844;1;8.9213085;1;0.5046337708358484;1.1350786685943604
/m/0418wg;/film/film/genre;/m/0lsxr;/m/0418wg;/film/film/language;/m/0653m;6.908957;1;8.939844;1;8.960549;1;0.49482387914742365;1.1363296508789062
/m/0418wg;/film/film/genre;/m/0lsxr;/m/0pnf3;/award/award_nominee/award_nominations./award/award_nomination/nominated_for;/m/0418wg;6.908957;1;8.939844;1;9.009082;1;0.4826974843400992;1.139301061630249
/m/0418wg;/film/film/genre;/m/0lsxr;/m/0418wg;/film/film/genre;/m/05p553;6.908957;1;8.939844;1;8.994089;1;0.4864420755957454;1.1368556022644043
/m/0418wg;/film/film/genre;/m/0lsxr;/m/014zcr;/film/actor/film./film/performance/film;/m/0418wg;6.908957;1;8.939844;1;8.948036;1;0.4979519958589484;1.1430926322937012
/m/0418wg;/film/film/genre;/m/0lsxr;/m/02p65p;/award/award_nominee/award_nominations./award/award_nomination/nominated_for;/m/0418wg;6.908957;1;8.939844;1;8.924282;1;0.5038904358593838;1.1388764381408691
/m/0418wg;/film/film/genre;/m/0lsxr;/m/0418wg;/film/film/cinematography;/m/06t8b;6.908957;1;8.939844;1;8.962787;1;0.4942646158135493;1.1377978324890137
/m/0418wg;/film/film/genre;/m/0lsxr;/m/0418wg;/film/film/production_companies;/m/046b0s;6.908957;1;8.939844;1;8.967516;1;0.49308248791495624;1.1372718811035156
/m/0418wg;/film/film/genre;/m/0lsxr;/m/02pqgt8;/award/award_nominee/award_nominations./award/award_nomination/nominated_for;/m/0418wg;6.908957;1;8.939844;1;8.962697;1;0.49428702422263915;1.136819839477539
/m/0418wg;/film/film/genre;/m/0lsxr;/m/046zh;/award/award_nominee/award_nominations./award/award_nomination/nominated_for;/m/0418wg;6.908957;1;8.939844;1;8.938927;1;0.5002293586570083;1.1381068229675293
/m/0418wg;/film/film/genre;/m/0lsxr;/m/02xwgr;/film/actor/film./film/performance/film;/m/0418wg;6.908957;1;8.939844;1;8.961322;1;0.49463078157639834;1.1378872394561768
/m/0418wg;/film/film/genre;/m/0lsxr;/m/02xwgr;/award/award_nominee/award_nominations./award/award_nomination/nominated_for;/m/0418wg;6.908957;1;8.939844;1;8.972638;1;0.49180223499530534;1.139847755432129
/m/0418wg;/film/film/genre;/m/0lsxr;/m/099tbz;/award/award_category/nominees./award/award_nomination/nominated_for;/m/0418wg;6.908957;1;8.939844;1;8.9739;1;0.49148689530982714;1.1385595798492432
/m/0418wg;/film/film/genre;/m/0lsxr;/m/02lj6p;/award/award_nominee/award_nominations./award/award_nomination/nominated_for;/m/0418wg;6.908957;1;8.939844;1;8.996249;1;0.4859024705855111;1.1392998695373535
/m/0h95927;/film/film/release_date_s./film/film_regional_release_date/film_release_region;/m/0chghy;/m/0h95927;/film/film/release_date_s./film/film_regional_release_date/film_release_region;/m/05b4w;5.8245907;1;8.09605;2;8.066508;3;1.5073849552445702;7.472221851348877
/m/0h95927;/film/film/release_date_s./film/film_regional_release_date/film_release_region;/m/0chghy;/m/0h95927;/film/film/release_date_s./film/film_regional_release_date/film_release_region;/m/03rjj;5.8245907;1;8.09605;2;8.065659;3;1.5075973385111623;1.342505931854248
/m/0h95927;/film/film/release_date_s./film/film_regional_release_date/film_release_region;/m/0chghy;/m/0h95927;/film/film/release_date_s./film/film_regional_release_date/film_release_region;/m/05qhw;5.8245907;1;8.09605;2;8.080427;3;1.5039056937210216;1.3249268531799316
/m/0h95927;/film/film/release_date_s./film/film_regional_release_date/film_release_region;/m/0chghy;/m/0h95927;/film/film/release_date_s./film/film_regional_release_date/film_release_region;/m/07ssc;5.8245907;1;8.09605;2;8.065973;2;0.5075186783576993;1.3467743396759033
/m/0h95927;/film/film/release_date_s./film/film_regional_release_date/film_release_region;/m/0chghy;/m/0h95927;/film/film/release_date_s./film/film_regional_release_date/film_release_region;/m/0154j;5.8245907;1;8.09605;2;8.067076;3;1.5072431265460673;1.3528239727020264
/m/0h95927;/film/film/release_date_s./film/film_regional_release_date/film_release_region;/m/0chghy;/m/0h95927;/film/film/release_date_s./film/film_regional_release_date/film_release_region;/m/015fr;5.8245907;1;8.09605;2;8.06461;3;1.5078595362842115;1.3527445793151855
/m/0h95927;/film/film/release_date_s./film/film_regional_release_date/film_release_region;/m/0chghy;/m/0h95927;/film/film/release_date_s./film/film_regional_release_date/film_release_region;/m/035qy;5.8245907;1;8.09605;2;8.0711775;3;1.506217874404837;1.3486127853393555
/m/0h95927;/film/film/release_date_s./film/film_regional_release_date/film_release_region;/m/0chghy;/m/0h95927;/film/film/release_date_s./film/film_regional_release_date/film_release_region;/m/059j2;5.8245907;1;8.09605;2;8.0587015;3;1.5093361015720768;1.3519930839538574
/m/0h95927;/film/film/release_date_s./film/film_regional_release_date/film_release_region;/m/0chghy;/m/0h95927;/film/film/release_date_s./film/film_regional_release_date/film_release_region;/m/06f32;5.8245907;1;8.09605;2;8.075093;2;0.5052390565296299;1.3482365608215332
/m/0h95927;/film/film/release_date_s./film/film_regional_release_date/film_release_region;/m/0chghy;/m/0h95927;/film/film/release_date_s./film/film_regional_release_date/film_release_region;/m/0k6nt;5.8245907;1;8.09605;2;8.065367;3;1.507670277590167;1.3519413471221924
/m/0h95927;/film/film/release_date_s./film/film_regional_release_date/film_release_region;/m/0chghy;/m/0h95927;/film/film/release_date_s./film/film_regional_release_date/film_release_region;/m/0d060g;5.8245907;1;8.09605;2;8.056084;2;0.5099903160309482;1.349468469619751
/m/0h95927;/film/film/release_date_s./film/film_regional_release_date/film_release_region;/m/0chghy;/m/0h95927;/film/film/release_date_s./film/film_regional_release_date/film_release_region;/m/09c7w0;5.8245907;1;8.09605;2;8.109621;2;0.49660735568676484;1.3553528785705566
/m/0h95927;/film/film/release_date_s./film/film_regional_release_date/film_release_region;/m/0chghy;/m/0h95927;/film/film/estimated_budget./measurement_unit/dated_money_value/currency;/m/09nqf;5.8245907;1;8.09605;2;8.081595;2;0.5036136474832994;1.3605122566223145
/m/0h95927;/film/film/release_date_s./film/film_regional_release_date/film_release_region;/m/0chghy;/m/0h95927;/film/film/release_date_s./film/film_regional_release_date/film_release_region;/m/0f8l9c;5.8245907;1;8.09605;2;8.058946;3;1.509275087557038;1.3502485752105713
/m/0h95927;/film/film/release_date_s./film/film_regional_release_date/film_release_region;/m/0chghy;/m/0h95927;/film/film/release_date_s./film/film_regional_release_date/film_release_region;/m/0ctw_b;5.8245907;1;8.09605;2;8.037126;2;0.5147269078641885;1.3538105487823486
/m/0h95927;/film/film/release_date_s./film/film_regional_release_date/film_release_region;/m/0chghy;/m/0h95927;/film/film/release_date_s./film/film_regional_release_date/film_release_region;/m/015qh;5.8245907;1;8.09605;2;8.091639;2;0.5011029225580691;1.3505821228027344
/m/0h95927;/film/film/release_date_s./film/film_regional_release_date/film_release_region;/m/0chghy;/m/0h95927;/film/film/release_date_s./film/film_regional_release_date/film_release_region;/m/0345h;5.8245907;1;8.09605;2;8.069872;3;1.5065442162677605;1.3470470905303955
/m/0h95927;/film/film/release_date_s./film/film_regional_release_date/film_release_region;/m/0chghy;/m/0k611;/award/award_category/nominees./award/award_nomination/nominated_for;/m/0h95927;5.8245907;1;8.09605;2;8.095722;2;0.5000820159904753;1.3502190113067627
/m/0h95927;/film/film/release_date_s./film/film_regional_release_date/film_release_region;/m/0chghy;/m/06cgy;/award/award_nominee/award_nominations./award/award_nomination/nominated_for;/m/0h95927;5.8245907;1;8.09605;2;8.10411;2;0.4979851354943897;1.3493938446044922
/m/0h95927;/film/film/release_date_s./film/film_regional_release_date/film_release_region;/m/0chghy;/m/0h95927;/film/film/language;/m/02h40lc;5.8245907;1;8.09605;2;8.068163;2;0.5069713842898376;1.348872423171997
/m/0d6lp;/travel/travel_destination/how_to_get_here./travel/transportation/mode_of_transportation;/m/025t3bg;/m/03hkch7;/film/film/featured_film_locations;/m/0d6lp;8.206076;1;9.443249;1;9.448192;1;0.49876427902046416;7.69611382484436
/m/0d6lp;/travel/travel_destination/how_to_get_here./travel/transportation/mode_of_transportation;/m/025t3bg;/m/0d6lp;/travel/travel_destination/climate./travel/travel_destination_monthly_climate/month;/m/0ll3;8.206076;1;9.443249;1;9.382892;1;0.5150846942956877;1.5172131061553955
/m/0d6lp;/travel/travel_destination/how_to_get_here./travel/transportation/mode_of_transportation;/m/025t3bg;/m/0hmm7;/film/film/featured_film_locations;/m/0d6lp;8.206076;1;9.443249;1;9.457577;1;0.4964180605458955;1.5178296566009521
/m/0d6lp;/travel/travel_destination/how_to_get_here./travel/transportation/mode_of_transportation;/m/025t3bg;/m/04ztj;/people/marriage_union_type/unions_of_this_type./people/marriage/location_of_ceremony;/m/0d6lp;8.206076;1;9.443249;1;9.358566;1;0.521157973797068;1.5210273265838623
/m/0d6lp;/travel/travel_destination/how_to_get_here./travel/transportation/mode_of_transportation;/m/025t3bg;/m/0k7tq;/film/film/release_date_s./film/film_regional_release_date/film_release_region;/m/0d6lp;8.206076;1;9.443249;1;9.441938;1;0.5003275870808129;1.5168323516845703
/m/0d6lp;/travel/travel_destination/how_to_get_here./travel/transportation/mode_of_transportation;/m/025t3bg;/m/0d6lp;/location/location/adjoin_s./location/adjoining_relationship/adjoins;/m/0l2hf;8.206076;1;9.443249;1;9.434726;1;0.5021307339431702;1.5173392295837402
/m/0d6lp;/travel/travel_destination/how_to_get_here./travel/transportation/mode_of_transportation;/m/025t3bg;/m/04wp3s;/people/person/places_lived./people/place_lived/location;/m/0d6lp;8.206076;1;9.443249;1;9.45137;1;0.4979696385403433;1.5160400867462158
/m/0d6lp;/travel/travel_destination/how_to_get_here./travel/transportation/mode_of_transportation;/m/025t3bg;/m/0l2hf;/location/location/adjoin_s./location/adjoining_relationship/adjoins;/m/0d6lp;8.206076;1;9.443249;1;9.433822;1;0.5023567502008123;1.516237735748291
/m/0d6lp;/travel/travel_destination/how_to_get_here./travel/transportation/mode_of_transportation;/m/025t3bg;/m/0prfz;/people/person/place_of_birth;/m/0d6lp;8.206076;1;9.443249;1;9.4521475;1;0.4977753309188798;1.517327070236206
/m/0d6lp;/travel/travel_destination/how_to_get_here./travel/transportation/mode_of_transportation;/m/025t3bg;/m/0d6lp;/base/popstra/location/vacationers./base/popstra/vacation_choice/vacationer;/m/01f492;8.206076;1;9.443249;1;9.418885;1;0.5060905781723324;1.51670241355896
/m/0d6lp;/travel/travel_destination/how_to_get_here./travel/transportation/mode_of_transportation;/m/025t3bg;/m/06wvj;/people/person/places_lived./people/place_lived/location;/m/0d6lp;8.206076;1;9.443249;1;9.431089;1;0.5030397994308429;1.5166375637054443
/m/0d6lp;/travel/travel_destination/how_to_get_here./travel/transportation/mode_of_transportation;/m/025t3bg;/m/0j5q3;/people/person/places_lived./people/place_lived/location;/m/0d6lp;8.206076;1;9.443249;1;9.45099;1;0.4980647660571241;1.516406774520874
/m/0d6lp;/travel/travel_destination/how_to_get_here./travel/transportation/mode_of_transportation;/m/025t3bg;/m/086sj;/people/person/places_lived./people/place_lived/location;/m/0d6lp;8.206076;1;9.443249;1;9.449697;1;0.4983880575712681;1.5182173252105713
/m/0d6lp;/travel/travel_destination/how_to_get_here./travel/transportation/mode_of_transportation;/m/025t3bg;/m/0d6lp;/location/statistical_region/rent50_2./measurement_unit/dated_money_value/currency;/m/09nqf;8.206076;1;9.443249;1;9.352536;1;0.5226625985209895;1.5178139209747314
/m/0d6lp;/travel/travel_destination/how_to_get_here./travel/transportation/mode_of_transportation;/m/025t3bg;/m/0c5vh;/people/person/place_of_birth;/m/0d6lp;8.206076;1;9.443249;1;9.458911;1;0.496084531715188;1.5175552368164062
/m/0d6lp;/travel/travel_destination/how_to_get_here./travel/transportation/mode_of_transportation;/m/025t3bg;/m/0473rc;/film/film/featured_film_locations;/m/0d6lp;8.206076;1;9.443249;1;9.442226;1;0.5002555846945359;1.5158483982086182
/m/0d6lp;/travel/travel_destination/how_to_get_here./travel/transportation/mode_of_transportation;/m/025t3bg;/m/0btyf5z;/film/film/featured_film_locations;/m/0d6lp;8.206076;1;9.443249;1;9.444732;1;0.4996292591774409;1.5222609043121338
/m/0d6lp;/travel/travel_destination/how_to_get_here./travel/transportation/mode_of_transportation;/m/025t3bg;/m/0d6lp;/travel/travel_destination/climate./travel/travel_destination_monthly_climate/month;/m/0lkm;8.206076;1;9.443249;1;9.383653;1;0.5148946072678868;1.516951084136963
/m/0d6lp;/travel/travel_destination/how_to_get_here./travel/transportation/mode_of_transportation;/m/025t3bg;/m/0d6lp;/base/petbreeds/city_with_dogs/top_breeds./base/petbreeds/dog_city_relationship/dog_breed;/m/01t032;8.206076;1;9.443249;1;9.424446;1;0.5047005222214076;1.5174612998962402
/m/0d6lp;/travel/travel_destination/how_to_get_here./travel/transportation/mode_of_transportation;/m/025t3bg;/m/0bwh6;/people/person/places_lived./people/place_lived/location;/m/0d6lp;8.206076;1;9.443249;1;9.454648;1;0.4971502135831617;1.5172743797302246
/m/0bkj86;/education/educational_degree/people_with_this_degree./education/education/major_field_of_study;/m/01lj9;/m/0bkj86;/education/educational_degree/people_with_this_degree./education/education/institution;/m/078bz;6.3033056;1;7.9424148;1;7.9378176;1;0.5011492947364479;8.425426006317139
/m/0bkj86;/education/educational_degree/people_with_this_degree./education/education/major_field_of_study;/m/01lj9;/m/0bkj86;/education/educational_degree/people_with_this_degree./education/education/institution;/m/09f2j;6.3033056;1;7.9424148;1;7.9414835;1;0.5002328157256669;1.7593753337860107
/m/0bkj86;/education/educational_degree/people_with_this_degree./education/education/major_field_of_study;/m/01lj9;/m/0bkj86;/education/educational_degree/people_with_this_degree./education/education/major_field_of_study;/m/04rjg;6.3033056;1;7.9424148;1;7.9285107;2;1.5034759676752374;1.7635672092437744
/m/0bkj86;/education/educational_degree/people_with_this_degree./education/education/major_field_of_study;/m/01lj9;/m/0bkj86;/education/educational_degree/people_with_this_degree./education/education/institution;/m/01f1r4;6.3033056;1;7.9424148;1;7.939262;1;0.5007882111695791;1.763082504272461
/m/0bkj86;/education/educational_degree/people_with_this_degree./education/education/major_field_of_study;/m/01lj9;/m/0bkj86;/education/educational_degree/people_with_this_degree./education/education/institution;/m/0h6rm;6.3033056;1;7.9424148;1;7.935599;1;0.5017039709881143;1.7652192115783691
/m/0bkj86;/education/educational_degree/people_with_this_degree./education/education/major_field_of_study;/m/01lj9;/m/0bkj86;/education/educational_degree/people_with_this_degree./education/education/institution;/m/07szy;6.3033056;1;7.9424148;1;7.9382815;1;0.5010333046507844;1.7647106647491455
/m/0bkj86;/education/educational_degree/people_with_this_degree./education/education/major_field_of_study;/m/01lj9;/m/0bkj86;/education/educational_degree/people_with_this_degree./education/education/institution;/m/06pwq;6.3033056;1;7.9424148;1;7.9394307;1;0.5007460111804353;1.7643120288848877
/m/0bkj86;/education/educational_degree/people_with_this_degree./education/education/major_field_of_study;/m/01lj9;/m/0bkj86;/education/educational_degree/people_with_this_degree./education/education/major_field_of_study;/m/01lhy;6.3033056;1;7.9424148;1;7.9209576;1;0.5053640930146867;1.764848232269287
/m/0bkj86;/education/educational_degree/people_with_this_degree./education/education/major_field_of_study;/m/01lj9;/m/0bkj86;/education/educational_degree/people_with_this_degree./education/education/institution;/m/07vjm;6.3033056;1;7.9424148;1;7.9377456;1;0.5011672952425663;1.7645576000213623
/m/0bkj86;/education/educational_degree/people_with_this_degree./education/education/major_field_of_study;/m/01lj9;/m/0bkj86;/education/educational_degree/people_with_this_degree./education/education/institution;/m/07wrz;6.3033056;1;7.9424148;1;7.9368224;1;0.5013980829041773;1.7635056972503662
/m/0bkj86;/education/educational_degree/people_with_this_degree./education/education/major_field_of_study;/m/01lj9;/m/0bkj86;/education/educational_degree/people_with_this_degree./education/education/institution;/m/012mzw;6.3033056;1;7.9424148;1;7.935158;1;0.5018142382156197;1.7646901607513428
/m/0bkj86;/education/educational_degree/people_with_this_degree./education/education/major_field_of_study;/m/01lj9;/m/0bkj86;/education/educational_degree/people_with_this_degree./education/education/major_field_of_study;/m/05qjt;6.3033056;1;7.9424148;1;7.9318027;2;1.502652977841957;1.7636959552764893
/m/0bkj86;/education/educational_degree/people_with_this_degree./education/education/major_field_of_study;/m/01lj9;/m/0bkj86;/education/educational_degree/people_with_this_degree./education/education/institution;/m/01qd_r;6.3033056;1;7.9424148;1;7.9398203;1;0.5006486173806104;1.7640342712402344
/m/0bkj86;/education/educational_degree/people_with_this_degree./education/education/major_field_of_study;/m/01lj9;/m/0bkj86;/education/educational_degree/people_with_this_degree./education/education/institution;/m/021996;6.3033056;1;7.9424148;1;7.9413605;1;0.500263571714783;1.764054775238037
/m/0bkj86;/education/educational_degree/people_with_this_degree./education/education/major_field_of_study;/m/01lj9;/m/0bkj86;/education/educational_degree/people_with_this_degree./education/education/institution;/m/07w0v;6.3033056;1;7.9424148;1;7.940339;1;0.5005189178511051;1.764664649963379
/m/0bkj86;/education/educational_degree/people_with_this_degree./education/education/major_field_of_study;/m/01lj9;/m/0bkj86;/education/educational_degree/people_with_this_degree./education/education/student;/m/0kn4c;6.3033056;1;7.9424148;1;7.921024;1;0.5053475248246722;1.7643585205078125
/m/0bkj86;/education/educational_degree/people_with_this_degree./education/education/major_field_of_study;/m/01lj9;/m/0bkj86;/education/educational_degree/people_with_this_degree./education/education/institution;/m/02gnmp;6.3033056;1;7.9424148;1;7.9371996;1;0.5013037890447828;1.7634391784667969
/m/0bkj86;/education/educational_degree/people_with_this_degree./education/education/major_field_of_study;/m/01lj9;/m/0bkj86;/education/educational_degree/people_with_this_degree./education/education/institution;/m/07tg4;6.3033056;1;7.9424148;1;7.937072;1;0.5013357369117861;1.7642111778259277
/m/0bkj86;/education/educational_degree/people_with_this_degree./education/education/major_field_of_study;/m/01lj9;/m/0bkj86;/education/educational_degree/people_with_this_degree./education/education/institution;/m/0g8rj;6.3033056;1;7.9424148;1;7.9423084;1;0.5000265836715447;1.763420820236206
/m/0bkj86;/education/educational_degree/people_with_this_degree./education/education/major_field_of_study;/m/01lj9;/m/0bkj86;/education/educational_degree/people_with_this_degree./education/education/major_field_of_study;/m/03g3w;6.3033056;1;7.9424148;1;7.936468;2;1.501486654669007;1.7638623714447021
/m/0cqhk0;/award/award_category/winners./award/award_honor/ceremony;/m/092t4b;/m/0m66w;/award/award_nominee/award_nominations./award/award_nomination/award;/m/0cqhk0;6.307382;1;7.430854;1;7.4125967;1;0.5045641585006976;8.41027045249939
/m/0cqhk0;/award/award_category/winners./award/award_honor/ceremony;/m/092t4b;/m/0cqhk0;/award/award_category/nominees./award/award_nomination/nominated_for;/m/01q_y0;6.307382;1;7.430854;1;7.4207406;1;0.5025282882731793;1.8935048580169678
/m/0cqhk0;/award/award_category/winners./award/award_honor/ceremony;/m/092t4b;/m/01p85y;/award/award_nominee/award_nominations./award/award_nomination/award;/m/0cqhk0;6.307382;1;7.430854;1;7.4178343;1;0.5032548444649083;1.8941283226013184
/m/0cqhk0;/award/award_category/winners./award/award_honor/ceremony;/m/092t4b;/m/0l76z;/award/award_winning_work/awards_won./award/award_honor/award;/m/0cqhk0;6.307382;1;7.430854;1;7.415565;1;0.5038221329997271;1.894209384918213
/m/0cqhk0;/award/award_category/winners./award/award_honor/ceremony;/m/092t4b;/m/0cqhk0;/award/award_category/winners./award/award_honor/award_winner;/m/01p85y;6.307382;1;7.430854;1;7.4158754;1;0.503744532195629;1.8984284400939941
/m/0cqhk0;/award/award_category/winners./award/award_honor/ceremony;/m/092t4b;/m/0cqhk0;/award/award_category/winners./award/award_honor/award_winner;/m/015c2f;6.307382;1;7.430854;1;7.4121175;1;0.5046839535894627;1.893772840499878
/m/0cqhk0;/award/award_category/winners./award/award_honor/ceremony;/m/092t4b;/m/0cqhk0;/award/award_category/nominees./award/award_nomination/nominated_for;/m/0l76z;6.307382;1;7.430854;1;7.4157724;1;0.5037702799480468;1.8928756713867188
/m/0cqhk0;/award/award_category/winners./award/award_honor/ceremony;/m/092t4b;/m/033jkj;/award/award_nominee/award_nominations./award/award_nomination/award;/m/0cqhk0;6.307382;1;7.430854;1;7.4252543;1;0.501399871029522;1.8946292400360107
/m/0cqhk0;/award/award_category/winners./award/award_honor/ceremony;/m/092t4b;/m/0cqhk0;/award/award_category/winners./award/award_honor/award_winner;/m/0m66w;6.307382;1;7.430854;1;7.4104357;1;0.50510436444501;1.9032104015350342
/m/0cqhk0;/award/award_category/winners./award/award_honor/ceremony;/m/092t4b;/m/015c2f;/award/award_nominee/award_nominations./award/award_nomination/award;/m/0cqhk0;6.307382;1;7.430854;1;7.4147186;1;0.5040337164269774;1.8943512439727783
/m/0cqhk0;/award/award_category/winners./award/award_honor/ceremony;/m/092t4b;/m/01q_y0;/award/award_winning_work/awards_won./award/award_honor/award;/m/0cqhk0;6.307382;1;7.430854;1;7.4210296;1;0.5024560492385609;1.8947856426239014
/m/0cqhk0;/award/award_category/winners./award/award_honor/ceremony;/m/092t4b;/m/0cqhk0;/award/award_category/winners./award/award_honor/award_winner;/m/033jkj;6.307382;1;7.430854;1;7.4216976;1;0.5022890407858801;1.8944611549377441
/m/0cqhk0;/award/award_category/winners./award/award_honor/ceremony;/m/092t4b;/m/0q5hw;/award/award_nominee/award_nominations./award/award_nomination/award;/m/0cqhk0;6.307382;1;7.430854;1;7.4343657;1;0.49912202448483284;1.8946635723114014
/m/0cqhk0;/award/award_category/winners./award/award_honor/ceremony;/m/092t4b;/m/0330r;/award/award_winning_work/awards_won./award/award_honor/award;/m/0cqhk0;6.307382;1;7.430854;1;7.424411;1;0.5016107503482172;1.8944180011749268
/m/0cqhk0;/award/award_category/winners./award/award_honor/ceremony;/m/092t4b;/m/0cqhk0;/award/award_category/winners./award/award_honor/award_winner;/m/01_j71;6.307382;1;7.430854;1;7.4371333;1;0.4984301380244328;1.8930079936981201
/m/0cqhk0;/award/award_category/winners./award/award_honor/ceremony;/m/092t4b;/m/0cqhk0;/award/award_category/winners./award/award_honor/award_winner;/m/018ygt;6.307382;1;7.430854;1;7.4102197;1;0.5051583605654631;1.894951343536377
/m/0cqhk0;/award/award_category/winners./award/award_honor/ceremony;/m/092t4b;/m/0cqhk0;/award/award_category/winners./award/award_honor/award_winner;/m/033jj1;6.307382;1;7.430854;1;7.4278026;1;0.5007628196519945;1.894361972808838
/m/0cqhk0;/award/award_category/winners./award/award_honor/ceremony;/m/092t4b;/m/0pyww;/award/award_nominee/award_nominations./award/award_nomination/award;/m/0cqhk0;6.307382;1;7.430854;1;7.4325147;1;0.49958479413993445;1.8955028057098389
/m/0cqhk0;/award/award_category/winners./award/award_honor/ceremony;/m/092t4b;/m/0cqhk0;/award/award_category/nominees./award/award_nomination/nominated_for;/m/05zr0xl;6.307382;1;7.430854;1;7.4231796;1;0.5019185448902033;1.8947651386260986
/m/0cqhk0;/award/award_category/winners./award/award_honor/ceremony;/m/092t4b;/m/05f4vxd;/award/award_winning_work/awards_won./award/award_honor/award;/m/0cqhk0;6.307382;1;7.430854;1;7.4374533;1;0.49835014942052924;1.8955376148223877
/m/04dn09n;/award/award_category/disciplines_or_subjects;/m/02vxn;/m/04sry;/award/award_nominee/award_nominations./award/award_nomination/award;/m/04dn09n;4.61078;1;6.0867343;1;6.0687537;1;0.5044950227872167;8.916999340057373
/m/04dn09n;/award/award_category/disciplines_or_subjects;/m/02vxn;/m/04dn09n;/award/award_category/winners./award/award_honor/ceremony;/m/09q_6t;4.61078;1;6.0867343;1;6.0750775;1;0.502914157294439;2.184671640396118
/m/04dn09n;/award/award_category/disciplines_or_subjects;/m/02vxn;/m/04dn09n;/award/award_category/nominees./award/award_nomination/nominated_for;/m/02d44q;4.61078;1;6.0867343;1;6.0718117;1;0.5037305854881016;2.184119939804077
/m/04dn09n;/award/award_category/disciplines_or_subjects;/m/02vxn;/m/04dn09n;/award/award_category/nominees./award/award_nomination/nominated_for;/m/04vr_f;4.61078;1;6.0867343;1;6.0863295;1;0.5001012086854463;2.1824188232421875
/m/04dn09n;/award/award_category/disciplines_or_subjects;/m/02vxn;/m/04dn09n;/award/award_category/nominees./award/award_nomination/nominated_for;/m/0gmcwlb;4.61078;1;6.0867343;1;6.0706115;1;0.5040306171870166;2.1839640140533447
/m/04dn09n;/award/award_category/disciplines_or_subjects;/m/02vxn;/m/04dn09n;/award/award_category/winners./award/award_honor/award_winner;/m/05kfs;4.61078;1;6.0867343;1;6.0825806;1;0.5010384306282338;2.184523105621338
/m/04dn09n;/award/award_category/disciplines_or_subjects;/m/02vxn;/m/04dn09n;/award/award_category/winners./award/award_honor/award_winner;/m/0169dl;4.61078;1;6.0867343;1;6.07913;1;0.5019010213802968;2.1840193271636963
/m/04dn09n;/award/award_category/disciplines_or_subjects;/m/02vxn;/m/04dn09n;/award/award_category/nominees./award/award_nomination/nominated_for;/m/0kxf1;4.61078;1;6.0867343;1;6.088477;1;0.4995642901569805;2.1843574047088623
/m/04dn09n;/award/award_category/disciplines_or_subjects;/m/02vxn;/m/06m6z6;/award/award_nominee/award_nominations./award/award_nomination/award;/m/04dn09n;4.61078;1;6.0867343;1;6.0857596;1;0.5002436637685528;2.1852715015411377
/m/04dn09n;/award/award_category/disciplines_or_subjects;/m/02vxn;/m/04dn09n;/award/award_category/nominees./award/award_nomination/nominated_for;/m/0_b9f;4.61078;1;6.0867343;1;6.066204;1;0.505132375692417;2.184053659439087
/m/04dn09n;/award/award_category/disciplines_or_subjects;/m/02vxn;/m/0184dt;/award/award_nominee/award_nominations./award/award_nomination/award;/m/04dn09n;4.61078;1;6.0867343;1;6.0840974;1;0.5006592269892327;2.1848132610321045
/m/04dn09n;/award/award_category/disciplines_or_subjects;/m/02vxn;/m/04dn09n;/award/award_category/nominees./award/award_nomination/nominated_for;/m/08nvyr;4.61078;1;6.0867343;1;6.0797634;1;0.501742713546946;2.184016704559326
/m/04dn09n;/award/award_category/disciplines_or_subjects;/m/02vxn;/m/04dn09n;/award/award_category/nominees./award/award_nomination/nominated_for;/m/0gg5qcw;4.61078;1;6.0867343;1;6.0773315;1;0.5023506706617697;2.1878139972686768
/m/04dn09n;/award/award_category/disciplines_or_subjects;/m/02vxn;/m/04dn09n;/award/award_category/nominees./award/award_nomination/nominated_for;/m/0jqj5;4.61078;1;6.0867343;1;6.087915;1;0.49970483783335856;2.1840288639068604
/m/04dn09n;/award/award_category/disciplines_or_subjects;/m/02vxn;/m/04dn09n;/award/award_category/nominees./award/award_nomination/nominated_for;/m/0llcx;4.61078;1;6.0867343;1;6.087854;1;0.49972009661737377;2.184812545776367
/m/04dn09n;/award/award_category/disciplines_or_subjects;/m/02vxn;/m/04dn09n;/award/award_category/nominees./award/award_nomination/nominated_for;/m/0k4fz;4.61078;1;6.0867343;1;6.0863495;1;0.5000962018954804;2.184290647506714
/m/04dn09n;/award/award_category/disciplines_or_subjects;/m/02vxn;/m/04dn09n;/award/award_category/nominees./award/award_nomination/nominated_for;/m/02rv_dz;4.61078;1;6.0867343;1;6.0776906;1;0.502260907975972;2.184398889541626
/m/04dn09n;/award/award_category/disciplines_or_subjects;/m/02vxn;/m/02f93t;/award/award_nominee/award_nominations./award/award_nomination/award;/m/04dn09n;4.61078;1;6.0867343;1;6.0814643;1;0.5013174980188833;2.1847665309906006
/m/04dn09n;/award/award_category/disciplines_or_subjects;/m/02vxn;/m/04dn09n;/award/award_category/nominees./award/award_nomination/nominated_for;/m/09sr0;4.61078;1;6.0867343;1;6.090509;1;0.4990563403843487;2.18384051322937
/m/04dn09n;/award/award_category/disciplines_or_subjects;/m/02vxn;/m/04dn09n;/award/award_category/nominees./award/award_nomination/nominated_for;/m/06x77g;4.61078;1;6.0867343;1;6.090864;1;0.49896752981068143;2.1840813159942627
/m/0gqyl;/award/award_category/winners./award/award_honor/ceremony;/m/073hd1;/m/0gqyl;/award/award_category/nominees./award/award_nomination/nominated_for;/m/0y_pg;6.1471887;1;8.079974;1;8.069999;1;0.5024938376574395;9.522642135620117
/m/0gqyl;/award/award_category/winners./award/award_honor/ceremony;/m/073hd1;/m/0y_pg;/award/award_winning_work/awards_won./award/award_honor/award;/m/0gqyl;6.1471887;1;8.079974;1;8.067988;1;0.5029964088305029;2.4794349670410156
/m/0gqyl;/award/award_category/winners./award/award_honor/ceremony;/m/073hd1;/m/0fb1q;/award/award_nominee/award_nominations./award/award_nomination/award;/m/0gqyl;6.1471887;1;8.079974;1;8.06776;1;0.5030533887853009;2.4802913665771484
/m/0gqyl;/award/award_category/winners./award/award_honor/ceremony;/m/073hd1;/m/0gqyl;/award/award_category/winners./award/award_honor/award_winner;/m/0fb1q;6.1471887;1;8.079974;1;8.066631;1;0.5033356648524768;2.4800524711608887
/m/0gqyl;/award/award_category/winners./award/award_honor/ceremony;/m/073hd1;/m/0gqyl;/award/award_category/nominees./award/award_nomination/nominated_for;/m/0h6r5;6.1471887;1;8.079974;1;8.068714;1;0.5028149784213126;2.4819564819335938
/m/0gqyl;/award/award_category/winners./award/award_honor/ceremony;/m/073hd1;/m/0gqyl;/award/award_category/nominees./award/award_nomination/nominated_for;/m/0y_9q;6.1471887;1;8.079974;1;8.063316;1;0.5041643610265671;2.4805960655212402
/m/0gqyl;/award/award_category/winners./award/award_honor/ceremony;/m/073hd1;/m/0gqyl;/award/award_category/nominees./award/award_nomination/nominated_for;/m/070fnm;6.1471887;1;8.079974;1;8.079749;1;0.5000562667844305;2.4810359477996826
/m/0gqyl;/award/award_category/winners./award/award_honor/ceremony;/m/073hd1;/m/0gqyl;/award/award_category/nominees./award/award_nomination/nominated_for;/m/0yx7h;6.1471887;1;8.079974;1;8.082563;1;0.4993526939193724;2.4835996627807617
/m/0gqyl;/award/award_category/winners./award/award_honor/ceremony;/m/073hd1;/m/0gqyl;/award/award_category/winners./award/award_honor/ceremony;/m/0fzrtf;6.1471887;1;8.079974;1;8.075134;2;1.501209971927015;2.480567693710327
/m/0gqyl;/award/award_category/winners./award/award_honor/ceremony;/m/073hd1;/m/0gqyl;/award/award_category/nominees./award/award_nomination/nominated_for;/m/03hj3b3;6.1471887;1;8.079974;1;8.081153;1;0.4997053146703509;2.481060028076172
/m/0gqyl;/award/award_category/winners./award/award_honor/ceremony;/m/073hd1;/m/0gqyl;/award/award_category/nominees./award/award_nomination/nominated_for;/m/01k7b0;6.1471887;1;8.079974;1;8.077669;1;0.5005762574505425;2.4811251163482666
/m/0gqyl;/award/award_category/winners./award/award_honor/ceremony;/m/073hd1;/m/0dvld;/award/award_nominee/award_nominations./award/award_nomination/award;/m/0gqyl;6.1471887;1;8.079974;1;8.0824995;1;0.4993686679380546;2.4804537296295166
/m/0gqyl;/award/award_category/winners./award/award_honor/ceremony;/m/073hd1;/m/0gqyl;/award/award_category/nominees./award/award_nomination/nominated_for;/m/0pv2t;6.1471887;1;8.079974;1;8.079957;1;0.5000042915344237;2.4795680046081543
/m/0gqyl;/award/award_category/winners./award/award_honor/ceremony;/m/073hd1;/m/0gqyl;/award/award_category/nominees./award/award_nomination/nominated_for;/m/05z7c;6.1471887;1;8.079974;1;8.084901;1;0.49876833211163346;2.479642629623413
/m/0gqyl;/award/award_category/winners./award/award_honor/ceremony;/m/073hd1;/m/0gqyl;/award/award_category/winners./award/award_honor/ceremony;/m/0bzkvd;6.1471887;1;8.079974;1;8.07241;2;1.5018911271515494;2.4794797897338867
/m/0gqyl;/award/award_category/winners./award/award_honor/ceremony;/m/073hd1;/m/0gqyl;/award/award_category/nominees./award/award_nomination/nominated_for;/m/0fy66;6.1471887;1;8.079974;1;8.083513;1;0.49911522957644233;2.4833946228027344
/m/0gqyl;/award/award_category/winners./award/award_honor/ceremony;/m/073hd1;/m/0gqyl;/award/award_category/winners./award/award_honor/ceremony;/m/0bzm81;6.1471887;1;8.079974;1;8.068511;2;1.5028657599398052;2.480428457260132
/m/0gqyl;/award/award_category/winners./award/award_honor/ceremony;/m/073hd1;/m/0yxm1;/award/award_winning_work/awards_won./award/award_honor/award;/m/0gqyl;6.1471887;1;8.079974;1;8.082223;1;0.4994378092273923;2.480912208557129
/m/0gqyl;/award/award_category/winners./award/award_honor/ceremony;/m/073hd1;/m/0gqyl;/award/award_category/nominees./award/award_nomination/nominated_for;/m/0cq8qq;6.1471887;1;8.079974;1;8.077601;1;0.5005931851465069;2.4794881343841553
/m/0gqyl;/award/award_category/winners./award/award_honor/ceremony;/m/073hd1;/m/0gqyl;/award/award_category/nominees./award/award_nomination/nominated_for;/m/0sxlb;6.1471887;1;8.079974;1;8.08141;1;0.49964094168159423;2.480276346206665
