00464962;_also_see;01430847;01430847;_also_see;00464962;06608977;_derivationally_related_form;00464962;00464962;_also_see;01926376;;;;10.202566;3.7379673;1;6
01642437;_derivationally_related_form;00240184;01642437;_hypernym;01641914;;;;;;;;;;9.890325;10.648175;1;1
00900070;_derivationally_related_form;00836236;00899927;_hyponym;00900070;;;;;;;;;;10.878998;10.624408;1;1
01015244;_derivationally_related_form;05823932;01015244;_derivationally_related_form;06733939;;;;;;;;;;10.392115;10.095608;1;2
10466198;_derivationally_related_form;00901103;00901103;_derivationally_related_form;10466198;02219940;_derivationally_related_form;10466198;;;;;;;10.532625;0.5955803;1;3075
01745536;_derivationally_related_form;00652659;00652659;_derivationally_related_form;01745536;;;;;;;;;;11.123821;0.44279128;1;9624
06756831;_derivationally_related_form;00835506;00835506;_derivationally_related_form;06756831;;;;;;;;;;10.457862;6.85508;1;1
14545045;_derivationally_related_form;03054551;14399116;_has_part;14545045;14545045;_part_of;14399116;14545045;_hypernym;14544672;;;;11.203501;11.532751;1;1
07367548;_derivationally_related_form;00334186;07367708;_hypernym;07367548;;;;;;;;;;10.465569;10.551338;1;1
01939174;_derivationally_related_form;00447073;01939174;_derivationally_related_form;04235291;00447073;_derivationally_related_form;01939174;01939174;_derivationally_related_form;10610333;;;;10.479172;1.138605;1;1587
13478525;_derivationally_related_form;00229280;13516312;_hypernym;13478525;13478525;_hyponym;13516312;13460568;_hypernym;13478525;;;;10.27309;10.662724;1;1
00486018;_derivationally_related_form;00211593;00486018;_derivationally_related_form;01127379;;;;;;;;;;10.85548;10.50263;1;2
10387196;_derivationally_related_form;04091839;04091839;_derivationally_related_form;10387196;10386984;_hyponym;10387196;;;;;;;11.07373;2.635044;1;6
00785690;_derivationally_related_form;00881441;00881441;_derivationally_related_form;00785690;02163301;_hyponym;00785690;;;;;;;10.961716;2.5790563;1;66
00966869;_derivationally_related_form;02344568;00966869;_derivationally_related_form;01565472;02344568;_derivationally_related_form;00966869;;;;;;;10.912781;7.083411;1;2
00775156;_derivationally_related_form;01170962;00775156;_derivationally_related_form;10498422;00775156;_derivationally_related_form;01170813;01170962;_derivationally_related_form;00775156;;;;9.149775;5.516839;1;11
06714976;_derivationally_related_form;02457825;02457825;_derivationally_related_form;06714976;06715927;_hypernym;06714976;;;;;;;10.86994;0.08040959;1;11363
08062623;_derivationally_related_form;00967625;08062970;_hypernym;08062623;08062623;_derivationally_related_form;01745722;;;;;;;7.245381;7.72216;1;2
05891572;_derivationally_related_form;00708376;05891572;_derivationally_related_form;01632103;05898568;_hyponym;05891572;00708376;_derivationally_related_form;05891572;;;;10.36472;4.0606465;1;20
01031256;_derivationally_related_form;00318186;01031256;_derivationally_related_form;08463647;;;;;;;;;;10.044481;10.178537;1;2
09069862;_has_part;09070363;09070363;_part_of;09069862;09069862;_has_part;09264425;;;;;;;10.656782;2.075463;1;894
12658846;_has_part;07770180;12658846;_hypernym;12658118;;;;;;;;;;11.294193;11.697022;1;1
09207288;_has_part;08848094;09207288;_has_part;08986905;09207288;_has_part;09164561;;;;;;;8.658908;9.552259;1;1
01834896;_hypernym;01834485;01835103;_verb_group;01834896;09355850;_derivationally_related_form;01834896;;;;;;;12.089091;12.728857;1;1
07907161;_hypernym;07906284;07906284;_hyponym;07907161;07907161;_derivationally_related_form;03003744;;;;;;;11.156418;0.094199985;1;2963
02468617;_hypernym;05235879;01896031;_has_part;02468617;;;;;;;;;;11.633388;12.928896;1;1
00364297;_hypernym;02609764;00364297;_derivationally_related_form;00216038;00216038;_derivationally_related_form;00364297;02609764;_hyponym;00364297;;;;10.9725895;0.31046587;1;3157
02573704;_hypernym;02554730;02573704;_member_holonym;02573563;;;;;;;;;;10.194061;10.77672;1;1
02190632;_hypernym;02191106;02191311;_hypernym;02190632;;;;;;;;;;11.449284;11.561963;1;1
01004072;_hypernym;00383606;02032415;_derivationally_related_form;01004072;02709906;_derivationally_related_form;01004072;01004072;_derivationally_related_form;02032415;;;;10.75935;11.064705;1;1
01083645;_hypernym;01083077;01083645;_derivationally_related_form;02294436;;;;;;;;;;10.680487;10.734835;1;1
00471277;_hypernym;00557588;00470966;_has_part;00471277;;;;;;;;;;10.704984;11.810987;1;1
00422551;_hypernym;00421437;00422551;_derivationally_related_form;00071178;00421437;_hyponym;00422551;;;;;;;11.947323;2.292427;1;36
11852255;_hypernym;11573660;11841529;_member_meronym;11852255;;;;;;;;;;10.508957;11.056841;1;1
12150969;_hypernym;12150028;12150969;_member_holonym;12150447;;;;;;;;;;11.7533455;11.702246;1;1
12112008;_hypernym;12102133;12111882;_member_meronym;12112008;12112008;_member_holonym;12111882;;;;;;;10.614458;11.291573;1;1
01985128;_hypernym;01976146;01984958;_member_meronym;01985128;;;;;;;;;;10.71083;11.239191;1;1
00119873;_hypernym;00109660;07425011;_derivationally_related_form;00119873;;;;;;;;;;9.604105;9.547779;1;1
00003826;_hypernym;00001740;14359459;_derivationally_related_form;00003826;00003826;_derivationally_related_form;14359459;;;;;;;10.443242;11.595156;1;1
06284225;_hypernym;13809207;07013549;_has_part;06284225;06284225;_hyponym;07111047;13809207;_hyponym;06284225;;;;10.531737;0.6006208;1;5328
01175316;_hypernym;01173038;00331514;_derivationally_related_form;01175316;;;;;;;;;;10.779848;11.472521;1;1
00467719;_hyponym;00476389;00476389;_hypernym;00467719;;;;;;;;;;10.210217;1.4855366;1;677
05640433;_hyponym;05643190;05643190;_hypernym;05640433;;;;;;;;;;10.320698;-0.12126601;1;18626
10100761;_hyponym;09931165;10100761;_hyponym;10157744;10100761;_hyponym;10096126;10100761;_hyponym;10496393;;;;9.960787;10.483014;1;2
01938850;_hyponym;01949684;01938850;_hyponym;01947275;01938850;_hyponym;01948788;01938850;_hyponym;01942601;;;;9.079084;9.369267;1;3
09624980;_hyponym;10032524;09624980;_hyponym;10727256;09624980;_hyponym;10513623;09624980;_hyponym;10069120;;;;10.166476;10.660621;1;2
10034201;_hyponym;10712690;10034201;_hyponym;10769321;10034201;_hyponym;10037080;10034201;_hyponym;10325957;;;;9.490737;9.742614;1;3
05418717;_hyponym;05371663;05418717;_hyponym;05382729;05418717;_hyponym;05372290;05418717;_hyponym;05370918;;;;8.842764;9.170744;1;1
13649268;_hyponym;13659943;13649268;_hyponym;13658657;;;;;;;;;;9.743021;9.505954;1;2
10770059;_hyponym;10092299;10770059;_hyponym;10407552;10271216;_hypernym;10770059;;;;;;;9.873997;9.997107;1;2
13100156;_hyponym;12766595;13100156;_hyponym;12767648;;;;;;;;;;10.320851;10.1549225;1;1
01887576;_hyponym;01936753;01887576;_hyponym;01948077;01887576;_hyponym;01886728;01936753;_hypernym;01887576;;;;9.592251;2.049964;1;354
12425281;_hyponym;12468243;12425281;_hyponym;12472024;12425281;_hyponym;12460697;12425281;_hyponym;12456845;;;;9.261597;8.835329;1;4
05867413;_hyponym;15257692;05867413;_hyponym;15257416;;;;;;;;;;9.479047;9.898074;1;1
11579418;_hyponym;12670558;11579418;_hyponym;12669641;;;;;;;;;;7.972877;8.127928;1;2
01864707;_hyponym;02475821;01864707;_hyponym;02455584;01864707;_hyponym;02472012;01864707;_hyponym;02477890;;;;7.741118;7.9430847;1;3
01476483;_hyponym;01127215;01476483;_hyponym;01126961;;;;;;;;;;8.947239;9.935114;1;1
00996969;_hyponym;00998604;00996969;_derivationally_related_form;02704349;00998604;_hypernym;00996969;;;;;;;10.124907;-0.8672511;1;39277
05945642;_hyponym;05837957;05837957;_hypernym;05945642;;;;;;;;;;10.430792;0.55991167;1;6861
00646833;_hyponym;01116466;00646833;_hyponym;00646332;;;;;;;;;;9.438116;9.420009;1;1
01503061;_hyponym;01789386;01503061;_hyponym;01524359;;;;;;;;;;8.508758;8.470659;1;2
00826509;_hyponym;00842772;00826509;_hyponym;00823827;;;;;;;;;;9.277353;9.395265;1;2
14866889;_hyponym;12167075;14866889;_hyponym;12585967;14866889;_hyponym;15002959;14866889;_hyponym;03852031;;;;9.28863;9.995308;1;1
10024362;_hyponym;09622745;09622745;_hypernym;10024362;;;;;;;;;;10.792114;-0.042047456;1;11456
10112591;_hyponym;09877951;09954639;_hypernym;10112591;10112591;_hyponym;09945905;10112591;_hyponym;09954639;;;;10.033442;10.660574;1;1
13108841;_hyponym;11653904;13108841;_hyponym;11618861;13108841;_hyponym;11649878;;;;;;;9.065824;9.140945;1;2
10826352;_instance_hypernym;09989502;09989502;_instance_hyponym;10826352;;;;;;;;;;10.311991;8.617723;1;1
08698379;_instance_hyponym;08777544;08698379;_instance_hyponym;08762495;;;;;;;;;;7.994321;8.557766;1;2
10547145;_instance_hyponym;10938363;10547145;_instance_hyponym;10868980;;;;;;;;;;8.31122;8.618957;1;1
01936391;_member_holonym;01936219;01936671;_hypernym;01936391;01936219;_member_meronym;01936391;01936391;_hyponym;01936671;;;;11.628951;2.644563;1;13
12052630;_member_holonym;12039743;12039743;_member_meronym;12052630;;;;;;;;;;11.067581;8.608088;1;1
12060380;_member_holonym;12039743;12039743;_member_meronym;12060380;;;;;;;;;;10.692759;9.254686;1;1
08778061;_member_meronym;09705124;09705124;_member_holonym;08778061;08778061;_part_of;09189411;;;;;;;11.518931;4.160863;1;18
11708181;_member_meronym;11708442;11708181;_hypernym;11564258;;;;;;;;;;11.021535;11.369532;1;1
02454119;_member_meronym;02455310;02454119;_member_meronym;02456505;02454119;_member_meronym;02455584;02454119;_member_meronym;02456147;;;;10.782125;10.848265;1;2
02575766;_member_meronym;02580055;02575766;_member_meronym;02577823;02575766;_member_meronym;02577532;02575766;_member_meronym;02581289;;;;10.566605;10.886887;1;4
11705921;_member_meronym;11706325;11706325;_member_holonym;11705921;11703386;_member_meronym;11705921;;;;;;;11.287817;0.67640185;1;4628
01643092;_member_meronym;01643255;01643092;_hypernym;01626600;;;;;;;;;;12.015888;12.181899;1;1
01424607;_member_meronym;01425076;01424607;_member_holonym;01423757;01424607;_hypernym;01387617;;;;;;;11.837526;12.108109;1;1
02613960;_member_meronym;02614288;02612393;_member_meronym;02613960;02614288;_member_holonym;02613960;;;;;;;11.787937;4.565524;1;203
06090869;_member_of_domain_topic;13590327;06090869;_member_of_domain_topic;05881867;06090869;_member_of_domain_topic;05876469;06090869;_member_of_domain_topic;13587763;;;;7.679206;7.987098;1;2
00543233;_member_of_domain_topic;01728355;00543233;_member_of_domain_topic;01733829;00543233;_member_of_domain_topic;01727052;00543233;_member_of_domain_topic;01732713;;;;9.163761;9.109733;1;3
07006119;_member_of_domain_topic;01720491;07006119;_member_of_domain_topic;01751389;;;;;;;;;;8.859818;8.597403;1;2
08199025;_member_of_domain_topic;00057306;08199025;_member_of_domain_topic;08595054;08199025;_member_of_domain_topic;00056688;08199025;_member_of_domain_topic;00055793;;;;6.8823366;7.5546217;1;3
03401721;_part_of;03791235;03294048;_hyponym;03401721;;;;;;;;;;9.689726;10.094859;1;1
14832193;_synset_domain_topic_of;06079620;14832193;_has_part;14964129;06079620;_member_of_domain_topic;14832193;;;;;;;11.346679;8.332304;1;1
01920698;_synset_domain_topic_of;00523513;01920698;_derivationally_related_form;00288970;00523513;_member_of_domain_topic;01920698;;;;;;;9.898945;5.6836166;1;1
00456596;_verb_group;00456740;00456740;_verb_group;00456596;;;;;;;;;;11.704966;5.33179;1;3
