00464962;_also_see;01430847;01430847;_also_see;00464962;06608977;_derivationally_related_form;00464962;;;;;;;10.202566;4.927921;1;2
01642437;_derivationally_related_form;00240184;01642437;_derivationally_related_form;10434725;00240184;_derivationally_related_form;01642437;;;;;;;9.890325;7.09262;1;2
00900070;_derivationally_related_form;00836236;00836236;_derivationally_related_form;00900070;;;;;;;;;;10.878998;0.43965206;1;5870
01015244;_derivationally_related_form;05823932;01015244;_derivationally_related_form;10703905;01015244;_derivationally_related_form;06643408;;;;;;;10.392115;10.580275;1;1
10466198;_derivationally_related_form;00901103;00901103;_derivationally_related_form;10466198;;;;;;;;;;10.532625;-0.0123874545;1;10478
01745536;_derivationally_related_form;00652659;01745536;_derivationally_related_form;07002992;;;;;;;;;;11.123821;11.358269;1;1
06756831;_derivationally_related_form;00835506;00835506;_derivationally_related_form;06756831;00834259;_derivationally_related_form;06756831;;;;;;;10.457862;7.3362627;1;1
14545045;_derivationally_related_form;03054551;14545045;_hypernym;14544672;03054551;_derivationally_related_form;14545045;;;;;;;11.203501;3.9930935;1;1
07367548;_derivationally_related_form;00334186;00334186;_derivationally_related_form;07367548;;;;;;;;;;10.465569;4.9847193;1;11
01939174;_derivationally_related_form;00447073;00447073;_derivationally_related_form;01939174;01939174;_derivationally_related_form;10610333;;;;;;;10.479172;0.9866056;1;2393
13478525;_derivationally_related_form;00229280;13478525;_hyponym;13516312;13460568;_hypernym;13478525;;;;;;;10.27309;10.543758;1;1
00486018;_derivationally_related_form;00211593;00211593;_derivationally_related_form;00486018;00486018;_derivationally_related_form;00455348;;;;;;;10.85548;4.4529195;1;11
10387196;_derivationally_related_form;04091839;04091839;_derivationally_related_form;10387196;;;;;;;;;;11.07373;2.8345227;1;6
00785690;_derivationally_related_form;00881441;00785690;_derivationally_related_form;10617193;00881441;_derivationally_related_form;00785690;;;;;;;10.961716;1.290188;1;2152
00966869;_derivationally_related_form;02344568;01565472;_derivationally_related_form;00966869;00966869;_derivationally_related_form;01565472;;;;;;;10.912781;10.986783;1;1
00775156;_derivationally_related_form;01170962;00775156;_derivationally_related_form;01170813;01170962;_derivationally_related_form;00775156;;;;;;;9.149775;5.1152515;1;13
06714976;_derivationally_related_form;02457825;06714976;_hyponym;06715927;06715927;_hypernym;06714976;;;;;;;10.86994;10.692356;1;1
08062623;_derivationally_related_form;00967625;08062623;_derivationally_related_form;01745722;;;;;;;;;;7.245381;7.492389;1;2
05891572;_derivationally_related_form;00708376;05898568;_hyponym;05891572;05891572;_derivationally_related_form;01632103;;;;;;;10.36472;10.861826;1;1
01031256;_derivationally_related_form;00318186;01031256;_derivationally_related_form;08463647;01031256;_derivationally_related_form;06796119;;;;;;;10.044481;10.628288;1;1
09069862;_has_part;09070363;09069862;_has_part;09264116;09070363;_part_of;09069862;;;;;;;10.656782;2.0297706;1;980
12658846;_has_part;07770180;07770180;_part_of;12658846;;;;;;;;;;11.294193;0.31403944;1;11111
09207288;_has_part;08848094;09207288;_has_part;08986905;09207288;_has_part;08906374;;;;;;;8.658908;8.748728;1;2
01834896;_hypernym;01834485;01834896;_derivationally_related_form;09355850;01835103;_verb_group;01834896;;;;;;;12.089091;12.269791;1;1
07907161;_hypernym;07906284;03003744;_derivationally_related_form;07907161;;;;;;;;;;11.156418;11.994719;1;1
02468617;_hypernym;05235879;02468617;_part_of;01896031;;;;;;;;;;11.633388;13.271332;1;1
00364297;_hypernym;02609764;02609764;_hyponym;00364297;00216038;_derivationally_related_form;00364297;;;;;;;10.9725895;2.625603;1;10
02573704;_hypernym;02554730;02573704;_member_holonym;02573563;;;;;;;;;;10.194061;11.165728;1;1
01004072;_hypernym;00383606;00383606;_hyponym;01004072;02032415;_derivationally_related_form;01004072;;;;;;;10.75935;1.0015237;1;711
01083645;_hypernym;01083077;01083077;_hyponym;01083645;01083645;_derivationally_related_form;02228698;;;;;;;10.680487;5.5531206;1;2
00471277;_hypernym;00557588;00470966;_has_part;00471277;;;;;;;;;;10.704984;11.332766;1;1
00422551;_hypernym;00421437;00071178;_derivationally_related_form;00422551;;;;;;;;;;11.947323;11.865387;1;1
11852255;_hypernym;11573660;11841529;_member_meronym;11852255;11852255;_member_meronym;11852531;;;;;;;10.508957;10.71211;1;1
12150969;_hypernym;12150028;12150028;_hyponym;12150969;;;;;;;;;;11.7533455;8.858086;1;1
12112008;_hypernym;12102133;12112008;_member_holonym;12111882;;;;;;;;;;10.614458;10.87361;1;1
01985128;_hypernym;01976146;01976146;_hyponym;01985128;01985797;_hypernym;01985128;;;;;;;10.71083;3.3962555;1;4
00119873;_hypernym;00109660;07425011;_derivationally_related_form;00119873;00119873;_derivationally_related_form;02987454;;;;;;;9.604105;9.874413;1;1
00003826;_hypernym;00001740;00001740;_hyponym;00003826;;;;;;;;;;10.443242;0.8296931;1;996
06284225;_hypernym;13809207;06284225;_hyponym;07111047;13809207;_hyponym;06284225;;;;;;;10.531737;1.0237494;1;2073
01175316;_hypernym;01173038;00331514;_derivationally_related_form;01175316;01175316;_derivationally_related_form;01414626;;;;;;;10.779848;10.814087;1;1
00467719;_hyponym;00476389;00467719;_hyponym;00471437;00467719;_hyponym;00468480;;;;;;;10.210217;10.344128;1;1
05640433;_hyponym;05643190;05640433;_hyponym;05642175;;;;;;;;;;10.320698;10.349459;1;2
10100761;_hyponym;09931165;10100761;_hyponym;10157744;10100761;_hyponym;10496393;;;;;;;9.960787;10.143715;1;1
01938850;_hyponym;01949684;01938850;_hyponym;01942601;01938850;_hyponym;01947275;;;;;;;9.079084;9.524838;1;1
09624980;_hyponym;10032524;09624980;_hyponym;10513623;09624980;_hyponym;10727256;;;;;;;10.166476;10.738224;1;1
10034201;_hyponym;10712690;10034201;_hyponym;10769321;10034201;_hyponym;10037080;;;;;;;9.490737;9.78858;1;3
05418717;_hyponym;05371663;05418717;_hyponym;05370918;05418717;_hyponym;05382729;;;;;;;8.842764;8.85532;1;1
13649268;_hyponym;13659943;13649268;_hyponym;13659162;13649268;_hyponym;13659419;;;;;;;9.743021;9.733394;1;1
10770059;_hyponym;10092299;10271216;_hypernym;10770059;10770059;_hyponym;10407552;;;;;;;9.873997;9.861175;1;2
13100156;_hyponym;12766595;13100156;_hyponym;12767648;13100156;_hyponym;11767354;;;;;;;10.320851;10.497955;1;1
01887576;_hyponym;01936753;01887576;_hyponym;01948077;01887576;_hyponym;01886728;;;;;;;9.592251;9.857672;1;2
12425281;_hyponym;12468243;12425281;_hyponym;12472024;12425281;_hyponym;12456845;;;;;;;9.261597;9.03817;1;3
05867413;_hyponym;15257692;05867413;_hyponym;15255641;05867413;_hyponym;15257553;;;;;;;9.479047;9.728949;1;2
11579418;_hyponym;12670558;11579418;_hyponym;12667179;11579418;_hyponym;12661420;;;;;;;7.972877;8.25193;1;2
01864707;_hyponym;02475821;01864707;_hyponym;02455584;01864707;_hyponym;02477890;;;;;;;7.741118;8.115143;1;3
01476483;_hyponym;01127215;01476483;_hyponym;01127075;01476483;_hyponym;01126961;;;;;;;8.947239;9.583044;1;2
00996969;_hyponym;00998604;00996969;_hyponym;00998196;00998604;_hypernym;00996969;;;;;;;10.124907;-1.2932297;1;40522
05945642;_hyponym;05837957;05945642;_hyponym;06149192;05941423;_hyponym;05945642;;;;;;;10.430792;9.951179;1;2
00646833;_hyponym;01116466;00646833;_hyponym;00646332;01116466;_hypernym;00646833;;;;;;;9.438116;2.781299;1;12
01503061;_hyponym;01789386;01503061;_hyponym;01816887;01503061;_hyponym;01838038;;;;;;;8.508758;8.519016;1;2
00826509;_hyponym;00842772;00826509;_hyponym;00841580;00826509;_hyponym;00823669;;;;;;;9.277353;9.269369;1;2
14866889;_hyponym;12167075;14866889;_hyponym;03852031;14866889;_hyponym;15002959;;;;;;;9.28863;10.044634;1;1
10112591;_hyponym;09877951;10112591;_hyponym;09954639;09954639;_hypernym;10112591;;;;;;;10.033442;9.997135;1;1
13108841;_hyponym;11653904;13108841;_hyponym;11618861;13108841;_hyponym;11630489;;;;;;;9.065824;9.259803;1;3
10826352;_instance_hypernym;09989502;09989502;_instance_hyponym;10826352;;;;;;;;;;10.311991;8.209089;1;1
08698379;_instance_hyponym;08777544;08698379;_instance_hyponym;08998560;08698379;_instance_hyponym;08762495;;;;;;;7.994321;8.447248;1;3
10547145;_instance_hyponym;10938363;10547145;_instance_hyponym;10820790;10547145;_instance_hyponym;11086774;;;;;;;8.31122;8.365126;1;3
01936391;_member_holonym;01936219;01936219;_member_meronym;01936391;01937579;_hypernym;01936391;;;;;;;11.628951;4.6139975;1;3
12052630;_member_holonym;12039743;12039743;_member_meronym;12052630;;;;;;;;;;11.067581;8.442228;1;1
12060380;_member_holonym;12039743;11556857;_hyponym;12060380;12060380;_hypernym;11556857;;;;;;;10.692759;10.760269;1;1
08778061;_member_meronym;09705124;09189411;_has_part;08778061;08778061;_part_of;09189411;;;;;;;11.518931;11.604929;1;1
11708181;_member_meronym;11708442;11708442;_member_holonym;11708181;11708181;_member_meronym;11712153;;;;;;;11.021535;5.171795;1;55
02454119;_member_meronym;02455310;02454119;_member_meronym;02456505;02454119;_member_meronym;02456147;;;;;;;10.782125;10.733056;1;2
02575766;_member_meronym;02580055;02575766;_member_meronym;02577823;02575766;_member_meronym;02578604;;;;;;;10.566605;10.858545;1;1
11705921;_member_meronym;11706325;11705921;_member_holonym;11703386;;;;;;;;;;11.287817;11.966404;1;1
01643092;_member_meronym;01643255;01643255;_member_holonym;01643092;01642671;_member_meronym;01643092;;;;;;;12.015888;3.8167572;1;26
01424607;_member_meronym;01425076;01425076;_member_holonym;01424607;01423757;_member_meronym;01424607;;;;;;;11.837526;3.3072624;1;10
02613960;_member_meronym;02614288;02612393;_member_meronym;02613960;;;;;;;;;;11.787937;11.994326;1;1
06090869;_member_of_domain_topic;13590327;06090869;_member_of_domain_topic;05882793;06090869;_member_of_domain_topic;05876469;;;;;;;7.679206;8.226902;1;1
00543233;_member_of_domain_topic;01728355;00543233;_member_of_domain_topic;01733829;00543233;_member_of_domain_topic;01727052;;;;;;;9.163761;8.906952;1;3
07006119;_member_of_domain_topic;01720491;07006119;_member_of_domain_topic;01720773;07006119;_member_of_domain_topic;01751389;;;;;;;8.859818;8.995792;1;1
08199025;_member_of_domain_topic;00057306;08199025;_member_of_domain_topic;00055793;08199025;_member_of_domain_topic;08595054;;;;;;;6.8823366;7.2853513;1;1
03401721;_part_of;03791235;03791235;_has_part;03401721;03294048;_hyponym;03401721;;;;;;;9.689726;6.2395134;1;1
14832193;_synset_domain_topic_of;06079620;14994328;_hyponym;14832193;14832193;_hypernym;14994328;;;;;;;11.346679;11.824852;1;1
01920698;_synset_domain_topic_of;00523513;00523513;_member_of_domain_topic;01920698;;;;;;;;;;9.898945;6.517296;1;1
00456596;_verb_group;00456740;00456740;_verb_group;00456596;05696020;_derivationally_related_form;00456596;;;;;;;11.704966;4.014765;1;5
