/m/02wvfxl;/american_football/football_team/current_roster./american_football/football_roster_position/position;/m/02g_6j;/m/02wvfxl;/american_football/football_team/current_roster./sports/sports_team_roster/position;/m/02g_6j;/m/02wvfxl;/sports/sports_team/roster./american_football/football_roster_position/position;/m/02g_6j;/m/02wvfxl;/american_football/football_team/current_roster./american_football/football_roster_position/position;/m/02g_6x;/m/02wvfxl;/american_football/football_team/current_roster./american_football/football_roster_position/position;/m/047g8h;0.9801970720291138;0.972413957118988;1;3
/m/02sp_v;/award/award_category/nominees./award/award_nomination/award_nominee;/m/011zf2;/m/011zf2;/award/award_nominee/award_nominations./award/award_nomination/award;/m/02sp_v;/m/02sp_v;/award/award_category/nominees./award/award_nomination/award_nominee;/m/03xgm3;/m/02sp_v;/award/award_category/winners./award/award_honor/ceremony;/m/013b2h;;;;0.6989784836769104;0.01106114499270916;1;484
/m/02x4wb;/award/award_category/winners./award/award_honor/award_winner;/m/0c9l1;/m/0c9l1;/award/award_winner/awards_won./award/award_honor/award;/m/02x4wb;;;;;;;;;;0.5164148211479187;0.25089502334594727;1;8
/m/0gqxm;/award/award_category/winners./award/award_honor/ceremony;/m/0bzmt8;/m/0bzmt8;/award/award_ceremony/awards_presented./award/award_honor/award;/m/0gqxm;/m/0gqxm;/award/award_category/category_of;/m/0g_w;/m/0gqxm;/award/award_category/nominees./award/award_nomination/nominated_for;/m/050gkf;/m/0gqxm;/award/award_category/winners./award/award_honor/ceremony;/m/02pgky2;0.8299804925918579;0.5446865558624268;1;6
/m/0gq_v;/award/award_category/winners./award/award_honor/ceremony;/m/0ftlkg;/m/0ftlkg;/award/award_ceremony/awards_presented./award/award_honor/award;/m/0gq_v;/m/0gq_v;/award/award_category/nominees./award/award_nomination/nominated_for;/m/0283_zv;/m/0gq_v;/award/award_category/winners./award/award_honor/honored_for;/m/0ccd3x;/m/0dnw1;/award/award_nominated_work/award_nominations./award/award_nomination/award;/m/0gq_v;0.9362059831619263;0.6075676083564758;1;8
/m/02grdc;/award/award_category/winners./award/award_honor/ceremony;/m/019bk0;/m/019bk0;/award/award_ceremony/awards_presented./award/award_honor/award;/m/02grdc;/m/02grdc;/award/award_category/winners./award/award_honor/ceremony;/m/0jzphpx;/m/02grdc;/award/award_category/winners./award/award_honor/ceremony;/m/01mh_q;/m/02grdc;/award/award_category/winners./award/award_honor/ceremony;/m/09n4nb;0.9336777329444885;0.7784736752510071;1;4
/m/02pz3j5;/award/award_category/winners./award/award_honor/honored_for;/m/0358x_;/m/02pz3j5;/award/award_category/nominees./award/award_nomination/nominated_for;/m/0358x_;/m/0358x_;/award/award_winning_work/awards_won./award/award_honor/award;/m/02pz3j5;/m/0358x_;/award/award_nominated_work/award_nominations./award/award_nomination/award;/m/02pz3j5;/m/02pz3j5;/award/award_category/winners./award/award_honor/honored_for;/m/01b64v;0.8759297132492065;0.44536641240119934;1;3
/m/05p09zm;/award/award_category/winners./award/award_honor/honored_for;/m/01qvz8;/m/01qvz8;/award/award_winning_work/awards_won./award/award_honor/award;/m/05p09zm;/m/01qvz8;/award/award_nominated_work/award_nominations./award/award_nomination/award;/m/05p09zm;/m/05p09zm;/award/award_category/nominees./award/award_nomination/nominated_for;/m/01qvz8;/m/05p09zm;/award/award_category/nominees./award/award_nomination/nominated_for;/m/02qzh2;0.9375768899917603;0.4759783446788788;1;8
/m/0gqzz;/award/award_category/winners./award/award_honor/honored_for;/m/0j6b5;/m/0gqzz;/award/award_category/winners./award/award_honor/award_winner;/m/0534v;/m/0gqzz;/award/award_category/nominees./award/award_nomination/nominated_for;/m/05wp1p;/m/0gqzz;/award/award_category/nominees./award/award_nomination/nominated_for;/m/04f52jw;;;;0.5732699036598206;0.7725059986114502;1;1
/m/09pnw5;/award/award_ceremony/awards_presented./award/award_honor/award;/m/054knh;/m/054knh;/award/award_category/winners./award/award_honor/ceremony;/m/09pnw5;/m/09pnw5;/award/award_ceremony/awards_presented./award/award_honor/award;/m/027s4dn;/m/09pnw5;/award/award_ceremony/awards_presented./award/award_honor/award;/m/04dn09n;/m/09pnw5;/award/award_ceremony/awards_presented./award/award_honor/honored_for;/m/0kfv9;0.9222059845924377;0.09750635921955109;1;14
/m/0hr3c8y;/award/award_ceremony/awards_presented./award/award_honor/award_winner;/m/027dtv3;/m/0hr3c8y;/award/award_ceremony/awards_presented./award/award_honor/award_winner;/m/08w7vj;/m/0hr3c8y;/award/award_ceremony/awards_presented./award/award_honor/award_winner;/m/01wbg84;/m/0hr3c8y;/award/award_ceremony/awards_presented./award/award_honor/award_winner;/m/0dyztm;/m/0hr3c8y;/award/award_ceremony/awards_presented./award/award_honor/award_winner;/m/0f830f;0.9152936935424805;0.8531011343002319;1;5
/m/02q690_;/award/award_ceremony/awards_presented./award/award_honor/award_winner;/m/09px1w;/m/09px1w;/award/award_winner/awards_won./award/award_honor/ceremony;/m/02q690_;/m/02q690_;/award/award_ceremony/awards_presented./award/award_honor/award_winner;/m/07ymr5;/m/02q690_;/award/award_ceremony/awards_presented./award/award_honor/award_winner;/m/02773nt;/m/02q690_;/award/award_ceremony/awards_presented./award/award_honor/award_winner;/m/091yn0;0.8702312707901001;0.07111077755689621;1;85
/m/0sxns;/award/award_nominated_work/award_nominations./award/award_nomination/award;/m/02z0dfh;/m/02z0dfh;/award/award_category/nominees./award/award_nomination/nominated_for;/m/0sxns;/m/0sxns;/award/award_nominated_work/award_nominations./award/award_nomination/award;/m/02qyp19;;;;;;;0.9299383163452148;0.6740193963050842;1;3
/m/05lfwd;/award/award_nominated_work/award_nominations./award/award_nomination/award_nominee;/m/06czyr;/m/06czyr;/award/award_winner/awards_won./award/award_honor/honored_for;/m/05lfwd;/m/05lfwd;/award/award_nominated_work/award_nominations./award/award_nomination/award_nominee;/m/0k2mxq;/m/0k2mxq;/tv/tv_actor/starring_roles./tv/regular_tv_appearance/series;/m/05lfwd;;;;0.8286778330802917;0.541262686252594;1;2
/m/0g60z;/award/award_nominated_work/award_nominations./award/award_nomination/award_nominee;/m/022yb4;/m/022yb4;/tv/tv_actor/starring_roles./tv/regular_tv_appearance/series;/m/0g60z;/m/022yb4;/award/award_nominee/award_nominations./award/award_nomination/nominated_for;/m/0g60z;/m/0g60z;/award/award_nominated_work/award_nominations./award/award_nomination/award_nominee;/m/015p37;/m/0g60z;/award/award_nominated_work/award_nominations./award/award_nomination/award_nominee;/m/02bkdn;0.9265705347061157;0.635029137134552;1;2
/m/018ndc;/award/award_nominee/award_nominations./award/award_nomination/award;/m/026mff;/m/026mff;/award/award_category/nominees./award/award_nomination/award_nominee;/m/018ndc;/m/026mff;/award/award_category/winners./award/award_honor/award_winner;/m/018ndc;/m/018ndc;/award/award_nominee/award_nominations./award/award_nomination/award;/m/01bgqh;/m/026mg3;/award/award_category/nominees./award/award_nomination/award_nominee;/m/018ndc;0.8702867031097412;0.3658318519592285;1;3
/m/02bvt;/award/award_nominee/award_nominations./award/award_nomination/award_nominee;/m/03wh8pq;/m/02bvt;/award/award_winner/awards_won./award/award_honor/award_winner;/m/03wh8pq;/m/02bvt;/award/award_nominee/award_nominations./award/award_nomination/award_nominee;/m/03cws8h;/m/02bvt;/award/award_nominee/award_nominations./award/award_nomination/award_nominee;/m/0d4fqn;/m/02bvt;/award/award_nominee/award_nominations./award/award_nomination/award_nominee;/m/0crx5w;0.9007411599159241;0.7926908135414124;1;4
/m/033jkj;/award/award_nominee/award_nominations./award/award_nomination/award_nominee;/m/033jj1;/m/033jj1;/award/award_winner/awards_won./award/award_honor/award_winner;/m/033jkj;/m/033jj1;/award/award_nominee/award_nominations./award/award_nomination/award_nominee;/m/033jkj;/m/033jkj;/award/award_winner/awards_won./award/award_honor/award_winner;/m/033jj1;/m/017j69;/education/educational_institution/students_graduates./education/education/student;/m/033jkj;0.6457436084747314;0.025410404428839684;1;21
/m/01vhrz;/award/award_nominee/award_nominations./award/award_nomination/award_nominee;/m/067pl7;/m/067pl7;/award/award_nominee/award_nominations./award/award_nomination/award_nominee;/m/01vhrz;/m/01vhrz;/award/award_winner/awards_won./award/award_honor/award_winner;/m/067pl7;/m/01vhrz;/award/award_nominee/award_nominations./award/award_nomination/award_nominee;/m/062cg6;/m/01vhrz;/award/award_nominee/award_nominations./award/award_nomination/award_nominee;/m/066yfh;0.8973788619041443;0.27418044209480286;1;3
/m/06151l;/award/award_nominee/award_nominations./award/award_nomination/nominated_for;/m/01g03q;/m/01g03q;/award/award_nominated_work/award_nominations./award/award_nomination/award_nominee;/m/06151l;/m/06151l;/award/award_winner/awards_won./award/award_honor/honored_for;/m/01g03q;/m/06151l;/award/award_winner/awards_won./award/award_honor/award;/m/0ck27z;/m/02yj7w;/award/award_winner/awards_won./award/award_honor/award_winner;/m/06151l;0.9345377683639526;0.8544708490371704;1;1
/m/03n08b;/award/award_nominee/award_nominations./award/award_nomination/nominated_for;/m/01k0vq;/m/01k0vq;/award/award_nominated_work/award_nominations./award/award_nomination/award_nominee;/m/03n08b;/m/01k0vq;/award/award_winning_work/awards_won./award/award_honor/award_winner;/m/03n08b;/m/03n08b;/award/award_winner/awards_won./award/award_honor/award_winner;/m/02g87m;;;;0.7643117904663086;0.25268518924713135;1;2
/m/044mz_;/award/award_winner/awards_won./award/award_honor/award_winner;/m/044mm6;/m/044mz_;/award/award_winner/awards_won./award/award_honor/award_winner;/m/07f3xb;/m/044mz_;/award/award_winner/awards_won./award/award_honor/award_winner;/m/03_wtr;/m/044mz_;/award/award_winner/awards_won./award/award_honor/award_winner;/m/03_wvl;/m/044mz_;/award/award_winner/awards_won./award/award_honor/award_winner;/m/03_wj_;0.8963642716407776;0.8980129957199097;1;2
/m/02p_ycc;/award/award_winner/awards_won./award/award_honor/award_winner;/m/01dy7j;/m/02p_ycc;/award/award_winner/awards_won./award/award_honor/award_winner;/m/02lfl4;/m/02p_ycc;/award/award_winner/awards_won./award/award_honor/award_winner;/m/02lfcm;/m/02p_ycc;/award/award_winner/awards_won./award/award_honor/award_winner;/m/01r42_g;/m/02p_ycc;/award/award_winner/awards_won./award/award_honor/award_winner;/m/01l1sq;0.9189404845237732;0.7675023674964905;1;5
/m/0gkydb;/award/award_winner/awards_won./award/award_honor/award_winner;/m/018ygt;/m/018ygt;/award/award_nominee/award_nominations./award/award_nomination/award_nominee;/m/0gkydb;/m/018ygt;/award/award_winner/awards_won./award/award_honor/award_winner;/m/0gkydb;/m/0gkydb;/award/award_winner/awards_won./award/award_honor/ceremony;/m/058m5m4;/m/0gkydb;/award/award_winner/awards_won./award/award_honor/award_winner;/m/0pz7h;0.8950084447860718;0.7560142874717712;1;1
/m/01934k;/award/award_winner/awards_won./award/award_honor/award_winner;/m/02l0sf;/m/02l0sf;/award/award_nominee/award_nominations./award/award_nomination/award_nominee;/m/01934k;/m/01934k;/award/award_nominee/award_nominations./award/award_nomination/award_nominee;/m/02l0sf;/m/01934k;/award/award_winner/awards_won./award/award_honor/award_winner;/m/02x0bdb;/m/01934k;/award/award_winner/awards_won./award/award_honor/award_winner;/m/01t9qj_;0.4020538032054901;0.04695302993059158;1;5
/m/057176;/award/award_winner/awards_won./award/award_honor/award_winner;/m/018yj6;/m/018yj6;/award/award_nominee/award_nominations./award/award_nomination/award_nominee;/m/057176;/m/018yj6;/award/award_winner/awards_won./award/award_honor/award_winner;/m/057176;/m/0372kf;/award/award_winner/awards_won./award/award_honor/award_winner;/m/057176;/m/057176;/award/award_winner/awards_won./award/award_honor/award_winner;/m/01pcq3;0.6670295000076294;0.31286975741386414;1;3
/m/01gz9n;/award/award_winner/awards_won./award/award_honor/honored_for;/m/05dmmc;/m/01gz9n;/film/producer/film;/m/05dmmc;/m/05dmmc;/award/award_winning_work/awards_won./award/award_honor/award_winner;/m/01gz9n;/m/05dmmc;/award/award_nominated_work/award_nominations./award/award_nomination/award_nominee;/m/01gz9n;/m/01gz9n;/award/award_nominee/award_nominations./award/award_nomination/nominated_for;/m/05dmmc;0.7767442464828491;0.09260910749435425;1;2
/m/05lb87;/award/award_winner/awards_won./award/award_honor/honored_for;/m/03ln8b;/m/05lb87;/tv/tv_actor/starring_roles./tv/regular_tv_appearance/series;/m/03ln8b;/m/03ln8b;/award/award_winning_work/awards_won./award/award_honor/award_winner;/m/05lb87;/m/05lb87;/award/award_nominee/award_nominations./award/award_nomination/nominated_for;/m/03ln8b;/m/03ln8b;/award/award_nominated_work/award_nominations./award/award_nomination/award_nominee;/m/05lb87;0.9559377431869507;0.292405366897583;1;1
/m/0gvsh7l;/award/award_winning_work/awards_won./award/award_honor/award_winner;/m/07lwsz;/m/0gvsh7l;/award/award_nominated_work/award_nominations./award/award_nomination/award_nominee;/m/07lwsz;/m/07lwsz;/award/award_winner/awards_won./award/award_honor/honored_for;/m/0gvsh7l;/m/07lwsz;/award/award_nominee/award_nominations./award/award_nomination/nominated_for;/m/0gvsh7l;/m/0gvsh7l;/award/award_winning_work/awards_won./award/award_honor/ceremony;/m/0hn821n;0.8413564562797546;0.2894274592399597;1;2
/m/03d34x8;/award/award_winning_work/awards_won./award/award_honor/ceremony;/m/05c1t6z;/m/05c1t6z;/award/award_ceremony/awards_presented./award/award_honor/honored_for;/m/03d34x8;/m/0bdx29;/award/award_category/nominees./award/award_nomination/nominated_for;/m/03d34x8;/m/03d34x8;/award/award_nominated_work/award_nominations./award/award_nomination/award_nominee;/m/05fnl9;/m/07c52;/media_common/netflix_genre/titles;/m/03d34x8;0.8999062180519104;0.4226282238960266;1;1
/m/02sddg;/baseball/baseball_position/players;/m/040j2_;/m/040j2_;/baseball/baseball_player/position_s;/m/02sddg;/m/02sddg;/baseball/baseball_position/players;/m/03n69x;/m/02sddg;/sports/sports_position/players./sports/sports_team_roster/team;/m/0713r;/m/02sddg;/baseball/baseball_position/players;/m/0hcs3;0.7786741852760315;0.4847281277179718;1;3
/m/02bjhv;/business/business_operation/operating_income./measurement_unit/dated_money_value/currency;/m/09nqf;/m/02bjhv;/business/business_operation/assets./measurement_unit/dated_money_value/currency;/m/09nqf;/m/02bjhv;/education/university/local_tuition./measurement_unit/dated_money_value/currency;/m/09nqf;/m/02bjhv;/education/educational_institution_campus/educational_institution;/m/02bjhv;/m/060c4;/organization/role/leaders./organization/leadership/organization;/m/02bjhv;0.9986886382102966;0.9975259900093079;1;1
/m/031rp3;/business/employer/employees./business/employment_tenure/person;/m/03qncl3;/m/03qncl3;/organization/organization_founder/organizations_founded;/m/031rp3;/m/03qncl3;/business/board_member/organization_board_memberships./organization/organization_board_membership/organization;/m/031rp3;/m/03qncl3;/people/person/employment_history./business/employment_tenure/company;/m/031rp3;;;;0.7971668839454651;0.03288786858320236;1;5
/m/02_01w;/celebrities/celebrity/sexual_relationships./celebrities/romantic_relationship/celebrity;/m/08b8vd;/m/08b8vd;/celebrities/celebrity/sexual_relationships./celebrities/romantic_relationship/celebrity;/m/02_01w;/m/02_01w;/base/popstra/celebrity/dated./base/popstra/dated/participant;/m/08b8vd;/m/08b8vd;/base/popstra/celebrity/dated./base/popstra/dated/participant;/m/02_01w;;;;0.504016637802124;0.0005026755970902741;1;505
/m/01mskc3;/common/topic/webpage./common/webpage/category;/m/08mbj5d;/m/08mbj5d;/common/annotation_category/annotations./common/webpage/topic;/m/01mskc3;/m/01mskc3;/people/person/places_lived./people/place_lived/location;/m/0f2v0;/m/01mskc3;/people/person/gender;/m/05zppz;;;;0.9855861067771912;0.5305350422859192;1;1
/m/021s9n;/education/educational_institution/school_type;/m/05pcjw;/m/021s9n;/education/university/local_tuition./measurement_unit/dated_money_value/currency;/m/09nqf;/m/021s9n;/education/educational_institution/school_type;/m/01rs41;;;;;;;0.3279170095920563;0.8091559410095215;1;2
/m/0cwx_;/education/university/fraternities_and_sororities;/m/04m8fy;/m/04m8fy;/education/fraternity_sorority/colleges_and_universities;/m/0cwx_;/m/0cwx_;/education/educational_institution/campuses;/m/0cwx_;/m/037mh8;/education/field_of_study/students_majoring./education/education/institution;/m/0cwx_;;;;0.4387112855911255;0.03798774257302284;1;3
/m/01j5ts;/film/actor/film./film/performance/film;/m/03kxj2;/m/03kxj2;/film/film/starring./film/performance/actor;/m/01j5ts;/m/01j5ts;/award/award_nominee/award_nominations./award/award_nomination/nominated_for;/m/03kxj2;/m/0gkts9;/award/award_category/nominees./award/award_nomination/award_nominee;/m/01j5ts;;;;0.7671808004379272;0.2267923504114151;1;1
/m/01yzhn;/film/actor/film./film/performance/film;/m/0y_yw;/m/0y_yw;/film/film/starring./film/performance/actor;/m/01yzhn;;;;;;;;;;0.08123969286680222;0.0024190673138946295;1;108
/m/011zd3;/film/actor/film./film/performance/film;/m/09146g;/m/09146g;/film/film/starring./film/performance/actor;/m/011zd3;/m/06ztvyx;/film/film/starring./film/performance/actor;/m/011zd3;/m/011zd3;/film/actor/film./film/performance/film;/m/06ztvyx;;;;0.416183203458786;0.0005797973717562854;1;1330
/m/05kwx2;/film/actor/film./film/performance/film;/m/02wk7b;/m/02wk7b;/film/film/starring./film/performance/actor;/m/05kwx2;/m/05kwx2;/award/award_nominee/award_nominations./award/award_nomination/nominated_for;/m/02wk7b;;;;;;;0.5641483068466187;0.02143881656229496;1;90
/m/016gr2;/film/actor/film./film/performance/special_performance_type;/m/0147fv;/m/0147fv;/film/special_film_performance_type/film_performance_type./film/performance/actor;/m/016gr2;/m/021gzd;/film/film/starring./film/performance/actor;/m/016gr2;/m/051wwp;/award/award_winner/awards_won./award/award_honor/award_winner;/m/016gr2;;;;0.9904357194900513;0.9633245468139648;1;1
/m/016ztl;/film/film/country;/m/03_3d;/m/016ztl;/film/film/language;/m/03_9r;;;;;;;;;;0.7335631251335144;0.7686102390289307;1;2
/m/0gy7bj4;/film/film/distributors./film/film_film_distributor_relationship/distributor;/m/024rbz;/m/024rbz;/film/film_distributor/films_distributed./film/film_film_distributor_relationship/film;/m/0gy7bj4;/m/0gq_v;/award/award_category/nominees./award/award_nomination/nominated_for;/m/0gy7bj4;;;;;;;0.5888993144035339;0.4649995267391205;1;1
/m/0gyv0b4;/film/film/distributors./film/film_film_distributor_relationship/distributor;/m/03xq0f;/m/03xq0f;/film/film_distributor/films_distributed./film/film_film_distributor_relationship/film;/m/0gyv0b4;/m/0gyv0b4;/film/film/distributors./film/film_film_distributor_relationship/distributor;/m/0jz9f;/m/0gyv0b4;/film/film/starring./film/performance/actor;/m/011zd3;/m/0gyv0b4;/film/film/written_by;/m/0693l;0.7811894416809082;0.37221723794937134;1;3
/m/0bh8x1y;/film/film/film_festivals;/m/0gg7gsl;/m/0gg7gsl;/film/film_festival_event/films;/m/0bh8x1y;/m/0bh8x1y;/film/film/executive_produced_by;/m/02z2xdf;/m/0bh8x1y;/film/film/film_festivals;/m/0g57ws5;;;;0.6660453677177429;0.3837623596191406;1;2
/m/06q8qh;/film/film/genre;/m/04t36;/m/04t36;/film/film_genre/films_in_this_genre;/m/06q8qh;/m/04t36;/media_common/netflix_genre/titles;/m/06q8qh;/m/06q8qh;/media_common/netflix_title/netflix_genres;/m/04t36;/m/05h5nb8;/award/award_category/nominees./award/award_nomination/nominated_for;/m/06q8qh;0.9734969735145569;0.33884578943252563;1;5
/m/027m5wv;/film/film/music;/m/0fpjyd;/m/0fpjyd;/award/award_nominee/award_nominations./award/award_nomination/nominated_for;/m/027m5wv;;;;;;;;;;0.6447175145149231;0.19570334255695343;1;1
/m/0hfzr;/film/film/other_crew./film/film_crew_gig/crewmember;/m/0b79gfg;/m/0b79gfg;/award/award_nominee/award_nominations./award/award_nomination/nominated_for;/m/0hfzr;/m/0b79gfg;/film/film_crewmember/films_crewed./film/film_crew_gig/film;/m/0hfzr;/m/0hfzr;/award/award_nominated_work/award_nominations./award/award_nomination/award_nominee;/m/0h5g_;;;;0.9267066717147827;0.28766268491744995;1;1
/m/03nsm5x;/film/film/other_crew./film/film_crew_gig/film_crew_role;/m/02r96rf;/m/03nsm5x;/film/film/release_date_s./film/film_regional_release_date/film_release_region;/m/03gj2;/m/02vxfw_;/film/film_job/films_with_this_crew_job./film/film_crew_gig/film;/m/03nsm5x;/m/03nsm5x;/film/film/release_date_s./film/film_regional_release_date/film_release_region;/m/0f8l9c;/m/03nsm5x;/film/film/other_crew./film/film_crew_gig/film_crew_role;/m/0ch6mp2;0.7957554459571838;0.8510726094245911;1;2
/m/011ywj;/film/film/release_date_s./film/film_regional_release_date/film_release_distribution_medium;/m/029j_;/m/011ywj;/award/award_nominated_work/award_nominations./award/award_nomination/award;/m/09td7p;/m/011ywj;/film/film/other_crew./film/film_crew_gig/film_crew_role;/m/09zzb8;/m/011ywj;/award/award_winning_work/awards_won./award/award_honor/award;/m/019f4v;/m/011ywj;/film/film/genre;/m/05p553;0.9929304122924805;0.9980728626251221;1;1
/m/0bz6sq;/film/film/release_date_s./film/film_regional_release_date/film_release_distribution_medium;/m/029j_;/m/015vq_;/film/actor/film./film/performance/film;/m/0bz6sq;/m/0686zv;/film/actor/film./film/performance/film;/m/0bz6sq;/m/04t36;/film/film_genre/films_in_this_genre;/m/0bz6sq;/m/05q5t0b;/award/award_category/nominees./award/award_nomination/nominated_for;/m/0bz6sq;0.9984719157218933;0.9990324974060059;1;1
/m/04ddm4;/film/film/release_date_s./film/film_regional_release_date/film_release_region;/m/059j2;/m/04ddm4;/film/film/country;/m/09c7w0;/m/04ddm4;/film/film/genre;/m/02n4kr;/m/04ddm4;/film/film/release_date_s./film/film_regional_release_date/film_release_region;/m/0d0vqn;;;;0.9154000282287598;0.8441677689552307;1;1
/m/02fqrf;/film/film/release_date_s./film/film_regional_release_date/film_release_region;/m/02vzc;/m/02fqrf;/film/film/release_date_s./film/film_regional_release_date/film_release_region;/m/0d0vqn;/m/02fqrf;/film/film/release_date_s./film/film_regional_release_date/film_release_region;/m/06npd;/m/02fqrf;/film/film/release_date_s./film/film_regional_release_date/film_release_region;/m/015qh;/m/02fqrf;/film/film/release_date_s./film/film_regional_release_date/film_release_region;/m/03gj2;0.9749817848205566;0.947586715221405;1;3
/m/027pfg;/film/film/release_date_s./film/film_regional_release_date/film_release_region;/m/0154j;/m/027pfg;/film/film/release_date_s./film/film_regional_release_date/film_release_region;/m/015qh;/m/027pfg;/film/film/release_date_s./film/film_regional_release_date/film_release_region;/m/015fr;/m/027pfg;/film/film/release_date_s./film/film_regional_release_date/film_release_region;/m/0chghy;/m/027pfg;/film/film/release_date_s./film/film_regional_release_date/film_release_region;/m/07ssc;0.9729906916618347;0.9062641859054565;1;5
/m/05z43v;/film/film/starring./film/performance/actor;/m/0b_dy;/m/05z43v;/award/award_nominated_work/award_nominations./award/award_nomination/award_nominee;/m/0b_dy;/m/05z43v;/award/award_winning_work/awards_won./award/award_honor/award_winner;/m/0b_dy;;;;;;;0.5378233790397644;0.1685563325881958;1;4
/m/01gkp1;/film/film/written_by;/m/01q_ph;/m/01q_ph;/film/writer/film;/m/01gkp1;/m/01gkp1;/film/film/executive_produced_by;/m/01q_ph;/m/01gkp1;/award/award_nominated_work/award_nominations./award/award_nomination/award_nominee;/m/01q_ph;/m/01q_ph;/film/producer/films_executive_produced;/m/01gkp1;0.35493022203445435;0.05181819945573807;1;4
/m/061dn_;/film/film_distributor/films_distributed./film/film_film_distributor_relationship/film;/m/0dgst_d;/m/061dn_;/film/production_company/films;/m/0dgst_d;/m/0dgst_d;/film/film/distributors./film/film_film_distributor_relationship/distributor;/m/061dn_;/m/06q8hf;/organization/organization_founder/organizations_founded;/m/061dn_;/m/061dn_;/film/film_distributor/films_distributed./film/film_film_distributor_relationship/film;/m/09gq0x5;0.9473546147346497;0.5481244325637817;1;5
/m/0bj8m2;/film/film_genre/films_in_this_genre;/m/0fgrm;/m/0fgrm;/film/film/genre;/m/0bj8m2;/m/0bj8m2;/film/film_genre/films_in_this_genre;/m/0b60sq;;;;;;;0.7984804511070251;0.07563311606645584;1;50
/m/050z2;/film/music_contributor/film;/m/035yn8;/m/035yn8;/film/film/music;/m/050z2;/m/050z2;/people/person/place_of_birth;/m/0b_yz;;;;;;;0.07324250787496567;3.686904892674647e-05;1;7526
/m/01nz1q6;/film/person_or_entity_appearing_in_film/films./film/personal_film_appearance/film;/m/0bx_hnp;/m/0bx_hnp;/film/film/personal_appearances./film/personal_film_appearance/person;/m/01nz1q6;/m/01nz1q6;/influence/influence_node/peers./influence/peer_relationship/peers;/m/01vsl3_;/m/02hnl;/music/performance_role/regular_performances./music/group_membership/member;/m/01nz1q6;;;;0.7153393030166626;0.10455039888620377;1;3
/m/0b_fw;/film/person_or_entity_appearing_in_film/films./film/personal_film_appearance/type_of_appearance;/m/0147fv;/m/0147fv;/film/personal_film_appearance_type/film_appearances./film/personal_film_appearance/person;/m/0b_fw;/m/02hrh1q;/people/profession/people_with_this_profession;/m/0b_fw;/m/0b_fw;/film/actor/film./film/performance/film;/m/0bx0l;/m/01g7zj;/people/ethnicity/people;/m/0b_fw;0.9961961507797241;0.9675722718238831;1;1
/m/06q8hf;/film/producer/films_executive_produced;/m/07h9gp;/m/07h9gp;/film/film/executive_produced_by;/m/06q8hf;/m/06q8hf;/film/producer/films_executive_produced;/m/03l6q0;;;;;;;0.9725517630577087;0.899946391582489;1;2
/m/07t_x;/location/country/form_of_government;/m/01d9r3;/m/01d9r3;/government/form_of_government/countries;/m/07t_x;/m/06qd3;/location/statistical_region/places_exported_to./location/imports_and_exports/exported_to;/m/07t_x;/m/02qkt;/location/location/contains;/m/07t_x;/m/07t_x;/location/statistical_region/gdp_real./measurement_unit/adjusted_money_value/adjustment_currency;/m/09nqf;0.970550537109375;0.7319641709327698;1;1
/m/0xddr;/location/hud_foreclosure_area/estimated_number_foreclosures./measurement_unit/dated_integer/source;/m/0jbk9;/m/0xddr;/location/hud_foreclosure_area/hhuniv./measurement_unit/dated_integer/source;/m/0jbk9;/m/0xddr;/location/hud_foreclosure_area/estimated_number_of_mortgages./measurement_unit/dated_integer/source;/m/0jbk9;/m/0xddr;/location/hud_county_place/place;/m/0xddr;/m/0xddr;/base/biblioness/bibs_location/state;/m/04ykg;0.9984239339828491;0.9967888593673706;1;1
/m/0n2sh;/location/hud_foreclosure_area/total_residential_addresses./measurement_unit/dated_integer/source;/m/0jbk9;/m/0n2sh;/location/hud_foreclosure_area/estimated_number_foreclosures./measurement_unit/dated_integer/source;/m/0jbk9;/m/0n2sh;/location/hud_foreclosure_area/estimated_number_of_mortgages./measurement_unit/dated_integer/source;/m/0jbk9;/m/0n2sh;/location/location/adjoin_s./location/adjoining_relationship/adjoins;/m/0fxz4;/m/0fxz4;/location/location/adjoin_s./location/adjoining_relationship/adjoins;/m/0n2sh;0.9981411695480347;0.9926816821098328;1;1
/m/0tbql;/location/location/contains;/m/01lnyf;/m/01lnyf;/organization/organization/headquarters./location/mailing_address/citytown;/m/0tbql;/m/01lnyf;/location/location/containedby;/m/0tbql;/m/0tbql;/base/biblioness/bibs_location/state;/m/0488g;/m/02fqwt;/time/time_zone/locations_in_this_time_zone;/m/0tbql;0.5486587882041931;0.004696633201092482;1;39
/m/03676;/location/statistical_region/gdp_real./measurement_unit/adjusted_money_value/adjustment_currency;/m/09nqf;/m/03676;/location/statistical_region/gni_per_capita_in_ppp_dollars./measurement_unit/dated_money_value/currency;/m/09nqf;/m/03676;/location/statistical_region/gdp_nominal./measurement_unit/dated_money_value/currency;/m/09nqf;/m/03676;/location/statistical_region/gni_in_ppp_dollars./measurement_unit/dated_money_value/currency;/m/09nqf;/m/03676;/organization/organization_member/member_of./organization/organization_membership/organization;/m/02vk52z;0.998267412185669;0.9956603646278381;1;1
/m/0n5yh;/location/us_county/hud_county_place;/m/0xhj2;/m/0n5yh;/location/location/contains;/m/0xhj2;/m/0n5yh;/location/administrative_division/capital./location/administrative_division_capital_relationship/capital;/m/0xhj2;/m/0n5yh;/location/us_county/county_seat;/m/0xhj2;/m/0xhj2;/location/hud_county_place/county;/m/0n5yh;0.7293744087219238;0.007951064966619015;1;19
/m/0c3351;/media_common/netflix_genre/titles;/m/02c6d;/m/02c6d;/media_common/netflix_title/netflix_genres;/m/0c3351;/m/0c3351;/media_common/netflix_genre/titles;/m/017z49;/m/0c3351;/media_common/netflix_genre/titles;/m/05cj_j;/m/0c3351;/media_common/netflix_genre/titles;/m/02q0k7v;0.9521106481552124;0.9039748311042786;1;3
/m/01wj18h;/music/artist/genre;/m/02w4v;/m/02w4v;/music/genre/artists;/m/01wj18h;/m/01wj18h;/music/artist/genre;/m/06by7;/m/01wj18h;/music/artist/genre;/m/0y3_8;;;;0.6995658278465271;0.00897543877363205;1;74
/m/0232lm;/music/artist/label;/m/01dtcb;/m/01dtcb;/music/record_label/artist;/m/0232lm;;;;;;;;;;0.7550284266471863;0.05375991016626358;1;6
/m/0xhtw;/music/genre/artists;/m/01wkmgb;/m/01wkmgb;/music/artist/genre;/m/0xhtw;/m/0xhtw;/music/genre/subgenre;/m/0173b0;/m/0xhtw;/music/genre/artists;/m/01gf5h;;;;0.8840548396110535;0.5340006947517395;1;29
/m/01w4c9;/music/performance_role/regular_performances./music/group_membership/role;/m/0l14md;/m/0l14md;/music/performance_role/regular_performances./music/group_membership/role;/m/01w4c9;/m/0l14md;/music/performance_role/guest_performances./music/recording_contribution/performance_role;/m/01w4c9;/m/02dlh2;/music/performance_role/guest_performances./music/recording_contribution/performance_role;/m/01w4c9;/m/01w4c9;/music/performance_role/regular_performances./music/group_membership/role;/m/0342h;0.9899236559867859;0.9480100274085999;1;2
/m/069d71;/olympics/olympic_athlete/medals_won./olympics/olympic_medal_honor/olympics;/m/06sks6;/m/069d71;/olympics/olympic_athlete/country./olympics/olympic_athlete_affiliation/olympics;/m/06sks6;/m/06sks6;/olympics/olympic_games/medals_awarded./olympics/olympic_medal_honor/medalist;/m/069d71;/m/06sks6;/olympics/olympic_games/athletes./olympics/olympic_athlete_affiliation/athlete;/m/069d71;/m/069d71;/people/person/nationality;/m/09c7w0;0.9804518818855286;0.724199116230011;1;1
/m/0kbvv;/olympics/olympic_games/sports;/m/03tmr;/m/03tmr;/olympics/olympic_sport/olympic_games_contested;/m/0kbvv;/m/0kbvv;/user/jg/default_domain/olympic_games/sports;/m/03tmr;/m/03tmr;/olympics/olympic_sport/athletes./olympics/olympic_athlete_affiliation/olympics;/m/0kbvv;/m/0d060g;/olympics/olympic_participating_country/athletes./olympics/olympic_athlete_affiliation/olympics;/m/0kbvv;0.9724242687225342;0.8910460472106934;1;1
/m/035qy;/olympics/olympic_participating_country/athletes./olympics/olympic_athlete_affiliation/sport;/m/07jbh;/m/07jbh;/olympics/olympic_sport/athletes./olympics/olympic_athlete_affiliation/country;/m/035qy;/m/035qy;/olympics/olympic_participating_country/medals_won./olympics/olympic_medal_honor/olympics;/m/0kbvb;/m/035qy;/military/military_combatant/military_conflicts./military/military_combatant_group/combatants;/m/06f32;;;;0.9606497883796692;0.8433907628059387;1;2
/m/0h7x;/olympics/olympic_participating_country/athletes./olympics/olympic_athlete_affiliation/sport;/m/035d1m;/m/035d1m;/olympics/olympic_sport/athletes./olympics/olympic_athlete_affiliation/country;/m/0h7x;/m/06npd;/location/location/adjoin_s./location/adjoining_relationship/adjoins;/m/0h7x;;;;;;;0.8895112872123718;0.7538115382194519;1;4
/m/019pcs;/olympics/olympic_participating_country/medals_won./olympics/olympic_medal_honor/medal;/m/02lq67;/m/02lq67;/olympics/olympic_medal/medal_winners./olympics/olympic_medal_honor/country;/m/019pcs;/m/019pcs;/olympics/olympic_participating_country/medals_won./olympics/olympic_medal_honor/olympics;/m/0lbbj;/m/019pcs;/olympics/olympic_participating_country/athletes./olympics/olympic_athlete_affiliation/olympics;/m/018ctl;;;;0.9611080884933472;0.9120340347290039;1;1
/m/01gqfm;/olympics/olympic_sport/athletes./olympics/olympic_athlete_affiliation/country;/m/06bnz;/m/01gqfm;/olympics/olympic_sport/athletes./olympics/olympic_athlete_affiliation/country;/m/0154j;/m/0jdk_;/olympics/olympic_games/athletes./olympics/olympic_athlete_affiliation/sport;/m/01gqfm;/m/01gqfm;/olympics/olympic_sport/athletes./olympics/olympic_athlete_affiliation/country;/m/015fr;/m/01gqfm;/olympics/olympic_sport/athletes./olympics/olympic_athlete_affiliation/country;/m/0d060g;0.8725818991661072;0.8916846513748169;1;4
/m/019tzd;/olympics/olympic_sport/athletes./olympics/olympic_athlete_affiliation/country;/m/03_3d;/m/03_3d;/olympics/olympic_participating_country/athletes./olympics/olympic_athlete_affiliation/sport;/m/019tzd;/m/019tzd;/olympics/olympic_sport/athletes./olympics/olympic_athlete_affiliation/country;/m/0d060g;;;;;;;0.8822088241577148;0.7953541874885559;1;3
/m/0486tv;/olympics/olympic_sport/athletes./olympics/olympic_athlete_affiliation/country;/m/01znc_;/m/01znc_;/olympics/olympic_participating_country/athletes./olympics/olympic_athlete_affiliation/sport;/m/0486tv;/m/0blg2;/olympics/olympic_games/sports;/m/0486tv;/m/0486tv;/olympics/olympic_sport/athletes./olympics/olympic_athlete_affiliation/country;/m/035qy;/m/0486tv;/olympics/olympic_sport/athletes./olympics/olympic_athlete_affiliation/country;/m/0d0kn;0.9634529948234558;0.7668209075927734;1;5
/m/0d02km;/people/person/gender;/m/05zppz;/m/0d02km;/award/award_winner/awards_won./award/award_honor/award_winner;/m/02bj6k;/m/02bj6k;/award/award_nominee/award_nominations./award/award_nomination/award_nominee;/m/0d02km;;;;;;;0.9962124824523926;0.9934645295143127;1;1
/m/03q3sy;/people/person/gender;/m/05zppz;/m/03q3sy;/award/award_winner/awards_won./award/award_honor/honored_for;/m/05t0_2v;/m/09jwl;/people/profession/people_with_this_profession;/m/03q3sy;/m/03q3sy;/tv/tv_actor/starring_roles./tv/regular_tv_appearance/series;/m/02hct1;;;;0.984017550945282;0.9868740439414978;1;1
/m/01r6jt2;/people/person/places_lived./people/place_lived/location;/m/04jpl;/m/04jpl;/location/location/people_born_here;/m/01r6jt2;/m/01r6jt2;/music/artist/origin;/m/04jpl;/m/01r6jt2;/people/person/place_of_birth;/m/04jpl;;;;0.9153560996055603;0.4671603739261627;1;2
/m/01yfm8;/people/person/profession;/m/09jwl;/m/09jwl;/people/profession/people_with_this_profession;/m/01yfm8;/m/01yfm8;/people/person/education./education/education/institution;/m/06182p;;;;;;;0.6309396028518677;0.15958978235721588;1;3
/m/0d0mbj;/people/person/profession;/m/025352;/m/025352;/people/profession/people_with_this_profession;/m/0d0mbj;/m/0d0mbj;/people/person/profession;/m/01c72t;;;;;;;0.6687495708465576;0.1942375898361206;1;5
/m/04bdzg;/people/person/profession;/m/02hrh1q;/m/02hrh1q;/people/profession/people_with_this_profession;/m/04bdzg;/m/017149;/award/award_nominee/award_nominations./award/award_nomination/award_nominee;/m/04bdzg;/m/0147fv;/film/special_film_performance_type/film_performance_type./film/performance/actor;/m/04bdzg;/m/0391jz;/base/popstra/celebrity/dated./base/popstra/dated/participant;/m/04bdzg;0.9806542992591858;0.8533673882484436;1;1
/m/046rfv;/people/person/profession;/m/02hrh1q;/m/02hrh1q;/people/profession/people_with_this_profession;/m/046rfv;/m/046rfv;/people/person/profession;/m/0d1pc;/m/02t8yb;/people/profession/people_with_this_profession;/m/046rfv;/m/046rfv;/people/person/place_of_birth;/m/0c8tk;0.9677791595458984;0.6886757612228394;1;2
/m/01w_10;/people/person/profession;/m/0kyk;/m/0kyk;/people/profession/people_with_this_profession;/m/01w_10;/m/01w_10;/award/award_nominee/award_nominations./award/award_nomination/award_nominee;/m/02v0ff;/m/06szd3;/award/hall_of_fame/inductees./award/hall_of_fame_induction/inductee;/m/01w_10;/m/01w_10;/film/actor/film./film/performance/special_performance_type;/m/01pb34;0.9262527227401733;0.6033605337142944;1;2
/m/01nd6v;/people/person/profession;/m/02hrh1q;/m/02hrh1q;/people/profession/people_with_this_profession;/m/01nd6v;/m/01nd6v;/people/person/profession;/m/0np9r;/m/01nd6v;/people/person/education./education/education/institution;/m/08815;/m/08815;/education/educational_institution/students_graduates./education/education/student;/m/01nd6v;0.9774188995361328;0.9181980490684509;1;2
/m/01ggbx;/people/person/profession;/m/02jknp;/m/02jknp;/people/profession/people_with_this_profession;/m/01ggbx;/m/01ggbx;/people/person/profession;/m/01d_h8;/m/01ggbx;/people/person/profession;/m/0dxtg;/m/01ggbx;/people/person/ethnicity;/m/01rv7x;0.9324411749839783;0.2823842763900757;1;4
/m/046qq;/people/person/spouse_s./people/marriage/type_of_union;/m/04ztj;/m/04ztj;/people/marriage_union_type/unions_of_this_type./people/marriage/spouse;/m/046qq;/m/01rzqj;/base/popstra/celebrity/friendship./base/popstra/friendship/participant;/m/046qq;/m/046qq;/award/award_nominee/award_nominations./award/award_nomination/award;/m/07cbcy;;;;0.9984357953071594;0.9966378211975098;1;1
/m/0dgd_;/people/profession/people_with_this_profession;/m/07xr3w;/m/0dgd_;/people/profession/people_with_this_profession;/m/0jsw9l;/m/0dgd_;/people/profession/people_with_this_profession;/m/02vx4c2;/m/0dgd_;/people/profession/people_with_this_profession;/m/07djnx;/m/0dgd_;/people/profession/people_with_this_profession;/m/069_0y;0.8465365767478943;0.8552570343017578;1;3
/m/046fz5;/soccer/football_team/current_roster./sports/sports_team_roster/position;/m/02sdk9v;/m/02sdk9v;/sports/sports_position/players./sports/sports_team_roster/team;/m/046fz5;/m/046fz5;/sports/sports_team/roster./soccer/football_roster_position/position;/m/02sdk9v;/m/046fz5;/sports/sports_team/roster./sports/sports_team_roster/position;/m/02sdk9v;/m/046fz5;/sports/sports_team/roster./sports/sports_team_roster/player;/m/0b7l1f;0.9502758979797363;0.7918382883071899;1;1
/m/02g_6x;/sports/sports_position/players./american_football/football_roster_position/team;/m/070xg;/m/070xg;/sports/sports_team/roster./american_football/football_roster_position/position;/m/02g_6x;/m/070xg;/american_football/football_team/historical_roster./sports/sports_team_roster/position;/m/02g_6x;/m/070xg;/american_football/football_team/current_roster./american_football/football_roster_position/position;/m/02g_6x;/m/070xg;/sports/sports_team/roster./sports/sports_team_roster/position;/m/02g_6x;0.9586308002471924;0.8992091417312622;1;1
/m/01y3v;/sports/sports_team/roster./american_football/football_historical_roster_position/player;/m/019y64;/m/019y64;/american_football/football_player/former_teams./american_football/football_historical_roster_position/team;/m/01y3v;/m/019y64;/american_football/football_player/former_teams./sports/sports_team_roster/team;/m/01y3v;/m/01y3v;/american_football/football_team/historical_roster./sports/sports_team_roster/player;/m/019y64;/m/019y64;/sports/pro_athlete/teams./american_football/football_historical_roster_position/team;/m/01y3v;0.7558310627937317;0.02275010198354721;1;6
/m/084l5;/sports/sports_team/roster./american_football/football_historical_roster_position/position_s;/m/06b1q;/m/084l5;/american_football/football_team/historical_roster./american_football/football_historical_roster_position/position_s;/m/06b1q;/m/084l5;/american_football/football_team/historical_roster./sports/sports_team_roster/position;/m/06b1q;/m/084l5;/sports/sports_team/roster./american_football/football_historical_roster_position/position_s;/m/02g_6x;;;;0.9303288459777832;0.791297435760498;1;2
/m/019mdt;/sports/sports_team/roster./soccer/football_roster_position/position;/m/02sdk9v;/m/02sdk9v;/sports/sports_position/players./soccer/football_roster_position/team;/m/019mdt;/m/019mdt;/soccer/football_team/current_roster./sports/sports_team_roster/position;/m/02sdk9v;/m/019mdt;/sports/sports_team/roster./soccer/football_roster_position/position;/m/0dgrmp;/m/019mdt;/sports/sports_team/roster./soccer/football_roster_position/position;/m/02nzb8;0.9864288568496704;0.9100879430770874;1;3
/m/06pqy_;/sports/sports_team/roster./sports/sports_team_roster/position;/m/02sdk9v;/m/02sdk9v;/sports/sports_position/players./soccer/football_roster_position/team;/m/06pqy_;/m/02sdk9v;/sports/sports_position/players./sports/sports_team_roster/team;/m/06pqy_;/m/06pqy_;/sports/sports_team/roster./sports/sports_team_roster/position;/m/02nzb8;/m/06pqy_;/sports/sports_team/roster./sports/sports_team_roster/position;/m/02_j1w;0.926794171333313;0.7692021131515503;1;3
